--NUEVOs USUARIOS

INSERT INTO USERS (ID, NAME, EMAIL, NOMBRE, APELLIDO, ID_DEPENDENCIA, ESTADO, REPARTO_HABILITADO) VALUES (1,'ForsecurityDiscUno','ForsecurityDiscUno@perbogota.gov.co','Diego','ForsecurityDiscUno',413,1,1);
INSERT INTO USERS (ID, NAME, EMAIL, NOMBRE, APELLIDO, ID_DEPENDENCIA, ESTADO, REPARTO_HABILITADO) VALUES (2,'ForsecurityDiscDos','ForsecurityDiscDos@perbogota.gov.co','Gabriela','ForsecurityDiscDos',413,1,1);
INSERT INTO USERS (ID, NAME, EMAIL, NOMBRE, APELLIDO, ID_DEPENDENCIA, ESTADO, REPARTO_HABILITADO) VALUES (3,'ForsecurityDiscTres','ForsecurityDiscTre@perbogota.gov.co','Patricia','ForsecurityDiscTres',413,1,1);
INSERT INTO USERS (ID, NAME, EMAIL, NOMBRE, APELLIDO, ID_DEPENDENCIA, ESTADO, REPARTO_HABILITADO) VALUES (4,'ForsecurityDiscCuat','ForsecurityDiscCuat@personeriabogota.gov.co','Sindy','ForsecurityDiscCuat',413,1,1);
INSERT INTO USERS (ID, NAME, EMAIL, NOMBRE, APELLIDO, ID_DEPENDENCIA, ESTADO, REPARTO_HABILITADO) VALUES (5,'ForsecurityDiscCinc','ForsecurityDiscCinc@perbogota.gov.co','Andrés','ForsecurityDiscCinc',413,1,1);
INSERT INTO USERS (ID, NAME, EMAIL, NOMBRE, APELLIDO, ID_DEPENDENCIA, ESTADO, REPARTO_HABILITADO) VALUES (6,'ForsecurityDiscSeis','ForsecurityDiscSeis@perbogota.gov.co','Milena','ForsecurityDiscSeis',413,1,1);
INSERT INTO USERS (ID, NAME, EMAIL, NOMBRE, APELLIDO, ID_DEPENDENCIA, ESTADO, REPARTO_HABILITADO) VALUES (7,'ForsecurityDiscSiet','ForsecurityDiscSiet@perbogota.gov.co','Sandra','ForsecurityDiscSiet',413,1,1);
INSERT INTO USERS (ID, NAME, EMAIL, NOMBRE, APELLIDO, ID_DEPENDENCIA, ESTADO, REPARTO_HABILITADO) VALUES (8,'ForsecurityDiscOch','ForsecurityDiscOch@perbogota.gov.co','Luz','ForsecurityDiscOch',413,1,0);
INSERT INTO USERS (ID, NAME, EMAIL, NOMBRE, APELLIDO, ID_DEPENDENCIA, ESTADO, REPARTO_HABILITADO) VALUES (9,'ForsecurityDiscNue','ForsecurityDiscNue@perbogota.gov.co','Sebastian','ForsecurityDiscNue',413,1,1);
INSERT INTO USERS (ID, NAME, EMAIL, NOMBRE, APELLIDO, ID_DEPENDENCIA, ESTADO, REPARTO_HABILITADO) VALUES (10,'ForsecurityDiscDiez','ForsecurityDiscDiez@perbogota.gov.co','Alejandro','ForsecurityDiscDiez',413,1,1);
INSERT INTO USERS (ID, NAME, EMAIL, NOMBRE, APELLIDO, ID_DEPENDENCIA, ESTADO, REPARTO_HABILITADO) VALUES (11,'ForsecurityDiscOnce','ForsecurityDiscOnce@perbogota.gov.co','Juan','ForsecurityDiscOnce',413,1,1);
INSERT INTO USERS (ID, NAME, EMAIL, NOMBRE, APELLIDO, ID_DEPENDENCIA, ESTADO, REPARTO_HABILITADO) VALUES (12,'ForsecurityDiscDoce','ForsecurityDiscDoce@perbogota.gov.co','Dayanni','ForsecurityDiscDoce',414,1,1);
INSERT INTO USERS (ID, NAME, EMAIL, NOMBRE, APELLIDO, ID_DEPENDENCIA, ESTADO, REPARTO_HABILITADO) VALUES (13,'ForsecurityDiscTrec','ForsecurityDiscTrec@perbogota.gov.co','Nancy','ForsecurityDiscTrec',414,1,1);
INSERT INTO USERS (ID, NAME, EMAIL, NOMBRE, APELLIDO, ID_DEPENDENCIA, ESTADO, REPARTO_HABILITADO) VALUES (14,'ForsecurityDiscCato','ForsecurityDiscCato@perbogota.gov.co','Johanna','ForsecurityDiscCato',414,1,1);
INSERT INTO USERS (ID, NAME, EMAIL, NOMBRE, APELLIDO, ID_DEPENDENCIA, ESTADO, REPARTO_HABILITADO) VALUES (15,'ForsecurityDiscQuin','ForsecurityDiscQuin@perbogota.gov.co','Diego','ForsecurityDiscQuin',415,1,1);
INSERT INTO USERS (ID, NAME, EMAIL, NOMBRE, APELLIDO, ID_DEPENDENCIA, ESTADO, REPARTO_HABILITADO) VALUES (16,'ForsecurityDiscDsei','ForsecurityDiscDsei@perbogota.gov.co','Mario','ForsecurityDiscDsei',415,1,1);
INSERT INTO USERS (ID, NAME, EMAIL, NOMBRE, APELLIDO, ID_DEPENDENCIA, ESTADO, REPARTO_HABILITADO) VALUES (17,'ForsecurityDiscDsie','ForsecurityDiscDsie@perbogota.gov.co','Juliana','ForsecurityDiscDsie',416,1,1);
INSERT INTO USERS (ID, NAME, EMAIL, NOMBRE, APELLIDO, ID_DEPENDENCIA, ESTADO, REPARTO_HABILITADO) VALUES (18,'ForsecurityDiscDoch','ForsecurityDiscDoch@perbogota.gov.co','Julieth','ForsecurityDiscDoch',416,1,1);
INSERT INTO USERS (ID, NAME, EMAIL, NOMBRE, APELLIDO, ID_DEPENDENCIA, ESTADO, REPARTO_HABILITADO) VALUES (19,'ForsecurityDiscDnue','ForsecurityDiscDnue@perbogota.gov.co','Jorge','ForsecurityDiscDnue',417,1,1);
INSERT INTO USERS (ID, NAME, EMAIL, NOMBRE, APELLIDO, ID_DEPENDENCIA, ESTADO, REPARTO_HABILITADO) VALUES (20,'ForsecurityDiscVein','ForsecurityDiscVein@perbogota.gov.co','Jairo','ForsecurityDiscVein',417,1,1);
INSERT INTO USERS (ID, NAME, EMAIL, NOMBRE, APELLIDO, ID_DEPENDENCIA, ESTADO, REPARTO_HABILITADO) VALUES (21,'sgsotelo','sgsotelo@personeriabogota.gov.co','Santos Gonzalo','Sotelo Sanchez',410,1,1);
INSERT INTO USERS (ID, NAME, EMAIL, NOMBRE, APELLIDO, ID_DEPENDENCIA, ESTADO, REPARTO_HABILITADO) VALUES (22,'mguarnizo','mguarnizo@personeriabogota.gov.co','Martha Ligia','Guarnizo Rojas',61,1,1);
INSERT INTO USERS (ID, NAME, EMAIL, NOMBRE, APELLIDO, ID_DEPENDENCIA, ESTADO, REPARTO_HABILITADO) VALUES (24,'jatriana','jatriana@personeriabogota.gov.co','Jhon Alexis','Triana Olaya',310,1,0);
INSERT INTO USERS (ID, NAME, EMAIL, NOMBRE, APELLIDO, ID_DEPENDENCIA, ESTADO, REPARTO_HABILITADO) VALUES (25,'nyariza','nyariza@personeriabogota.gov.co','Narly Yadira','Ariza Romero',310,1,1);
INSERT INTO USERS (ID, NAME, EMAIL, NOMBRE, APELLIDO, ID_DEPENDENCIA, ESTADO, REPARTO_HABILITADO) VALUES (26,'ladiaz','ladiaz@personeriabogota.gov.co','Luz Angela','Diaz Huertas',310,1,1);
INSERT INTO USERS (ID, NAME, EMAIL, NOMBRE, APELLIDO, ID_DEPENDENCIA, ESTADO, REPARTO_HABILITADO) VALUES (27,'egutierrez','egutierrez@personeriabogota.gov.co','Eliana','Gutierrez',310,1,1);
INSERT INTO USERS (ID, NAME, EMAIL, NOMBRE, APELLIDO, ID_DEPENDENCIA, ESTADO, REPARTO_HABILITADO) VALUES (28,'aemongui','aemongui@personeriabogota.gov.co','Angie Estefani','Mongui Guerrero',310,1,1);
INSERT INTO USERS (ID, NAME, EMAIL, NOMBRE, APELLIDO, ID_DEPENDENCIA, ESTADO, REPARTO_HABILITADO) VALUES (29,'mjimenez','mjimenez@personeriabogota.gov.co','Matilde','Jimenez Barrera',412,1,1);
INSERT INTO USERS (ID, NAME, EMAIL, NOMBRE, APELLIDO, ID_DEPENDENCIA, ESTADO, REPARTO_HABILITADO) VALUES (30,'tagonzalez','tagonzalez@personeriabogota.gov.co','Tania América','González Millares',310,1,1);
INSERT INTO USERS (ID, NAME, EMAIL, NOMBRE, APELLIDO, ID_DEPENDENCIA, ESTADO, REPARTO_HABILITADO) VALUES (31,'mmartinez','mmartinez@personeriabogota.gov.co','Maria Del Pilar','Martinez Rodriguez',310,1,1);
INSERT INTO USERS (ID, NAME, EMAIL, NOMBRE, APELLIDO, ID_DEPENDENCIA, ESTADO, REPARTO_HABILITADO) VALUES (32,'nmcortes','nmcortes@personeriabogota.gov.co','Nanyi Milena','Cortes Garzon',310,1,1);
INSERT INTO USERS (ID, NAME, EMAIL, NOMBRE, APELLIDO, ID_DEPENDENCIA, ESTADO, REPARTO_HABILITADO) VALUES (33,'smballen','smballen@personeriabogota.gov.co','Sandra Milena','Ballen Guzman',310,1,1);
INSERT INTO USERS (ID, NAME, EMAIL, NOMBRE, APELLIDO, ID_DEPENDENCIA, ESTADO, REPARTO_HABILITADO) VALUES (34,'aymurcia','aymurcia@personeriabogota.gov.co','Andrea Yeraldin','Murcia Martin',64,1,1);
INSERT INTO USERS (ID, NAME, EMAIL, NOMBRE, APELLIDO, ID_DEPENDENCIA, ESTADO, REPARTO_HABILITADO) VALUES (35,'bsburgos','bsburgos@personeriabogota.gov.co','Brayan Stiven','Burgos Gamboa',64,1,1);
INSERT INTO USERS (ID, NAME, EMAIL, NOMBRE, APELLIDO, ID_DEPENDENCIA, ESTADO, REPARTO_HABILITADO) VALUES (36,'ccobos','ccobos@personeriabogota.gov.co','Carolina','Cobos Perez',64,1,1);
INSERT INTO USERS (ID, NAME, EMAIL, NOMBRE, APELLIDO, ID_DEPENDENCIA, ESTADO, REPARTO_HABILITADO) VALUES (37,'ehaydar','ehaydar@personeriabogota.gov.co','Esperanza Lucia','Haydar Cruz',64,1,1);
INSERT INTO USERS (ID, NAME, EMAIL, NOMBRE, APELLIDO, ID_DEPENDENCIA, ESTADO, REPARTO_HABILITADO) VALUES (38,'jeortiz','jeortiz@personeriabogota.gov.co','Jaime Enrique','Ortiz Jacinto',64,1,1);
INSERT INTO USERS (ID, NAME, EMAIL, NOMBRE, APELLIDO, ID_DEPENDENCIA, ESTADO, REPARTO_HABILITADO) VALUES (39,'neparra','neparra@personeriabogota.gov.co','Nubia Esperanza','Parra Junca',64,1,1);
INSERT INTO USERS (ID, NAME, EMAIL, NOMBRE, APELLIDO, ID_DEPENDENCIA, ESTADO, REPARTO_HABILITADO) VALUES (40,'olduran','olduran@personeriabogota.gov.co','Olga Lucia','Duran Santos',64,1,1);
INSERT INTO USERS (ID, NAME, EMAIL, NOMBRE, APELLIDO, ID_DEPENDENCIA, ESTADO, REPARTO_HABILITADO) VALUES (41,'oguacheta','oguacheta@personeriabogota.gov.co','Oscar Henry','Guacheta Ruiz',64,1,1);
INSERT INTO USERS (ID, NAME, EMAIL, NOMBRE, APELLIDO, ID_DEPENDENCIA, ESTADO, REPARTO_HABILITADO) VALUES (42,'rocampos','rocampos@personeriabogota.gov.co','Robinson Orlando','Campos Velosa',31,1,1);
INSERT INTO USERS (ID, NAME, EMAIL, NOMBRE, APELLIDO, ID_DEPENDENCIA, ESTADO, REPARTO_HABILITADO) VALUES (43,'ccaicedo','ccaicedo@personeriabogota.gov.co','Clara Ines','Caicedo Lozano',5,1,1);
INSERT INTO USERS (ID, NAME, EMAIL, NOMBRE, APELLIDO, ID_DEPENDENCIA, ESTADO, REPARTO_HABILITADO) VALUES (44,'ccclavijo','ccclavijo@personeriabogota.gov.co','Cristian Camilo','Clavijo Rodríguez',31,1,1);
INSERT INTO USERS (ID, NAME, EMAIL, NOMBRE, APELLIDO, ID_DEPENDENCIA, ESTADO, REPARTO_HABILITADO) VALUES (45,'epineros','epineros@personeriabogota.gov.co','Emma Constanza','Pineros Contreras',31,1,1);
INSERT INTO USERS (ID, NAME, EMAIL, NOMBRE, APELLIDO, ID_DEPENDENCIA, ESTADO, REPARTO_HABILITADO) VALUES (46,'gaturizo','gaturizo@personeriabogota.gov.co','Gabriel Antonio','Turizo Reinel',64,1,1);
INSERT INTO USERS (ID, NAME, EMAIL, NOMBRE, APELLIDO, ID_DEPENDENCIA, ESTADO, REPARTO_HABILITADO) VALUES (47,'jjrodriguez','jjrodriguez@personeriabogota.gov.co','Jhon Jairo','Rodriguez Jimenez',31,1,1);
INSERT INTO USERS (ID, NAME, EMAIL, NOMBRE, APELLIDO, ID_DEPENDENCIA, ESTADO, REPARTO_HABILITADO) VALUES (48,'lfdiaz','lfdiaz@personeriabogota.gov.co','Luisa Fernanda','Diaz Martinez',31,1,1);
INSERT INTO USERS (ID, NAME, EMAIL, NOMBRE, APELLIDO, ID_DEPENDENCIA, ESTADO, REPARTO_HABILITADO) VALUES (49,'malvarado','malvarado@personeriabogota.gov.co','Marco Aurelio','Alvarado Olarte',31,1,1);
INSERT INTO USERS (ID, NAME, EMAIL, NOMBRE, APELLIDO, ID_DEPENDENCIA, ESTADO, REPARTO_HABILITADO) VALUES (50,'mfcorrea','mfcorrea@personeriabogota.gov.co','Maria Fernanda','Correa Hernandez',31,1,1);
INSERT INTO USERS (ID, NAME, EMAIL, NOMBRE, APELLIDO, ID_DEPENDENCIA, ESTADO, REPARTO_HABILITADO) VALUES (51,'mmgomez','mmgomez@personeriabogota.gov.co','Maria Marta','Gomez Barranco',31,1,1);
INSERT INTO USERS (ID, NAME, EMAIL, NOMBRE, APELLIDO, ID_DEPENDENCIA, ESTADO, REPARTO_HABILITADO) VALUES (52,'mlsalcedo','mlsalcedo@personeriabogota.gov.co','Martha Liliana','Salcedo Mosquera',31,1,1);
INSERT INTO USERS (ID, NAME, EMAIL, NOMBRE, APELLIDO, ID_DEPENDENCIA, ESTADO, REPARTO_HABILITADO) VALUES (53,'mgaona','mgaona@personeriabogota.gov.co','Mercy Esperanza','Gaona Aldana',31,1,1);
INSERT INTO USERS (ID, NAME, EMAIL, NOMBRE, APELLIDO, ID_DEPENDENCIA, ESTADO, REPARTO_HABILITADO) VALUES (54,'opuerto','opuerto@personeriabogota.gov.co','Olga Lucia','Puerto Jimenez',61,1,1);
INSERT INTO USERS (ID, NAME, EMAIL, NOMBRE, APELLIDO, ID_DEPENDENCIA, ESTADO, REPARTO_HABILITADO) VALUES (55,'avtorres','avtorres@personeriabogota.gov.co','Angela Viviana','Torres Carranza',318,1,1);
INSERT INTO USERS (ID, NAME, EMAIL, NOMBRE, APELLIDO, ID_DEPENDENCIA, ESTADO, REPARTO_HABILITADO) VALUES (56,'mospina','mospina@personeriabogota.gov.co','Maria Marleny','Ospina Gutierrez',410,1,1);
INSERT INTO USERS (ID, NAME, EMAIL, NOMBRE, APELLIDO, ID_DEPENDENCIA, ESTADO, REPARTO_HABILITADO) VALUES (57,'jjcabello','jjcabello@personeriabogota.gov.co','Juan Javier','Cabello Daza',411,1,1);
INSERT INTO USERS (ID, NAME, EMAIL, NOMBRE, APELLIDO, ID_DEPENDENCIA, ESTADO, REPARTO_HABILITADO) VALUES (58,'famoreno','famoreno@personeriabogota.gov.co','Fredy Alexander','Moreno Moreno',314,1,1);
INSERT INTO USERS (ID, NAME, EMAIL, NOMBRE, APELLIDO, ID_DEPENDENCIA, ESTADO, REPARTO_HABILITADO) VALUES (59,'dabenavides','dabenavides@personeriabogota.gov.co','David Alfonso','Benavides Morales',318,1,1);
INSERT INTO USERS (ID, NAME, EMAIL, NOMBRE, APELLIDO, ID_DEPENDENCIA, ESTADO, REPARTO_HABILITADO) VALUES (60,'miboada','miboada@personeriabogota.gov.co','Maria Isabel','Boada Espitia',318,1,1);
INSERT INTO USERS (ID, NAME, EMAIL, NOMBRE, APELLIDO, ID_DEPENDENCIA, ESTADO, REPARTO_HABILITADO) VALUES (61,'ccriveros','ccriveros@personeriabogota.gov.co','Carmen Cecilia','Riveros Ruiz',310,1,1);
INSERT INTO USERS (ID, NAME, EMAIL, NOMBRE, APELLIDO, ID_DEPENDENCIA, ESTADO, REPARTO_HABILITADO) VALUES (62,'caparra','caparra@personeriabogota.gov.co','Carlos Alfonso','Parra Malaver',50,1,1);
INSERT INTO USERS (ID, NAME, EMAIL, NOMBRE, APELLIDO, ID_DEPENDENCIA, ESTADO, REPARTO_HABILITADO) VALUES (63,'ciariza','ciariza@personeriabogota.gov.co','Clara Inés','Ariza Peña',50,1,1);
INSERT INTO USERS (ID, NAME, EMAIL, NOMBRE, APELLIDO, ID_DEPENDENCIA, ESTADO, REPARTO_HABILITADO) VALUES (64,'cppulido','cppulido@personeriabogota.gov.co','Claudia Patricia','Pulido Riveros',50,1,1);
INSERT INTO USERS (ID, NAME, EMAIL, NOMBRE, APELLIDO, ID_DEPENDENCIA, ESTADO, REPARTO_HABILITADO) VALUES (65,'dasanchez','dasanchez@personeriabogota.gov.co','David Antonio','Sanchez Velasquez',50,1,1);
INSERT INTO USERS (ID, NAME, EMAIL, NOMBRE, APELLIDO, ID_DEPENDENCIA, ESTADO, REPARTO_HABILITADO) VALUES (66,'jbahamon','jbahamon@personeriabogota.gov.co','Joel','Bahamon Ospina',50,1,0);
INSERT INTO USERS (ID, NAME, EMAIL, NOMBRE, APELLIDO, ID_DEPENDENCIA, ESTADO, REPARTO_HABILITADO) VALUES (67,'locontreras','locontreras@personeriabogota.gov.co','Luis Oswaldo','Contreras Olivos',50,1,1);
INSERT INTO USERS (ID, NAME, EMAIL, NOMBRE, APELLIDO, ID_DEPENDENCIA, ESTADO, REPARTO_HABILITADO) VALUES (68,'mromero','mromero@personeriabogota.gov.co','Myriam Socorro','Romero Ordonez',50,1,1);
INSERT INTO USERS (ID, NAME, EMAIL, NOMBRE, APELLIDO, ID_DEPENDENCIA, ESTADO, REPARTO_HABILITADO) VALUES (69,'gcsantander','gcsantander@personeriabogota.gov.co','Giovanna Carolina del Pilar','Santander García',397,1,1);
INSERT INTO USERS (ID, NAME, EMAIL, NOMBRE, APELLIDO, ID_DEPENDENCIA, ESTADO, REPARTO_HABILITADO) VALUES (70,'laherreno','laherreno@personeriabogota.gov.co','Luis Alejandro','Herreno Perez',31,1,1);
INSERT INTO USERS (ID, NAME, EMAIL, NOMBRE, APELLIDO, ID_DEPENDENCIA, ESTADO, REPARTO_HABILITADO) VALUES (71,'bpulido','bpulido@personeriabogota.gov.co','Betty','Pulido Buitrago',5,1,1);
INSERT INTO USERS (ID, NAME, EMAIL, NOMBRE, APELLIDO, ID_DEPENDENCIA, ESTADO, REPARTO_HABILITADO) VALUES (72,'camelo','camelo@personeriabogota.gov.co','Camilo Andres','Melo Tamayo',5,1,1);
INSERT INTO USERS (ID, NAME, EMAIL, NOMBRE, APELLIDO, ID_DEPENDENCIA, ESTADO, REPARTO_HABILITADO) VALUES (73,'cmgomez','cmgomez@personeriabogota.gov.co','Cindy Mercedes','Gomez Guerrero',5,1,1);
INSERT INTO USERS (ID, NAME, EMAIL, NOMBRE, APELLIDO, ID_DEPENDENCIA, ESTADO, REPARTO_HABILITADO) VALUES (74,'chernandez','chernandez@personeriabogota.gov.co','Clara Ines','Hernandez Montana',5,1,1);
INSERT INTO USERS (ID, NAME, EMAIL, NOMBRE, APELLIDO, ID_DEPENDENCIA, ESTADO, REPARTO_HABILITADO) VALUES (75,'hvallejo','hvallejo@personeriabogota.gov.co','Helmult Dioney','Vallejo Tunjo',5,1,1);
INSERT INTO USERS (ID, NAME, EMAIL, NOMBRE, APELLIDO, ID_DEPENDENCIA, ESTADO, REPARTO_HABILITADO) VALUES (76,'jizamudio','jizamudio@personeriabogota.gov.co','Jesus Ivan','Zamudio Forero',5,1,1);
INSERT INTO USERS (ID, NAME, EMAIL, NOMBRE, APELLIDO, ID_DEPENDENCIA, ESTADO, REPARTO_HABILITADO) VALUES (77,'jvguerrero','jvguerrero@personeriabogota.gov.co','Jose Vicente','Guerrero Ramírez',5,1,1);
INSERT INTO USERS (ID, NAME, EMAIL, NOMBRE, APELLIDO, ID_DEPENDENCIA, ESTADO, REPARTO_HABILITADO) VALUES (78,'korduz','korduz@personeriabogota.gov.co','Kelvin Francisco','Orduz Tamayo',5,1,1);
INSERT INTO USERS (ID, NAME, EMAIL, NOMBRE, APELLIDO, ID_DEPENDENCIA, ESTADO, REPARTO_HABILITADO) VALUES (79,'lamontero','lamontero@personeriabogota.gov.co','Laura Alejandra','Montero Granados',5,1,1);
INSERT INTO USERS (ID, NAME, EMAIL, NOMBRE, APELLIDO, ID_DEPENDENCIA, ESTADO, REPARTO_HABILITADO) VALUES (80,'lebaquero','lebaquero@personeriabogota.gov.co','Leonor Emilce','Baquero Cordoba',5,1,1);
INSERT INTO USERS (ID, NAME, EMAIL, NOMBRE, APELLIDO, ID_DEPENDENCIA, ESTADO, REPARTO_HABILITADO) VALUES (81,'lfdussan','lfdussan@personeriabogota.gov.co','Liza Fernanda','Dussán Sánchez',5,1,1);
INSERT INTO USERS (ID, NAME, EMAIL, NOMBRE, APELLIDO, ID_DEPENDENCIA, ESTADO, REPARTO_HABILITADO) VALUES (82,'mfcoral','mfcoral@personeriabogota.gov.co','María Fernanda','Coral Andrade',5,1,1);
INSERT INTO USERS (ID, NAME, EMAIL, NOMBRE, APELLIDO, ID_DEPENDENCIA, ESTADO, REPARTO_HABILITADO) VALUES (83,'corjuela','corjuela@personeriabogota.gov.co','Clara Elena','Orjuela Escobar',61,1,1);
INSERT INTO USERS (ID, NAME, EMAIL, NOMBRE, APELLIDO, ID_DEPENDENCIA, ESTADO, REPARTO_HABILITADO) VALUES (84,'dcsacristan','dcsacristan@personeriabogota.gov.co','Deissy Carolina','Sacristan Rivera',61,1,1);
INSERT INTO USERS (ID, NAME, EMAIL, NOMBRE, APELLIDO, ID_DEPENDENCIA, ESTADO, REPARTO_HABILITADO) VALUES (85,'gmmercado','gmmercado@personeriabogota.gov.co','Gloria Mercedes','Mercado Quintana',61,1,1);
INSERT INTO USERS (ID, NAME, EMAIL, NOMBRE, APELLIDO, ID_DEPENDENCIA, ESTADO, REPARTO_HABILITADO) VALUES (86,'idediego','idediego@personeriabogota.gov.co','Ivonne','Dediego Sanchez',61,1,1);
INSERT INTO USERS (ID, NAME, EMAIL, NOMBRE, APELLIDO, ID_DEPENDENCIA, ESTADO, REPARTO_HABILITADO) VALUES (87,'jhmedina','jhmedina@personeriabogota.gov.co','Jorge Humberto','Medina Albino',61,1,1);
INSERT INTO USERS (ID, NAME, EMAIL, NOMBRE, APELLIDO, ID_DEPENDENCIA, ESTADO, REPARTO_HABILITADO) VALUES (88,'lasegura','lasegura@personeriabogota.gov.co','Luz Adriana','Segura Velandia',61,1,1);
INSERT INTO USERS (ID, NAME, EMAIL, NOMBRE, APELLIDO, ID_DEPENDENCIA, ESTADO, REPARTO_HABILITADO) VALUES (89,'bmontano','bmontano@personeriabogota.gov.co','Bielsa','Montaño De Ramirez',310,1,1);
INSERT INTO USERS (ID, NAME, EMAIL, NOMBRE, APELLIDO, ID_DEPENDENCIA, ESTADO, REPARTO_HABILITADO) VALUES (90,'jfcalao','jfcalao@personeriabogota.gov.co','Jose Felipe','Calao Beleño',310,1,1);
INSERT INTO USERS (ID, NAME, EMAIL, NOMBRE, APELLIDO, ID_DEPENDENCIA, ESTADO, REPARTO_HABILITADO) VALUES (91,'mdramirez','mdramirez@personeriabogota.gov.co','Moisés David','Ramírez Polo',410,1,1);
INSERT INTO USERS (ID, NAME, EMAIL, NOMBRE, APELLIDO, ID_DEPENDENCIA, ESTADO, REPARTO_HABILITADO) VALUES (92,'etapia','etapia@personeriabogota.gov.co','Emelino','Tapia Maturana',410,1,1);
INSERT INTO USERS (ID, NAME, EMAIL, NOMBRE, APELLIDO, ID_DEPENDENCIA, ESTADO, REPARTO_HABILITADO) VALUES (93,'rmontenegro','rmontenegro@personeriabogota.gov.co','Richard Andres','Montenegro Siefken',410,1,1);
INSERT INTO USERS (ID, NAME, EMAIL, NOMBRE, APELLIDO, ID_DEPENDENCIA, ESTADO, REPARTO_HABILITADO) VALUES (94,'ebeltran','ebeltran@personeriabogota.gov.co','Emilce','Beltran Robayo',397,1,1);
INSERT INTO USERS (ID, NAME, EMAIL, NOMBRE, APELLIDO, ID_DEPENDENCIA, ESTADO, REPARTO_HABILITADO) VALUES (95,'psdelgado','psdelgado@personeriabogota.gov.co','PAULA SIGRID','DELGADO CASTAÑO',410,1,1);
INSERT INTO USERS (ID, NAME, EMAIL, NOMBRE, APELLIDO, ID_DEPENDENCIA, ESTADO, REPARTO_HABILITADO) VALUES (96,'ebarbosa','ebarbosa@personeriabogota.gov.co','Edwin','Barbosa Rodriguez',310,1,1);



-- ROL ADMINISTRADOR
insert into users_roles (USER_ID,ROLE_ID) values(1,1);
insert into users_roles (USER_ID,ROLE_ID) values(1,2);
insert into users_roles (USER_ID,ROLE_ID) values(2,1);
insert into users_roles (USER_ID,ROLE_ID) values(3,4);
insert into users_roles (USER_ID,ROLE_ID) values(4,3);
insert into users_roles (USER_ID,ROLE_ID) values(5,3);
insert into users_roles (USER_ID,ROLE_ID) values(6,3);
insert into users_roles (USER_ID,ROLE_ID) values(7,3);
insert into users_roles (USER_ID,ROLE_ID) values(8,3);
insert into users_roles (USER_ID,ROLE_ID) values(9,3);
insert into users_roles (USER_ID,ROLE_ID) values(10,3);
insert into users_roles (USER_ID,ROLE_ID) values(11,3);
insert into users_roles (USER_ID,ROLE_ID) values(12,3);
insert into users_roles (USER_ID,ROLE_ID) values(13,3);
insert into users_roles (USER_ID,ROLE_ID) values(14,3);
insert into users_roles (USER_ID,ROLE_ID) values(15,3);
insert into users_roles (USER_ID,ROLE_ID) values(16,3);
insert into users_roles (USER_ID,ROLE_ID) values(17,3);
insert into users_roles (USER_ID,ROLE_ID) values(18,3);
insert into users_roles (USER_ID,ROLE_ID) values(19,3);
insert into users_roles (USER_ID,ROLE_ID) values(20,3);
insert into users_roles (USER_ID,ROLE_ID) values(21,3);
insert into users_roles (USER_ID,ROLE_ID) values(22,3);
insert into users_roles (USER_ID,ROLE_ID) values(25,3);
insert into users_roles (USER_ID,ROLE_ID) values(26,3);
insert into users_roles (USER_ID,ROLE_ID) values(27,3);
insert into users_roles (USER_ID,ROLE_ID) values(28,3);
insert into users_roles (USER_ID,ROLE_ID) values(29,3);
insert into users_roles (USER_ID,ROLE_ID) values(30,3);
insert into users_roles (USER_ID,ROLE_ID) values(31,3);
insert into users_roles (USER_ID,ROLE_ID) values(32,3);
insert into users_roles (USER_ID,ROLE_ID) values(33,4);
insert into users_roles (USER_ID,ROLE_ID) values(34,3);
insert into users_roles (USER_ID,ROLE_ID) values(35,3);
insert into users_roles (USER_ID,ROLE_ID) values(36,3);
insert into users_roles (USER_ID,ROLE_ID) values(37,3);
insert into users_roles (USER_ID,ROLE_ID) values(38,3);
insert into users_roles (USER_ID,ROLE_ID) values(39,3);
insert into users_roles (USER_ID,ROLE_ID) values(40,3);
insert into users_roles (USER_ID,ROLE_ID) values(41,3);
insert into users_roles (USER_ID,ROLE_ID) values(42,3);
insert into users_roles (USER_ID,ROLE_ID) values(43,3);
insert into users_roles (USER_ID,ROLE_ID) values(44,3);
insert into users_roles (USER_ID,ROLE_ID) values(45,3);
insert into users_roles (USER_ID,ROLE_ID) values(46,3);
insert into users_roles (USER_ID,ROLE_ID) values(47,3);
insert into users_roles (USER_ID,ROLE_ID) values(48,3);
insert into users_roles (USER_ID,ROLE_ID) values(49,3);
insert into users_roles (USER_ID,ROLE_ID) values(50,3);
insert into users_roles (USER_ID,ROLE_ID) values(51,3);
insert into users_roles (USER_ID,ROLE_ID) values(52,3);
insert into users_roles (USER_ID,ROLE_ID) values(53,3);
insert into users_roles (USER_ID,ROLE_ID) values(54,3);
insert into users_roles (USER_ID,ROLE_ID) values(55,3);
insert into users_roles (USER_ID,ROLE_ID) values(56,3);
insert into users_roles (USER_ID,ROLE_ID) values(57,3);
insert into users_roles (USER_ID,ROLE_ID) values(58,3);
insert into users_roles (USER_ID,ROLE_ID) values(59,3);
insert into users_roles (USER_ID,ROLE_ID) values(60,3);
insert into users_roles (USER_ID,ROLE_ID) values(61,3);
insert into users_roles (USER_ID,ROLE_ID) values(62,3);
insert into users_roles (USER_ID,ROLE_ID) values(63,3);
insert into users_roles (USER_ID,ROLE_ID) values(64,3);
insert into users_roles (USER_ID,ROLE_ID) values(65,3);
insert into users_roles (USER_ID,ROLE_ID) values(66,3);
insert into users_roles (USER_ID,ROLE_ID) values(67,3);
insert into users_roles (USER_ID,ROLE_ID) values(68,3);
insert into users_roles (USER_ID,ROLE_ID) values(69,3);
insert into users_roles (USER_ID,ROLE_ID) values(70,3);
insert into users_roles (USER_ID,ROLE_ID) values(71,3);
insert into users_roles (USER_ID,ROLE_ID) values(72,3);
insert into users_roles (USER_ID,ROLE_ID) values(73,3);
insert into users_roles (USER_ID,ROLE_ID) values(74,3);
insert into users_roles (USER_ID,ROLE_ID) values(75,3);
insert into users_roles (USER_ID,ROLE_ID) values(76,3);
insert into users_roles (USER_ID,ROLE_ID) values(77,3);
insert into users_roles (USER_ID,ROLE_ID) values(78,3);
insert into users_roles (USER_ID,ROLE_ID) values(79,3);
insert into users_roles (USER_ID,ROLE_ID) values(80,3);
insert into users_roles (USER_ID,ROLE_ID) values(81,3);
insert into users_roles (USER_ID,ROLE_ID) values(82,3);
insert into users_roles (USER_ID,ROLE_ID) values(83,3);
insert into users_roles (USER_ID,ROLE_ID) values(84,3);
insert into users_roles (USER_ID,ROLE_ID) values(85,3);
insert into users_roles (USER_ID,ROLE_ID) values(86,3);
insert into users_roles (USER_ID,ROLE_ID) values(87,3);
insert into users_roles (USER_ID,ROLE_ID) values(88,3);
insert into users_roles (USER_ID,ROLE_ID) values(89,4);
insert into users_roles (USER_ID,ROLE_ID) values(90,3);
insert into users_roles (USER_ID,ROLE_ID) values(91,3);
insert into users_roles (USER_ID,ROLE_ID) values(92,3);
insert into users_roles (USER_ID,ROLE_ID) values(93,3);
insert into users_roles (USER_ID,ROLE_ID) values(94,3);
insert into users_roles (USER_ID,ROLE_ID) values(95,3);


INSERT INTO FUNCIONALIDAD_ROL (FUNCIONALIDAD_ID, ROLE_ID) VALUES (1,2);
INSERT INTO FUNCIONALIDAD_ROL (FUNCIONALIDAD_ID, ROLE_ID) VALUES (2,2);
INSERT INTO FUNCIONALIDAD_ROL (FUNCIONALIDAD_ID, ROLE_ID) VALUES (3,2);
INSERT INTO FUNCIONALIDAD_ROL (FUNCIONALIDAD_ID, ROLE_ID) VALUES (4,2);
INSERT INTO FUNCIONALIDAD_ROL (FUNCIONALIDAD_ID, ROLE_ID) VALUES (5,2);
INSERT INTO FUNCIONALIDAD_ROL (FUNCIONALIDAD_ID, ROLE_ID) VALUES (6,2);
INSERT INTO FUNCIONALIDAD_ROL (FUNCIONALIDAD_ID, ROLE_ID) VALUES (6,3);
INSERT INTO FUNCIONALIDAD_ROL (FUNCIONALIDAD_ID, ROLE_ID) VALUES (6,4);
INSERT INTO FUNCIONALIDAD_ROL (FUNCIONALIDAD_ID, ROLE_ID) VALUES (7,2);
INSERT INTO FUNCIONALIDAD_ROL (FUNCIONALIDAD_ID, ROLE_ID) VALUES (7,3);
INSERT INTO FUNCIONALIDAD_ROL (FUNCIONALIDAD_ID, ROLE_ID) VALUES (7,4);
INSERT INTO FUNCIONALIDAD_ROL (FUNCIONALIDAD_ID, ROLE_ID) VALUES (8,2);
INSERT INTO FUNCIONALIDAD_ROL (FUNCIONALIDAD_ID, ROLE_ID) VALUES (8,3);
INSERT INTO FUNCIONALIDAD_ROL (FUNCIONALIDAD_ID, ROLE_ID) VALUES (8,4);
INSERT INTO FUNCIONALIDAD_ROL (FUNCIONALIDAD_ID, ROLE_ID) VALUES (9,2);
INSERT INTO FUNCIONALIDAD_ROL (FUNCIONALIDAD_ID, ROLE_ID) VALUES (9,3);
INSERT INTO FUNCIONALIDAD_ROL (FUNCIONALIDAD_ID, ROLE_ID) VALUES (9,4);
INSERT INTO FUNCIONALIDAD_ROL (FUNCIONALIDAD_ID, ROLE_ID) VALUES (10,2);
INSERT INTO FUNCIONALIDAD_ROL (FUNCIONALIDAD_ID, ROLE_ID) VALUES (10,3);
INSERT INTO FUNCIONALIDAD_ROL (FUNCIONALIDAD_ID, ROLE_ID) VALUES (10,4);
INSERT INTO FUNCIONALIDAD_ROL (FUNCIONALIDAD_ID, ROLE_ID) VALUES (11,2);
INSERT INTO FUNCIONALIDAD_ROL (FUNCIONALIDAD_ID, ROLE_ID) VALUES (11,3);
INSERT INTO FUNCIONALIDAD_ROL (FUNCIONALIDAD_ID, ROLE_ID) VALUES (11,4);
INSERT INTO FUNCIONALIDAD_ROL (FUNCIONALIDAD_ID, ROLE_ID) VALUES (12,2);
INSERT INTO FUNCIONALIDAD_ROL (FUNCIONALIDAD_ID, ROLE_ID) VALUES (12,3);
INSERT INTO FUNCIONALIDAD_ROL (FUNCIONALIDAD_ID, ROLE_ID) VALUES (12,4);
INSERT INTO FUNCIONALIDAD_ROL (FUNCIONALIDAD_ID, ROLE_ID) VALUES (13,2);
INSERT INTO FUNCIONALIDAD_ROL (FUNCIONALIDAD_ID, ROLE_ID) VALUES (13,3);
INSERT INTO FUNCIONALIDAD_ROL (FUNCIONALIDAD_ID, ROLE_ID) VALUES (13,4);
INSERT INTO FUNCIONALIDAD_ROL (FUNCIONALIDAD_ID, ROLE_ID) VALUES (14,2);
INSERT INTO FUNCIONALIDAD_ROL (FUNCIONALIDAD_ID, ROLE_ID) VALUES (15,2);
INSERT INTO FUNCIONALIDAD_ROL (FUNCIONALIDAD_ID, ROLE_ID) VALUES (16,2);
INSERT INTO FUNCIONALIDAD_ROL (FUNCIONALIDAD_ID, ROLE_ID) VALUES (16,3);
INSERT INTO FUNCIONALIDAD_ROL (FUNCIONALIDAD_ID, ROLE_ID) VALUES (16,4);
INSERT INTO FUNCIONALIDAD_ROL (FUNCIONALIDAD_ID, ROLE_ID) VALUES (17,2);
INSERT INTO FUNCIONALIDAD_ROL (FUNCIONALIDAD_ID, ROLE_ID) VALUES (17,3);
INSERT INTO FUNCIONALIDAD_ROL (FUNCIONALIDAD_ID, ROLE_ID) VALUES (17,4);
INSERT INTO FUNCIONALIDAD_ROL (FUNCIONALIDAD_ID, ROLE_ID) VALUES (18,2);
INSERT INTO FUNCIONALIDAD_ROL (FUNCIONALIDAD_ID, ROLE_ID) VALUES (18,3);
INSERT INTO FUNCIONALIDAD_ROL (FUNCIONALIDAD_ID, ROLE_ID) VALUES (18,4);
INSERT INTO FUNCIONALIDAD_ROL (FUNCIONALIDAD_ID, ROLE_ID) VALUES (19,2);
INSERT INTO FUNCIONALIDAD_ROL (FUNCIONALIDAD_ID, ROLE_ID) VALUES (19,4);
INSERT INTO FUNCIONALIDAD_ROL (FUNCIONALIDAD_ID, ROLE_ID) VALUES (20,2);
INSERT INTO FUNCIONALIDAD_ROL (FUNCIONALIDAD_ID, ROLE_ID) VALUES (20,3);
INSERT INTO FUNCIONALIDAD_ROL (FUNCIONALIDAD_ID, ROLE_ID) VALUES (20,4);
INSERT INTO FUNCIONALIDAD_ROL (FUNCIONALIDAD_ID, ROLE_ID) VALUES (21,2);
INSERT INTO FUNCIONALIDAD_ROL (FUNCIONALIDAD_ID, ROLE_ID) VALUES (21,3);
INSERT INTO FUNCIONALIDAD_ROL (FUNCIONALIDAD_ID, ROLE_ID) VALUES (21,4);
INSERT INTO FUNCIONALIDAD_ROL (FUNCIONALIDAD_ID, ROLE_ID) VALUES (22,2);
INSERT INTO FUNCIONALIDAD_ROL (FUNCIONALIDAD_ID, ROLE_ID) VALUES (22,3);
INSERT INTO FUNCIONALIDAD_ROL (FUNCIONALIDAD_ID, ROLE_ID) VALUES (22,4);
INSERT INTO FUNCIONALIDAD_ROL (FUNCIONALIDAD_ID, ROLE_ID) VALUES (23,2);
INSERT INTO FUNCIONALIDAD_ROL (FUNCIONALIDAD_ID, ROLE_ID) VALUES (24,2);
INSERT INTO FUNCIONALIDAD_ROL (FUNCIONALIDAD_ID, ROLE_ID) VALUES (25,2);
INSERT INTO FUNCIONALIDAD_ROL (FUNCIONALIDAD_ID, ROLE_ID) VALUES (26,2);
INSERT INTO FUNCIONALIDAD_ROL (FUNCIONALIDAD_ID, ROLE_ID) VALUES (27,2);
INSERT INTO FUNCIONALIDAD_ROL (FUNCIONALIDAD_ID, ROLE_ID) VALUES (28,2);
INSERT INTO FUNCIONALIDAD_ROL (FUNCIONALIDAD_ID, ROLE_ID) VALUES (29,2);
INSERT INTO FUNCIONALIDAD_ROL (FUNCIONALIDAD_ID, ROLE_ID) VALUES (30,2);
INSERT INTO FUNCIONALIDAD_ROL (FUNCIONALIDAD_ID, ROLE_ID) VALUES (31,2);
INSERT INTO FUNCIONALIDAD_ROL (FUNCIONALIDAD_ID, ROLE_ID) VALUES (32,2);
INSERT INTO FUNCIONALIDAD_ROL (FUNCIONALIDAD_ID, ROLE_ID) VALUES (33,2);
INSERT INTO FUNCIONALIDAD_ROL (FUNCIONALIDAD_ID, ROLE_ID) VALUES (34,2);
INSERT INTO FUNCIONALIDAD_ROL (FUNCIONALIDAD_ID, ROLE_ID) VALUES (35,2);
INSERT INTO FUNCIONALIDAD_ROL (FUNCIONALIDAD_ID, ROLE_ID) VALUES (36,2);
INSERT INTO FUNCIONALIDAD_ROL (FUNCIONALIDAD_ID, ROLE_ID) VALUES (37,2);
INSERT INTO FUNCIONALIDAD_ROL (FUNCIONALIDAD_ID, ROLE_ID) VALUES (37,3);
INSERT INTO FUNCIONALIDAD_ROL (FUNCIONALIDAD_ID, ROLE_ID) VALUES (37,4);
INSERT INTO FUNCIONALIDAD_ROL (FUNCIONALIDAD_ID, ROLE_ID) VALUES (38,2);
INSERT INTO FUNCIONALIDAD_ROL (FUNCIONALIDAD_ID, ROLE_ID) VALUES (38,3);
INSERT INTO FUNCIONALIDAD_ROL (FUNCIONALIDAD_ID, ROLE_ID) VALUES (38,4);
INSERT INTO FUNCIONALIDAD_ROL (FUNCIONALIDAD_ID, ROLE_ID) VALUES (39,2);
INSERT INTO FUNCIONALIDAD_ROL (FUNCIONALIDAD_ID, ROLE_ID) VALUES (39,3);
INSERT INTO FUNCIONALIDAD_ROL (FUNCIONALIDAD_ID, ROLE_ID) VALUES (39,4);
INSERT INTO FUNCIONALIDAD_ROL (FUNCIONALIDAD_ID, ROLE_ID) VALUES (40,2);
INSERT INTO FUNCIONALIDAD_ROL (FUNCIONALIDAD_ID, ROLE_ID) VALUES (41,2);
INSERT INTO FUNCIONALIDAD_ROL (FUNCIONALIDAD_ID, ROLE_ID) VALUES (42,2);
INSERT INTO FUNCIONALIDAD_ROL (FUNCIONALIDAD_ID, ROLE_ID) VALUES (43,2);
INSERT INTO FUNCIONALIDAD_ROL (FUNCIONALIDAD_ID, ROLE_ID) VALUES (44,2);
INSERT INTO FUNCIONALIDAD_ROL (FUNCIONALIDAD_ID, ROLE_ID) VALUES (45,2);
INSERT INTO FUNCIONALIDAD_ROL (FUNCIONALIDAD_ID, ROLE_ID) VALUES (46,2);
INSERT INTO FUNCIONALIDAD_ROL (FUNCIONALIDAD_ID, ROLE_ID) VALUES (47,2);
INSERT INTO FUNCIONALIDAD_ROL (FUNCIONALIDAD_ID, ROLE_ID) VALUES (48,2);
INSERT INTO FUNCIONALIDAD_ROL (FUNCIONALIDAD_ID, ROLE_ID) VALUES (49,2);
INSERT INTO FUNCIONALIDAD_ROL (FUNCIONALIDAD_ID, ROLE_ID) VALUES (50,2);
INSERT INTO FUNCIONALIDAD_ROL (FUNCIONALIDAD_ID, ROLE_ID) VALUES (51,2);
INSERT INTO FUNCIONALIDAD_ROL (FUNCIONALIDAD_ID, ROLE_ID) VALUES (52,2);
INSERT INTO FUNCIONALIDAD_ROL (FUNCIONALIDAD_ID, ROLE_ID) VALUES (53,2);
INSERT INTO FUNCIONALIDAD_ROL (FUNCIONALIDAD_ID, ROLE_ID) VALUES (54,2);
INSERT INTO FUNCIONALIDAD_ROL (FUNCIONALIDAD_ID, ROLE_ID) VALUES (55,2);
INSERT INTO FUNCIONALIDAD_ROL (FUNCIONALIDAD_ID, ROLE_ID) VALUES (56,2);
INSERT INTO FUNCIONALIDAD_ROL (FUNCIONALIDAD_ID, ROLE_ID) VALUES (57,2);
INSERT INTO FUNCIONALIDAD_ROL (FUNCIONALIDAD_ID, ROLE_ID) VALUES (58,2);
INSERT INTO FUNCIONALIDAD_ROL (FUNCIONALIDAD_ID, ROLE_ID) VALUES (59,2);
INSERT INTO FUNCIONALIDAD_ROL (FUNCIONALIDAD_ID, ROLE_ID) VALUES (59,3);
INSERT INTO FUNCIONALIDAD_ROL (FUNCIONALIDAD_ID, ROLE_ID) VALUES (59,4);
INSERT INTO FUNCIONALIDAD_ROL (FUNCIONALIDAD_ID, ROLE_ID) VALUES (60,2);
INSERT INTO FUNCIONALIDAD_ROL (FUNCIONALIDAD_ID, ROLE_ID) VALUES (61,2);
INSERT INTO FUNCIONALIDAD_ROL (FUNCIONALIDAD_ID, ROLE_ID) VALUES (62,2);
INSERT INTO FUNCIONALIDAD_ROL (FUNCIONALIDAD_ID, ROLE_ID) VALUES (63,2);
INSERT INTO FUNCIONALIDAD_ROL (FUNCIONALIDAD_ID, ROLE_ID) VALUES (64,2);


insert into users_tipo_expediente (USER_ID, TIPO_EXPEDIENTE_ID, SUB_TIPO_EXPEDIENTE_ID) values (5,1,3);
insert into users_tipo_expediente (USER_ID, TIPO_EXPEDIENTE_ID, SUB_TIPO_EXPEDIENTE_ID) values (5,1,2);
insert into users_tipo_expediente (USER_ID, TIPO_EXPEDIENTE_ID, SUB_TIPO_EXPEDIENTE_ID) values (35,4,1);
insert into users_tipo_expediente (USER_ID, TIPO_EXPEDIENTE_ID, SUB_TIPO_EXPEDIENTE_ID) values (35,4,2);
insert into users_tipo_expediente (USER_ID, TIPO_EXPEDIENTE_ID, SUB_TIPO_EXPEDIENTE_ID) values (46,4,1);
insert into users_tipo_expediente (USER_ID, TIPO_EXPEDIENTE_ID, SUB_TIPO_EXPEDIENTE_ID) values (46,4,2);
insert into users_tipo_expediente (USER_ID, TIPO_EXPEDIENTE_ID, SUB_TIPO_EXPEDIENTE_ID) values (85,4,1);
insert into users_tipo_expediente (USER_ID, TIPO_EXPEDIENTE_ID, SUB_TIPO_EXPEDIENTE_ID) values (85,4,2);
insert into users_tipo_expediente (USER_ID, TIPO_EXPEDIENTE_ID, SUB_TIPO_EXPEDIENTE_ID) values (5,4,1);
insert into users_tipo_expediente (USER_ID, TIPO_EXPEDIENTE_ID, SUB_TIPO_EXPEDIENTE_ID) values (5,4,2);
insert into users_tipo_expediente (USER_ID, TIPO_EXPEDIENTE_ID, SUB_TIPO_EXPEDIENTE_ID) values (6,3,1);
insert into users_tipo_expediente (USER_ID, TIPO_EXPEDIENTE_ID, SUB_TIPO_EXPEDIENTE_ID) values (56,4,1);
insert into users_tipo_expediente (USER_ID, TIPO_EXPEDIENTE_ID, SUB_TIPO_EXPEDIENTE_ID) values (56,4,2);
insert into users_tipo_expediente (USER_ID, TIPO_EXPEDIENTE_ID, SUB_TIPO_EXPEDIENTE_ID) values (6,4,1);
insert into users_tipo_expediente (USER_ID, TIPO_EXPEDIENTE_ID, SUB_TIPO_EXPEDIENTE_ID) values (6,4,2);
insert into users_tipo_expediente (USER_ID, TIPO_EXPEDIENTE_ID, SUB_TIPO_EXPEDIENTE_ID) values (7,2,1);
insert into users_tipo_expediente (USER_ID, TIPO_EXPEDIENTE_ID, SUB_TIPO_EXPEDIENTE_ID) values (7,4,1);
insert into users_tipo_expediente (USER_ID, TIPO_EXPEDIENTE_ID, SUB_TIPO_EXPEDIENTE_ID) values (7,4,2);
insert into users_tipo_expediente (USER_ID, TIPO_EXPEDIENTE_ID, SUB_TIPO_EXPEDIENTE_ID) values (73,4,2);
insert into users_tipo_expediente (USER_ID, TIPO_EXPEDIENTE_ID, SUB_TIPO_EXPEDIENTE_ID) values (83,4,1);
insert into users_tipo_expediente (USER_ID, TIPO_EXPEDIENTE_ID, SUB_TIPO_EXPEDIENTE_ID) values (83,4,2);
insert into users_tipo_expediente (USER_ID, TIPO_EXPEDIENTE_ID, SUB_TIPO_EXPEDIENTE_ID) values (71,4,2);
insert into users_tipo_expediente (USER_ID, TIPO_EXPEDIENTE_ID, SUB_TIPO_EXPEDIENTE_ID) values (89,3,1);
insert into users_tipo_expediente (USER_ID, TIPO_EXPEDIENTE_ID, SUB_TIPO_EXPEDIENTE_ID) values (37,4,1);
insert into users_tipo_expediente (USER_ID, TIPO_EXPEDIENTE_ID, SUB_TIPO_EXPEDIENTE_ID) values (37,4,2);
insert into users_tipo_expediente (USER_ID, TIPO_EXPEDIENTE_ID, SUB_TIPO_EXPEDIENTE_ID) values (57,4,2);
insert into users_tipo_expediente (USER_ID, TIPO_EXPEDIENTE_ID, SUB_TIPO_EXPEDIENTE_ID) values (58,4,1);
insert into users_tipo_expediente (USER_ID, TIPO_EXPEDIENTE_ID, SUB_TIPO_EXPEDIENTE_ID) values (92,3,1);
insert into users_tipo_expediente (USER_ID, TIPO_EXPEDIENTE_ID, SUB_TIPO_EXPEDIENTE_ID) values (92,4,1);
insert into users_tipo_expediente (USER_ID, TIPO_EXPEDIENTE_ID, SUB_TIPO_EXPEDIENTE_ID) values (92,4,2);
insert into users_tipo_expediente (USER_ID, TIPO_EXPEDIENTE_ID, SUB_TIPO_EXPEDIENTE_ID) values (94,3,2);
insert into users_tipo_expediente (USER_ID, TIPO_EXPEDIENTE_ID, SUB_TIPO_EXPEDIENTE_ID) values (94,4,1);
insert into users_tipo_expediente (USER_ID, TIPO_EXPEDIENTE_ID, SUB_TIPO_EXPEDIENTE_ID) values (45,4,2);
insert into users_tipo_expediente (USER_ID, TIPO_EXPEDIENTE_ID, SUB_TIPO_EXPEDIENTE_ID) values (77,4,1);
insert into users_tipo_expediente (USER_ID, TIPO_EXPEDIENTE_ID, SUB_TIPO_EXPEDIENTE_ID) values (82,4,1);
insert into users_tipo_expediente (USER_ID, TIPO_EXPEDIENTE_ID, SUB_TIPO_EXPEDIENTE_ID) values (82,4,2);
insert into users_tipo_expediente (USER_ID, TIPO_EXPEDIENTE_ID, SUB_TIPO_EXPEDIENTE_ID) values (50,4,1);
insert into users_tipo_expediente (USER_ID, TIPO_EXPEDIENTE_ID, SUB_TIPO_EXPEDIENTE_ID) values (50,4,2);
insert into users_tipo_expediente (USER_ID, TIPO_EXPEDIENTE_ID, SUB_TIPO_EXPEDIENTE_ID) values (60,3,2);
insert into users_tipo_expediente (USER_ID, TIPO_EXPEDIENTE_ID, SUB_TIPO_EXPEDIENTE_ID) values (39,4,2);
insert into users_tipo_expediente (USER_ID, TIPO_EXPEDIENTE_ID, SUB_TIPO_EXPEDIENTE_ID) values (40,4,1);
insert into users_tipo_expediente (USER_ID, TIPO_EXPEDIENTE_ID, SUB_TIPO_EXPEDIENTE_ID) values (40,4,2);
insert into users_tipo_expediente (USER_ID, TIPO_EXPEDIENTE_ID, SUB_TIPO_EXPEDIENTE_ID) values (54,4,1);
insert into users_tipo_expediente (USER_ID, TIPO_EXPEDIENTE_ID, SUB_TIPO_EXPEDIENTE_ID) values (54,4,2);
insert into users_tipo_expediente (USER_ID, TIPO_EXPEDIENTE_ID, SUB_TIPO_EXPEDIENTE_ID) values (93,3,1);
insert into users_tipo_expediente (USER_ID, TIPO_EXPEDIENTE_ID, SUB_TIPO_EXPEDIENTE_ID) values (34,4,1);
insert into users_tipo_expediente (USER_ID, TIPO_EXPEDIENTE_ID, SUB_TIPO_EXPEDIENTE_ID) values (34,4,2);
insert into users_tipo_expediente (USER_ID, TIPO_EXPEDIENTE_ID, SUB_TIPO_EXPEDIENTE_ID) values (55,4,1);
insert into users_tipo_expediente (USER_ID, TIPO_EXPEDIENTE_ID, SUB_TIPO_EXPEDIENTE_ID) values (55,4,2);
insert into users_tipo_expediente (USER_ID, TIPO_EXPEDIENTE_ID, SUB_TIPO_EXPEDIENTE_ID) values (28,1,3);
insert into users_tipo_expediente (USER_ID, TIPO_EXPEDIENTE_ID, SUB_TIPO_EXPEDIENTE_ID) values (28,1,2);
insert into users_tipo_expediente (USER_ID, TIPO_EXPEDIENTE_ID, SUB_TIPO_EXPEDIENTE_ID) values (28,3,1);
insert into users_tipo_expediente (USER_ID, TIPO_EXPEDIENTE_ID, SUB_TIPO_EXPEDIENTE_ID) values (28,4,1);
insert into users_tipo_expediente (USER_ID, TIPO_EXPEDIENTE_ID, SUB_TIPO_EXPEDIENTE_ID) values (28,4,2);
insert into users_tipo_expediente (USER_ID, TIPO_EXPEDIENTE_ID, SUB_TIPO_EXPEDIENTE_ID) values (28,1,1);
insert into users_tipo_expediente (USER_ID, TIPO_EXPEDIENTE_ID, SUB_TIPO_EXPEDIENTE_ID) values (71,4,1);
insert into users_tipo_expediente (USER_ID, TIPO_EXPEDIENTE_ID, SUB_TIPO_EXPEDIENTE_ID) values (61,1,3);
insert into users_tipo_expediente (USER_ID, TIPO_EXPEDIENTE_ID, SUB_TIPO_EXPEDIENTE_ID) values (61,1,2);
insert into users_tipo_expediente (USER_ID, TIPO_EXPEDIENTE_ID, SUB_TIPO_EXPEDIENTE_ID) values (61,1,1);
insert into users_tipo_expediente (USER_ID, TIPO_EXPEDIENTE_ID, SUB_TIPO_EXPEDIENTE_ID) values (75,4,1);
insert into users_tipo_expediente (USER_ID, TIPO_EXPEDIENTE_ID, SUB_TIPO_EXPEDIENTE_ID) values (75,4,2);
insert into users_tipo_expediente (USER_ID, TIPO_EXPEDIENTE_ID, SUB_TIPO_EXPEDIENTE_ID) values (73,4,1);
insert into users_tipo_expediente (USER_ID, TIPO_EXPEDIENTE_ID, SUB_TIPO_EXPEDIENTE_ID) values (74,4,1);
insert into users_tipo_expediente (USER_ID, TIPO_EXPEDIENTE_ID, SUB_TIPO_EXPEDIENTE_ID) values (74,4,2);
insert into users_tipo_expediente (USER_ID, TIPO_EXPEDIENTE_ID, SUB_TIPO_EXPEDIENTE_ID) values (63,4,1);
insert into users_tipo_expediente (USER_ID, TIPO_EXPEDIENTE_ID, SUB_TIPO_EXPEDIENTE_ID) values (63,4,2);
insert into users_tipo_expediente (USER_ID, TIPO_EXPEDIENTE_ID, SUB_TIPO_EXPEDIENTE_ID) values (43,4,1);
insert into users_tipo_expediente (USER_ID, TIPO_EXPEDIENTE_ID, SUB_TIPO_EXPEDIENTE_ID) values (43,4,2);
insert into users_tipo_expediente (USER_ID, TIPO_EXPEDIENTE_ID, SUB_TIPO_EXPEDIENTE_ID) values (64,4,1);
insert into users_tipo_expediente (USER_ID, TIPO_EXPEDIENTE_ID, SUB_TIPO_EXPEDIENTE_ID) values (64,4,2);
insert into users_tipo_expediente (USER_ID, TIPO_EXPEDIENTE_ID, SUB_TIPO_EXPEDIENTE_ID) values (44,4,1);
insert into users_tipo_expediente (USER_ID, TIPO_EXPEDIENTE_ID, SUB_TIPO_EXPEDIENTE_ID) values (44,4,2);
insert into users_tipo_expediente (USER_ID, TIPO_EXPEDIENTE_ID, SUB_TIPO_EXPEDIENTE_ID) values (58,4,2);
insert into users_tipo_expediente (USER_ID, TIPO_EXPEDIENTE_ID, SUB_TIPO_EXPEDIENTE_ID) values (36,4,1);
insert into users_tipo_expediente (USER_ID, TIPO_EXPEDIENTE_ID, SUB_TIPO_EXPEDIENTE_ID) values (65,4,1);
insert into users_tipo_expediente (USER_ID, TIPO_EXPEDIENTE_ID, SUB_TIPO_EXPEDIENTE_ID) values (65,4,2);
insert into users_tipo_expediente (USER_ID, TIPO_EXPEDIENTE_ID, SUB_TIPO_EXPEDIENTE_ID) values (84,4,1);
insert into users_tipo_expediente (USER_ID, TIPO_EXPEDIENTE_ID, SUB_TIPO_EXPEDIENTE_ID) values (84,4,2);
insert into users_tipo_expediente (USER_ID, TIPO_EXPEDIENTE_ID, SUB_TIPO_EXPEDIENTE_ID) values (66,2,1);
insert into users_tipo_expediente (USER_ID, TIPO_EXPEDIENTE_ID, SUB_TIPO_EXPEDIENTE_ID) values (27,1,2);
insert into users_tipo_expediente (USER_ID, TIPO_EXPEDIENTE_ID, SUB_TIPO_EXPEDIENTE_ID) values (27,1,3);
insert into users_tipo_expediente (USER_ID, TIPO_EXPEDIENTE_ID, SUB_TIPO_EXPEDIENTE_ID) values (27,3,1);
insert into users_tipo_expediente (USER_ID, TIPO_EXPEDIENTE_ID, SUB_TIPO_EXPEDIENTE_ID) values (27,4,1);
insert into users_tipo_expediente (USER_ID, TIPO_EXPEDIENTE_ID, SUB_TIPO_EXPEDIENTE_ID) values (27,4,2);
insert into users_tipo_expediente (USER_ID, TIPO_EXPEDIENTE_ID, SUB_TIPO_EXPEDIENTE_ID) values (27,1,1);
insert into users_tipo_expediente (USER_ID, TIPO_EXPEDIENTE_ID, SUB_TIPO_EXPEDIENTE_ID) values (94,4,2);
insert into users_tipo_expediente (USER_ID, TIPO_EXPEDIENTE_ID, SUB_TIPO_EXPEDIENTE_ID) values (45,4,1);
insert into users_tipo_expediente (USER_ID, TIPO_EXPEDIENTE_ID, SUB_TIPO_EXPEDIENTE_ID) values (77,4,2);
insert into users_tipo_expediente (USER_ID, TIPO_EXPEDIENTE_ID, SUB_TIPO_EXPEDIENTE_ID) values (36,4,2);
insert into users_tipo_expediente (USER_ID, TIPO_EXPEDIENTE_ID, SUB_TIPO_EXPEDIENTE_ID) values (42,4,2);
insert into users_tipo_expediente (USER_ID, TIPO_EXPEDIENTE_ID, SUB_TIPO_EXPEDIENTE_ID) values (69,4,1);
insert into users_tipo_expediente (USER_ID, TIPO_EXPEDIENTE_ID, SUB_TIPO_EXPEDIENTE_ID) values (69,4,2);
insert into users_tipo_expediente (USER_ID, TIPO_EXPEDIENTE_ID, SUB_TIPO_EXPEDIENTE_ID) values (86,4,1);
insert into users_tipo_expediente (USER_ID, TIPO_EXPEDIENTE_ID, SUB_TIPO_EXPEDIENTE_ID) values (86,4,2);
insert into users_tipo_expediente (USER_ID, TIPO_EXPEDIENTE_ID, SUB_TIPO_EXPEDIENTE_ID) values (79,4,1);
insert into users_tipo_expediente (USER_ID, TIPO_EXPEDIENTE_ID, SUB_TIPO_EXPEDIENTE_ID) values (79,4,2);
insert into users_tipo_expediente (USER_ID, TIPO_EXPEDIENTE_ID, SUB_TIPO_EXPEDIENTE_ID) values (30,1,1);
insert into users_tipo_expediente (USER_ID, TIPO_EXPEDIENTE_ID, SUB_TIPO_EXPEDIENTE_ID) values (30,1,2);
insert into users_tipo_expediente (USER_ID, TIPO_EXPEDIENTE_ID, SUB_TIPO_EXPEDIENTE_ID) values (30,1,3);
insert into users_tipo_expediente (USER_ID, TIPO_EXPEDIENTE_ID, SUB_TIPO_EXPEDIENTE_ID) values (30,2,1);
insert into users_tipo_expediente (USER_ID, TIPO_EXPEDIENTE_ID, SUB_TIPO_EXPEDIENTE_ID) values (30,3,1);
insert into users_tipo_expediente (USER_ID, TIPO_EXPEDIENTE_ID, SUB_TIPO_EXPEDIENTE_ID) values (30,4,1);
insert into users_tipo_expediente (USER_ID, TIPO_EXPEDIENTE_ID, SUB_TIPO_EXPEDIENTE_ID) values (30,4,2);
insert into users_tipo_expediente (USER_ID, TIPO_EXPEDIENTE_ID, SUB_TIPO_EXPEDIENTE_ID) values (95,3,1);
insert into users_tipo_expediente (USER_ID, TIPO_EXPEDIENTE_ID, SUB_TIPO_EXPEDIENTE_ID) values (72,4,1);
insert into users_tipo_expediente (USER_ID, TIPO_EXPEDIENTE_ID, SUB_TIPO_EXPEDIENTE_ID) values (72,4,2);
insert into users_tipo_expediente (USER_ID, TIPO_EXPEDIENTE_ID, SUB_TIPO_EXPEDIENTE_ID) values (47,4,1);
insert into users_tipo_expediente (USER_ID, TIPO_EXPEDIENTE_ID, SUB_TIPO_EXPEDIENTE_ID) values (47,4,2);
insert into users_tipo_expediente (USER_ID, TIPO_EXPEDIENTE_ID, SUB_TIPO_EXPEDIENTE_ID) values (87,4,1);
insert into users_tipo_expediente (USER_ID, TIPO_EXPEDIENTE_ID, SUB_TIPO_EXPEDIENTE_ID) values (87,4,2);
insert into users_tipo_expediente (USER_ID, TIPO_EXPEDIENTE_ID, SUB_TIPO_EXPEDIENTE_ID) values (90,2,1);
insert into users_tipo_expediente (USER_ID, TIPO_EXPEDIENTE_ID, SUB_TIPO_EXPEDIENTE_ID) values (70,4,1);
insert into users_tipo_expediente (USER_ID, TIPO_EXPEDIENTE_ID, SUB_TIPO_EXPEDIENTE_ID) values (70,4,2);
insert into users_tipo_expediente (USER_ID, TIPO_EXPEDIENTE_ID, SUB_TIPO_EXPEDIENTE_ID) values (78,4,1);
insert into users_tipo_expediente (USER_ID, TIPO_EXPEDIENTE_ID, SUB_TIPO_EXPEDIENTE_ID) values (78,4,2);
insert into users_tipo_expediente (USER_ID, TIPO_EXPEDIENTE_ID, SUB_TIPO_EXPEDIENTE_ID) values (49,4,1);
insert into users_tipo_expediente (USER_ID, TIPO_EXPEDIENTE_ID, SUB_TIPO_EXPEDIENTE_ID) values (49,4,2);
insert into users_tipo_expediente (USER_ID, TIPO_EXPEDIENTE_ID, SUB_TIPO_EXPEDIENTE_ID) values (80,4,1);
insert into users_tipo_expediente (USER_ID, TIPO_EXPEDIENTE_ID, SUB_TIPO_EXPEDIENTE_ID) values (80,4,2);
insert into users_tipo_expediente (USER_ID, TIPO_EXPEDIENTE_ID, SUB_TIPO_EXPEDIENTE_ID) values (81,4,1);
insert into users_tipo_expediente (USER_ID, TIPO_EXPEDIENTE_ID, SUB_TIPO_EXPEDIENTE_ID) values (81,4,2);
insert into users_tipo_expediente (USER_ID, TIPO_EXPEDIENTE_ID, SUB_TIPO_EXPEDIENTE_ID) values (67,4,1);
insert into users_tipo_expediente (USER_ID, TIPO_EXPEDIENTE_ID, SUB_TIPO_EXPEDIENTE_ID) values (67,4,2);
insert into users_tipo_expediente (USER_ID, TIPO_EXPEDIENTE_ID, SUB_TIPO_EXPEDIENTE_ID) values (48,4,1);
insert into users_tipo_expediente (USER_ID, TIPO_EXPEDIENTE_ID, SUB_TIPO_EXPEDIENTE_ID) values (48,4,2);
insert into users_tipo_expediente (USER_ID, TIPO_EXPEDIENTE_ID, SUB_TIPO_EXPEDIENTE_ID) values (88,4,1);
insert into users_tipo_expediente (USER_ID, TIPO_EXPEDIENTE_ID, SUB_TIPO_EXPEDIENTE_ID) values (88,4,2);
insert into users_tipo_expediente (USER_ID, TIPO_EXPEDIENTE_ID, SUB_TIPO_EXPEDIENTE_ID) values (26,1,3);
insert into users_tipo_expediente (USER_ID, TIPO_EXPEDIENTE_ID, SUB_TIPO_EXPEDIENTE_ID) values (26,1,2);
insert into users_tipo_expediente (USER_ID, TIPO_EXPEDIENTE_ID, SUB_TIPO_EXPEDIENTE_ID) values (26,3,1);
insert into users_tipo_expediente (USER_ID, TIPO_EXPEDIENTE_ID, SUB_TIPO_EXPEDIENTE_ID) values (26,4,1);
insert into users_tipo_expediente (USER_ID, TIPO_EXPEDIENTE_ID, SUB_TIPO_EXPEDIENTE_ID) values (26,4,2);
insert into users_tipo_expediente (USER_ID, TIPO_EXPEDIENTE_ID, SUB_TIPO_EXPEDIENTE_ID) values (26,1,1);
insert into users_tipo_expediente (USER_ID, TIPO_EXPEDIENTE_ID, SUB_TIPO_EXPEDIENTE_ID) values (4,1,1);
insert into users_tipo_expediente (USER_ID, TIPO_EXPEDIENTE_ID, SUB_TIPO_EXPEDIENTE_ID) values (4,1,2);
insert into users_tipo_expediente (USER_ID, TIPO_EXPEDIENTE_ID, SUB_TIPO_EXPEDIENTE_ID) values (31,3,2);
insert into users_tipo_expediente (USER_ID, TIPO_EXPEDIENTE_ID, SUB_TIPO_EXPEDIENTE_ID) values (51,4,1);
insert into users_tipo_expediente (USER_ID, TIPO_EXPEDIENTE_ID, SUB_TIPO_EXPEDIENTE_ID) values (51,4,2);
insert into users_tipo_expediente (USER_ID, TIPO_EXPEDIENTE_ID, SUB_TIPO_EXPEDIENTE_ID) values (22,4,1);
insert into users_tipo_expediente (USER_ID, TIPO_EXPEDIENTE_ID, SUB_TIPO_EXPEDIENTE_ID) values (22,4,2);
insert into users_tipo_expediente (USER_ID, TIPO_EXPEDIENTE_ID, SUB_TIPO_EXPEDIENTE_ID) values (52,4,1);
insert into users_tipo_expediente (USER_ID, TIPO_EXPEDIENTE_ID, SUB_TIPO_EXPEDIENTE_ID) values (52,4,2);
insert into users_tipo_expediente (USER_ID, TIPO_EXPEDIENTE_ID, SUB_TIPO_EXPEDIENTE_ID) values (53,4,1);
insert into users_tipo_expediente (USER_ID, TIPO_EXPEDIENTE_ID, SUB_TIPO_EXPEDIENTE_ID) values (53,4,2);
insert into users_tipo_expediente (USER_ID, TIPO_EXPEDIENTE_ID, SUB_TIPO_EXPEDIENTE_ID) values (91,3,1);
insert into users_tipo_expediente (USER_ID, TIPO_EXPEDIENTE_ID, SUB_TIPO_EXPEDIENTE_ID) values (91,4,1);
insert into users_tipo_expediente (USER_ID, TIPO_EXPEDIENTE_ID, SUB_TIPO_EXPEDIENTE_ID) values (91,4,2);
insert into users_tipo_expediente (USER_ID, TIPO_EXPEDIENTE_ID, SUB_TIPO_EXPEDIENTE_ID) values (68,4,1);
insert into users_tipo_expediente (USER_ID, TIPO_EXPEDIENTE_ID, SUB_TIPO_EXPEDIENTE_ID) values (68,4,2);
insert into users_tipo_expediente (USER_ID, TIPO_EXPEDIENTE_ID, SUB_TIPO_EXPEDIENTE_ID) values (32,1,1);
insert into users_tipo_expediente (USER_ID, TIPO_EXPEDIENTE_ID, SUB_TIPO_EXPEDIENTE_ID) values (32,1,2);
insert into users_tipo_expediente (USER_ID, TIPO_EXPEDIENTE_ID, SUB_TIPO_EXPEDIENTE_ID) values (32,1,3);
insert into users_tipo_expediente (USER_ID, TIPO_EXPEDIENTE_ID, SUB_TIPO_EXPEDIENTE_ID) values (32,3,1);
insert into users_tipo_expediente (USER_ID, TIPO_EXPEDIENTE_ID, SUB_TIPO_EXPEDIENTE_ID) values (32,4,1);
insert into users_tipo_expediente (USER_ID, TIPO_EXPEDIENTE_ID, SUB_TIPO_EXPEDIENTE_ID) values (32,4,2);
insert into users_tipo_expediente (USER_ID, TIPO_EXPEDIENTE_ID, SUB_TIPO_EXPEDIENTE_ID) values (25,1,3);
insert into users_tipo_expediente (USER_ID, TIPO_EXPEDIENTE_ID, SUB_TIPO_EXPEDIENTE_ID) values (25,1,2);
insert into users_tipo_expediente (USER_ID, TIPO_EXPEDIENTE_ID, SUB_TIPO_EXPEDIENTE_ID) values (25,3,1);
insert into users_tipo_expediente (USER_ID, TIPO_EXPEDIENTE_ID, SUB_TIPO_EXPEDIENTE_ID) values (25,4,1);
insert into users_tipo_expediente (USER_ID, TIPO_EXPEDIENTE_ID, SUB_TIPO_EXPEDIENTE_ID) values (25,4,2);
insert into users_tipo_expediente (USER_ID, TIPO_EXPEDIENTE_ID, SUB_TIPO_EXPEDIENTE_ID) values (25,1,1);
insert into users_tipo_expediente (USER_ID, TIPO_EXPEDIENTE_ID, SUB_TIPO_EXPEDIENTE_ID) values (39,4,1);
insert into users_tipo_expediente (USER_ID, TIPO_EXPEDIENTE_ID, SUB_TIPO_EXPEDIENTE_ID) values (41,4,1);
insert into users_tipo_expediente (USER_ID, TIPO_EXPEDIENTE_ID, SUB_TIPO_EXPEDIENTE_ID) values (41,4,2);
insert into users_tipo_expediente (USER_ID, TIPO_EXPEDIENTE_ID, SUB_TIPO_EXPEDIENTE_ID) values (33,1,1);
insert into users_tipo_expediente (USER_ID, TIPO_EXPEDIENTE_ID, SUB_TIPO_EXPEDIENTE_ID) values (33,1,2);
insert into users_tipo_expediente (USER_ID, TIPO_EXPEDIENTE_ID, SUB_TIPO_EXPEDIENTE_ID) values (33,1,3);
insert into users_tipo_expediente (USER_ID, TIPO_EXPEDIENTE_ID, SUB_TIPO_EXPEDIENTE_ID) values (33,2,1);
insert into users_tipo_expediente (USER_ID, TIPO_EXPEDIENTE_ID, SUB_TIPO_EXPEDIENTE_ID) values (33,3,1);
insert into users_tipo_expediente (USER_ID, TIPO_EXPEDIENTE_ID, SUB_TIPO_EXPEDIENTE_ID) values (33,4,1);
insert into users_tipo_expediente (USER_ID, TIPO_EXPEDIENTE_ID, SUB_TIPO_EXPEDIENTE_ID) values (33,4,2);
insert into users_tipo_expediente (USER_ID, TIPO_EXPEDIENTE_ID, SUB_TIPO_EXPEDIENTE_ID) values (21,3,1);
insert into users_tipo_expediente (USER_ID, TIPO_EXPEDIENTE_ID, SUB_TIPO_EXPEDIENTE_ID) values (62,4,1);
insert into users_tipo_expediente (USER_ID, TIPO_EXPEDIENTE_ID, SUB_TIPO_EXPEDIENTE_ID) values (62,4,2);
insert into users_tipo_expediente (USER_ID, TIPO_EXPEDIENTE_ID, SUB_TIPO_EXPEDIENTE_ID) values (59,4,1);
insert into users_tipo_expediente (USER_ID, TIPO_EXPEDIENTE_ID, SUB_TIPO_EXPEDIENTE_ID) values (59,4,2);
insert into users_tipo_expediente (USER_ID, TIPO_EXPEDIENTE_ID, SUB_TIPO_EXPEDIENTE_ID) values (57,4,1);
insert into users_tipo_expediente (USER_ID, TIPO_EXPEDIENTE_ID, SUB_TIPO_EXPEDIENTE_ID) values (4,1,3);
insert into users_tipo_expediente (USER_ID, TIPO_EXPEDIENTE_ID, SUB_TIPO_EXPEDIENTE_ID) values (75,3,2);
insert into users_tipo_expediente (USER_ID, TIPO_EXPEDIENTE_ID, SUB_TIPO_EXPEDIENTE_ID) values (76,4,1);
insert into users_tipo_expediente (USER_ID, TIPO_EXPEDIENTE_ID, SUB_TIPO_EXPEDIENTE_ID) values (76,4,2);
insert into users_tipo_expediente (USER_ID, TIPO_EXPEDIENTE_ID, SUB_TIPO_EXPEDIENTE_ID) values (29,2,1);
insert into users_tipo_expediente (USER_ID, TIPO_EXPEDIENTE_ID, SUB_TIPO_EXPEDIENTE_ID) values (38,4,1);
insert into users_tipo_expediente (USER_ID, TIPO_EXPEDIENTE_ID, SUB_TIPO_EXPEDIENTE_ID) values (38,4,2);
insert into users_tipo_expediente (USER_ID, TIPO_EXPEDIENTE_ID, SUB_TIPO_EXPEDIENTE_ID) values (42,4,1);
insert into users_tipo_expediente (USER_ID, TIPO_EXPEDIENTE_ID, SUB_TIPO_EXPEDIENTE_ID) values (9,3,1);
insert into users_tipo_expediente (USER_ID, TIPO_EXPEDIENTE_ID, SUB_TIPO_EXPEDIENTE_ID) values (9,1,2);
insert into users_tipo_expediente (USER_ID, TIPO_EXPEDIENTE_ID, SUB_TIPO_EXPEDIENTE_ID) values (10,4,1);
insert into users_tipo_expediente (USER_ID, TIPO_EXPEDIENTE_ID, SUB_TIPO_EXPEDIENTE_ID) values (10,4,2);
insert into users_tipo_expediente (USER_ID, TIPO_EXPEDIENTE_ID, SUB_TIPO_EXPEDIENTE_ID) values (11,3,1);
insert into users_tipo_expediente (USER_ID, TIPO_EXPEDIENTE_ID, SUB_TIPO_EXPEDIENTE_ID) values (11,4,1);
insert into users_tipo_expediente (USER_ID, TIPO_EXPEDIENTE_ID, SUB_TIPO_EXPEDIENTE_ID) values (11,4,2);
insert into users_tipo_expediente (USER_ID, TIPO_EXPEDIENTE_ID, SUB_TIPO_EXPEDIENTE_ID) values (12,1,1);
insert into users_tipo_expediente (USER_ID, TIPO_EXPEDIENTE_ID, SUB_TIPO_EXPEDIENTE_ID) values (12,1,2);
insert into users_tipo_expediente (USER_ID, TIPO_EXPEDIENTE_ID, SUB_TIPO_EXPEDIENTE_ID) values (12,1,3);
insert into users_tipo_expediente (USER_ID, TIPO_EXPEDIENTE_ID, SUB_TIPO_EXPEDIENTE_ID) values (13,2,1);
insert into users_tipo_expediente (USER_ID, TIPO_EXPEDIENTE_ID, SUB_TIPO_EXPEDIENTE_ID) values (14,2,1);
insert into users_tipo_expediente (USER_ID, TIPO_EXPEDIENTE_ID, SUB_TIPO_EXPEDIENTE_ID) values (15,4,1);
insert into users_tipo_expediente (USER_ID, TIPO_EXPEDIENTE_ID, SUB_TIPO_EXPEDIENTE_ID) values (15,4,2);
insert into users_tipo_expediente (USER_ID, TIPO_EXPEDIENTE_ID, SUB_TIPO_EXPEDIENTE_ID) values (16,4,1);
insert into users_tipo_expediente (USER_ID, TIPO_EXPEDIENTE_ID, SUB_TIPO_EXPEDIENTE_ID) values (16,4,2);
insert into users_tipo_expediente (USER_ID, TIPO_EXPEDIENTE_ID, SUB_TIPO_EXPEDIENTE_ID) values (17,2,1);
insert into users_tipo_expediente (USER_ID, TIPO_EXPEDIENTE_ID, SUB_TIPO_EXPEDIENTE_ID) values (18,3,2);
insert into users_tipo_expediente (USER_ID, TIPO_EXPEDIENTE_ID, SUB_TIPO_EXPEDIENTE_ID) values (18,1,1);
insert into users_tipo_expediente (USER_ID, TIPO_EXPEDIENTE_ID, SUB_TIPO_EXPEDIENTE_ID) values (18,1,2);
insert into users_tipo_expediente (USER_ID, TIPO_EXPEDIENTE_ID, SUB_TIPO_EXPEDIENTE_ID) values (18,1,3);
insert into users_tipo_expediente (USER_ID, TIPO_EXPEDIENTE_ID, SUB_TIPO_EXPEDIENTE_ID) values (19,2,1);
insert into users_tipo_expediente (USER_ID, TIPO_EXPEDIENTE_ID, SUB_TIPO_EXPEDIENTE_ID) values (20,1,1);


--DEPARTAMENTOS
UPDATE MAS_DEPARTAMENTO SET ESTADO = 1;
UPDATE MAS_CIUDAD SET ESTADO = 1;

--DEPENDENCIAS
--UPDATE MAS_DEPENDENCIA_ORIGEN SET ESTADO = 1;

alter sequence MAS_DEPENDENCIA_ORIGEN_ID_SEQ restart start with 411;
alter sequence MAS_TIPO_EXPEDIENTE_ID_SEQ restart start with 4;
alter sequence MAS_DIAS_NO_LABORALES_ID_SEQ restart start with 106;
alter sequence USERS_ID_SEQ restart start with 97;

INSERT INTO MAS_PARAMETRO_CAMPOS (ID, NOMBRE_CAMPO, CREATED_USER, UPDATED_USER, CREATED_AT, UPDATED_AT, TYPE, VALUE, ESTADO, REFERENCIA_TABLA, REFERENCIA_COLUMNA, REFERENCIA_ULTIMO_DATO, PRINCIPAL, MOSTRAR_EN_TABLA, ORDEN, GRUPO_GENERAL) VALUES (1,'Radicado','ForsecurityDiscUno','ForsecurityDiscUno','29-MAY-23 09.27.04.000000000','08-AUG-23 11.14.23.000000000','radicado','',1,'proceso_disciplinario','radicado',0,0,0,1,'proceso_disciplinario');
INSERT INTO MAS_PARAMETRO_CAMPOS (ID, NOMBRE_CAMPO, CREATED_USER, UPDATED_USER, CREATED_AT, UPDATED_AT, TYPE, VALUE, ESTADO, REFERENCIA_TABLA, REFERENCIA_COLUMNA, REFERENCIA_ULTIMO_DATO, PRINCIPAL, MOSTRAR_EN_TABLA, ORDEN) VALUES (2,'Número de auto (generado despues de aprobación)','ForsecurityDiscUno','ForsecurityDiscUno','29-MAY-23 09.27.04.000000000','29-MAY-23 09.27.04.000000000','Número de auto (generado despues de aprobación)','${numero_de_auto}',1,'','',0,0,0,17);
INSERT INTO MAS_PARAMETRO_CAMPOS (ID, NOMBRE_CAMPO, CREATED_USER, UPDATED_USER, CREATED_AT, UPDATED_AT, TYPE, VALUE, ESTADO, REFERENCIA_TABLA, REFERENCIA_COLUMNA, REFERENCIA_ULTIMO_DATO, PRINCIPAL, MOSTRAR_EN_TABLA, ORDEN, GRUPO_GENERAL) VALUES (3,'Vigencia','ForsecurityDiscUno','ForsecurityDiscUno','29-MAY-23 09.27.04.000000000','08-AUG-23 11.14.23.000000000','vigencia','',1,'proceso_disciplinario','vigencia',0,0,0,2,'proceso_disciplinario');
INSERT INTO MAS_PARAMETRO_CAMPOS (ID, NOMBRE_CAMPO, CREATED_USER, UPDATED_USER, CREATED_AT, UPDATED_AT, TYPE, VALUE, ESTADO, REFERENCIA_TABLA, REFERENCIA_COLUMNA, REFERENCIA_ULTIMO_DATO, PRINCIPAL, MOSTRAR_EN_TABLA, ORDEN, GRUPO_GENERAL) VALUES (4,'Antecedentes','ForsecurityDiscUno','ForsecurityDiscUno','29-MAY-23 09.27.04.000000000','29-MAY-23 09.27.04.000000000','hechos','',1,'antecedente','descripcion',0,0,0,3,'antecedente');
INSERT INTO MAS_PARAMETRO_CAMPOS (ID, NOMBRE_CAMPO, CREATED_USER, UPDATED_USER, CREATED_AT, UPDATED_AT, TYPE, VALUE, ESTADO, REFERENCIA_TABLA, REFERENCIA_COLUMNA, REFERENCIA_ULTIMO_DATO, PRINCIPAL, MOSTRAR_EN_TABLA, ORDEN) VALUES (5,'Auto','ForsecurityDiscUno','ForsecurityDiscUno','29-MAY-23 09.27.04.000000000','29-MAY-23 09.27.04.000000000','Número de auto (generado despues de aprobación)','',1,'','',0,0,0,18);
INSERT INTO MAS_PARAMETRO_CAMPOS (ID, NOMBRE_CAMPO, CREATED_USER, UPDATED_USER, CREATED_AT, UPDATED_AT, TYPE, VALUE, ESTADO, REFERENCIA_TABLA, REFERENCIA_COLUMNA, REFERENCIA_ULTIMO_DATO, PRINCIPAL, REFERENCIA_TABLA_MAESTRA, REFERENCIA_COLUMNA_MAESTRA, REFERENCIA_COLUMNA_MAESTRA_CONSULTA, MOSTRAR_EN_TABLA, ORDEN, GRUPO_GENERAL) VALUES (6,'Delegada','ForsecurityDiscUno','ForsecurityDiscUno','29-MAY-23 09.27.04.000000000','29-MAY-23 09.27.04.000000000','delegada','',1,'proceso_disciplinario','id_dependencia_duena',0,0,'mas_dependencia_origen','id','nombre',0,4,'proceso_disciplinario');
INSERT INTO MAS_PARAMETRO_CAMPOS (ID, NOMBRE_CAMPO, CREATED_USER, UPDATED_USER, CREATED_AT, UPDATED_AT, TYPE, VALUE, ESTADO, REFERENCIA_TABLA, REFERENCIA_COLUMNA, REFERENCIA_ULTIMO_DATO, PRINCIPAL, MOSTRAR_EN_TABLA, ORDEN, GRUPO_GENERAL) VALUES (7,'Investigado  Nombre','ForsecurityDiscUno','ForsecurityDiscUno','29-MAY-23 09.27.04.000000000','29-MAY-23 09.27.04.000000000','investigado_nombre','',1,'entidad_investigado','nombre_investigado',0,1,1,5,'entidad_investigado');
INSERT INTO MAS_PARAMETRO_CAMPOS (ID, NOMBRE_CAMPO, CREATED_USER, UPDATED_USER, CREATED_AT, UPDATED_AT, TYPE, VALUE, ESTADO, REFERENCIA_TABLA, REFERENCIA_COLUMNA, REFERENCIA_ULTIMO_DATO, PRINCIPAL, REFERENCIA_TABLA_MAESTRA, REFERENCIA_COLUMNA_MAESTRA, REFERENCIA_COLUMNA_MAESTRA_CONSULTA, MOSTRAR_EN_TABLA, ORDEN, GRUPO_GENERAL) VALUES (8,'Investigado Entidad','ForsecurityDiscUno','ForsecurityDiscUno','29-MAY-23 09.27.04.000000000','29-MAY-23 09.27.04.000000000','investigado_entidad','',1,'entidad_investigado','id_entidad',0,0,'entidad','identidad','nombre',0,6,'entidad_investigado');
INSERT INTO MAS_PARAMETRO_CAMPOS (ID, NOMBRE_CAMPO, CREATED_USER, UPDATED_USER, CREATED_AT, UPDATED_AT, TYPE, VALUE, ESTADO, REFERENCIA_TABLA, REFERENCIA_COLUMNA, REFERENCIA_ULTIMO_DATO, PRINCIPAL, MOSTRAR_EN_TABLA, ORDEN, GRUPO_GENERAL) VALUES (9,'Investigado Cargo','ForsecurityDiscUno','ForsecurityDiscUno','29-MAY-23 09.27.04.000000000','29-MAY-23 09.27.04.000000000','investigado_cargo','',1,'entidad_investigado','cargo',0,0,0,7,'entidad_investigado');
INSERT INTO MAS_PARAMETRO_CAMPOS (ID, NOMBRE_CAMPO, CREATED_USER, UPDATED_USER, CREATED_AT, UPDATED_AT, TYPE, VALUE, ESTADO, REFERENCIA_TABLA, REFERENCIA_COLUMNA, REFERENCIA_ULTIMO_DATO, PRINCIPAL, MOSTRAR_EN_TABLA, ORDEN, GRUPO_GENERAL) VALUES (10,'Investigado Observaciones','ForsecurityDiscUno','ForsecurityDiscUno','29-MAY-23 09.27.04.000000000','29-MAY-23 09.27.04.000000000','investigado_observaciones','',1,'entidad_investigado','observaciones',0,0,0,8,'entidad_investigado');
INSERT INTO MAS_PARAMETRO_CAMPOS (ID, NOMBRE_CAMPO, CREATED_USER, UPDATED_USER, CREATED_AT, UPDATED_AT, TYPE, VALUE, ESTADO, REFERENCIA_TABLA, REFERENCIA_COLUMNA, REFERENCIA_ULTIMO_DATO, PRINCIPAL, MOSTRAR_EN_TABLA, ORDEN, GRUPO_GENERAL) VALUES (11,'Quejoso','ForsecurityDiscUno','ForsecurityDiscUno','29-MAY-23 09.27.04.000000000','29-MAY-23 09.27.04.000000000','interesado','',1,'interesado','primer_nombre,segundo_nombre,primer_apellido,segundo_apellido',0,1,1,9,'interesado');
INSERT INTO MAS_PARAMETRO_CAMPOS (ID, NOMBRE_CAMPO, CREATED_USER, UPDATED_USER, CREATED_AT, UPDATED_AT, TYPE, VALUE, ESTADO, REFERENCIA_TABLA, REFERENCIA_COLUMNA, REFERENCIA_ULTIMO_DATO, PRINCIPAL, REFERENCIA_TABLA_MAESTRA, REFERENCIA_COLUMNA_MAESTRA, REFERENCIA_COLUMNA_MAESTRA_CONSULTA, MOSTRAR_EN_TABLA, ORDEN, GRUPO_GENERAL) VALUES (12,'Tipo Sujeto Procesal','ForsecurityDiscUno','ForsecurityDiscUno','29-MAY-23 09.27.04.000000000','29-MAY-23 09.27.04.000000000','interesado_sujeto_procesal','',1,'interesado','id_tipo_sujeto_procesal',0,0,'mas_tipo_sujeto_procesal','id','nombre',0,10,'interesado');
INSERT INTO MAS_PARAMETRO_CAMPOS (ID, NOMBRE_CAMPO, CREATED_USER, UPDATED_USER, CREATED_AT, UPDATED_AT, TYPE, VALUE, ESTADO, REFERENCIA_TABLA, REFERENCIA_COLUMNA, REFERENCIA_ULTIMO_DATO, PRINCIPAL, MOSTRAR_EN_TABLA, ORDEN, GRUPO_GENERAL) VALUES (13,'Numero Documento','ForsecurityDiscUno','ForsecurityDiscUno','29-MAY-23 09.27.04.000000000','29-MAY-23 09.27.04.000000000','interesado_documento','',1,'interesado','numero_documento',0,0,0,11,'interesado');
INSERT INTO MAS_PARAMETRO_CAMPOS (ID, NOMBRE_CAMPO, CREATED_USER, UPDATED_USER, CREATED_AT, UPDATED_AT, TYPE, VALUE, ESTADO, REFERENCIA_TABLA, REFERENCIA_COLUMNA, REFERENCIA_ULTIMO_DATO, PRINCIPAL, MOSTRAR_EN_TABLA, ORDEN, GRUPO_GENERAL) VALUES (19,'Entidad','ForsecurityDiscUno','ForsecurityDiscUno','29-MAY-23 09.27.04.000000000','29-MAY-23 09.27.04.000000000','interesado_entidad','',1,'interesado','entidad',0,0,0,12,'interesado');
INSERT INTO MAS_PARAMETRO_CAMPOS (ID, NOMBRE_CAMPO, CREATED_USER, UPDATED_USER, CREATED_AT, UPDATED_AT, TYPE, VALUE, ESTADO, REFERENCIA_TABLA, REFERENCIA_COLUMNA, REFERENCIA_ULTIMO_DATO, PRINCIPAL, MOSTRAR_EN_TABLA, ORDEN, GRUPO_GENERAL) VALUES (20,'Cargo','ForsecurityDiscUno','ForsecurityDiscUno','29-MAY-23 09.27.04.000000000','29-MAY-23 09.27.04.000000000','interesado_cargo','',1,'interesado','cargo',0,0,0,13,'interesado');
INSERT INTO MAS_PARAMETRO_CAMPOS (ID, NOMBRE_CAMPO, CREATED_USER, UPDATED_USER, CREATED_AT, UPDATED_AT, TYPE, VALUE, ESTADO, REFERENCIA_TABLA, REFERENCIA_COLUMNA, REFERENCIA_ULTIMO_DATO, PRINCIPAL, REFERENCIA_TABLA_MAESTRA, REFERENCIA_COLUMNA_MAESTRA, REFERENCIA_COLUMNA_MAESTRA_CONSULTA, MOSTRAR_EN_TABLA, ORDEN, GRUPO_GENERAL) VALUES (14,'Departamento','ForsecurityDiscUno','ForsecurityDiscUno','29-MAY-23 09.27.04.000000000','29-MAY-23 09.27.04.000000000','interesado_departamento','',1,'interesado','id_ciudad',0,0,'mas_ciudad','id','nombre',0,14,'interesado');
INSERT INTO MAS_PARAMETRO_CAMPOS (ID, NOMBRE_CAMPO, CREATED_USER, UPDATED_USER, CREATED_AT, UPDATED_AT, TYPE, VALUE, ESTADO, REFERENCIA_TABLA, REFERENCIA_COLUMNA, REFERENCIA_ULTIMO_DATO, PRINCIPAL, REFERENCIA_TABLA_MAESTRA, REFERENCIA_COLUMNA_MAESTRA, REFERENCIA_COLUMNA_MAESTRA_CONSULTA, MOSTRAR_EN_TABLA, ORDEN, GRUPO_GENERAL) VALUES (15,'Ciudad','ForsecurityDiscUno','ForsecurityDiscUno','29-MAY-23 09.27.04.000000000','29-MAY-23 09.27.04.000000000','interesado_ciudad','',1,'interesado','id_departamento',0,0,'mas_departamento','id','nombre',0,15,'interesado');
INSERT INTO MAS_PARAMETRO_CAMPOS (ID, NOMBRE_CAMPO, CREATED_USER, UPDATED_USER, CREATED_AT, UPDATED_AT, TYPE, VALUE, ESTADO, REFERENCIA_TABLA, REFERENCIA_COLUMNA, REFERENCIA_ULTIMO_DATO, PRINCIPAL, MOSTRAR_EN_TABLA, ORDEN, GRUPO_GENERAL) VALUES (16,'Direccion','ForsecurityDiscUno','ForsecurityDiscUno','29-MAY-23 09.27.04.000000000','29-MAY-23 09.27.04.000000000','interesado_direccion','',1,'interesado','direccion',0,0,0,16,'interesado');
INSERT INTO MAS_PARAMETRO_CAMPOS (ID, NOMBRE_CAMPO, CREATED_USER, UPDATED_USER, CREATED_AT, UPDATED_AT, TYPE, VALUE, ESTADO, REFERENCIA_TABLA, REFERENCIA_COLUMNA, REFERENCIA_ULTIMO_DATO, PRINCIPAL, REFERENCIA_TABLA_MAESTRA, REFERENCIA_COLUMNA_MAESTRA, REFERENCIA_COLUMNA_MAESTRA_CONSULTA, MOSTRAR_EN_TABLA, ORDEN, GRUPO_GENERAL) VALUES (17,'Genero','ForsecurityDiscUno','ForsecurityDiscUno','29-MAY-23 09.27.04.000000000','29-MAY-23 09.27.04.000000000','interesado_genero','',1,'interesado','id_genero',0,0,'mas_genero','id','nombre',0,17,'interesado');
INSERT INTO MAS_PARAMETRO_CAMPOS (ID, NOMBRE_CAMPO, CREATED_USER, UPDATED_USER, CREATED_AT, UPDATED_AT, TYPE, VALUE, ESTADO, REFERENCIA_TABLA, REFERENCIA_COLUMNA, REFERENCIA_ULTIMO_DATO, PRINCIPAL, REFERENCIA_TABLA_MAESTRA, REFERENCIA_COLUMNA_MAESTRA, REFERENCIA_COLUMNA_MAESTRA_CONSULTA, MOSTRAR_EN_TABLA, ORDEN, GRUPO_GENERAL) VALUES (18,'Sexo','ForsecurityDiscUno','ForsecurityDiscUno','29-MAY-23 09.27.04.000000000','29-MAY-23 09.27.04.000000000','interesado_sexo','',1,'interesado','id_sexo',0,0,'mas_sexo','id','nombre',0,18,'interesado');
INSERT INTO MAS_PARAMETRO_CAMPOS (ID, NOMBRE_CAMPO, CREATED_USER, UPDATED_USER, CREATED_AT, UPDATED_AT, TYPE, VALUE, ESTADO, REFERENCIA_TABLA, REFERENCIA_COLUMNA, REFERENCIA_ULTIMO_DATO, PRINCIPAL, MOSTRAR_EN_TABLA, ORDEN, GRUPO_GENERAL) VALUES (21,'Quejoso Investigado','ForsecurityDiscUno','ForsecurityDiscUno','29-MAY-23 09.27.04.000000000','29-MAY-23 09.27.04.000000000','interesado2','',1,'interesado','primer_nombre,segundo_nombre,primer_apellido,segundo_apellido',0,1,1,19,'interesado2');
INSERT INTO MAS_PARAMETRO_CAMPOS (ID, NOMBRE_CAMPO, CREATED_USER, UPDATED_USER, CREATED_AT, UPDATED_AT, TYPE, VALUE, ESTADO, REFERENCIA_TABLA, REFERENCIA_COLUMNA, REFERENCIA_ULTIMO_DATO, PRINCIPAL, REFERENCIA_TABLA_MAESTRA, REFERENCIA_COLUMNA_MAESTRA, REFERENCIA_COLUMNA_MAESTRA_CONSULTA, MOSTRAR_EN_TABLA, ORDEN, GRUPO_GENERAL) VALUES (22,'Tipo Sujeto Procesal Investigado','ForsecurityDiscUno','ForsecurityDiscUno','29-MAY-23 09.27.04.000000000','29-MAY-23 09.27.04.000000000','interesado_sujeto_procesal2','',1,'interesado','id_tipo_sujeto_procesal',0,0,'mas_tipo_sujeto_procesal','id','nombre',0,20,'interesado2');
INSERT INTO MAS_PARAMETRO_CAMPOS (ID, NOMBRE_CAMPO, CREATED_USER, UPDATED_USER, CREATED_AT, UPDATED_AT, TYPE, VALUE, ESTADO, REFERENCIA_TABLA, REFERENCIA_COLUMNA, REFERENCIA_ULTIMO_DATO, PRINCIPAL, MOSTRAR_EN_TABLA, ORDEN, GRUPO_GENERAL) VALUES (23,'Numero Documento Investigado','ForsecurityDiscUno','ForsecurityDiscUno','29-MAY-23 09.27.04.000000000','29-MAY-23 09.27.04.000000000','interesado_documento2','',1,'interesado','numero_documento',0,0,0,21,'interesado2');
INSERT INTO MAS_PARAMETRO_CAMPOS (ID, NOMBRE_CAMPO, CREATED_USER, UPDATED_USER, CREATED_AT, UPDATED_AT, TYPE, VALUE, ESTADO, REFERENCIA_TABLA, REFERENCIA_COLUMNA, REFERENCIA_ULTIMO_DATO, PRINCIPAL, MOSTRAR_EN_TABLA, ORDEN, GRUPO_GENERAL) VALUES (24,'Entidad Investigado','ForsecurityDiscUno','ForsecurityDiscUno','29-MAY-23 09.27.04.000000000','29-MAY-23 09.27.04.000000000','interesado_entidad2','',1,'interesado','entidad',0,0,0,22,'interesado2');
INSERT INTO MAS_PARAMETRO_CAMPOS (ID, NOMBRE_CAMPO, CREATED_USER, UPDATED_USER, CREATED_AT, UPDATED_AT, TYPE, VALUE, ESTADO, REFERENCIA_TABLA, REFERENCIA_COLUMNA, REFERENCIA_ULTIMO_DATO, PRINCIPAL, MOSTRAR_EN_TABLA, ORDEN, GRUPO_GENERAL) VALUES (25,'Cargo Investigado','ForsecurityDiscUno','ForsecurityDiscUno','29-MAY-23 09.27.04.000000000','29-MAY-23 09.27.04.000000000','interesado_cargo2','',1,'interesado','cargo',0,0,0,23,'interesado2');
INSERT INTO MAS_PARAMETRO_CAMPOS (ID, NOMBRE_CAMPO, CREATED_USER, UPDATED_USER, CREATED_AT, UPDATED_AT, TYPE, VALUE, ESTADO, REFERENCIA_TABLA, REFERENCIA_COLUMNA, REFERENCIA_ULTIMO_DATO, PRINCIPAL, REFERENCIA_TABLA_MAESTRA, REFERENCIA_COLUMNA_MAESTRA, REFERENCIA_COLUMNA_MAESTRA_CONSULTA, MOSTRAR_EN_TABLA, ORDEN, GRUPO_GENERAL) VALUES (26,'Departamento Investigado','ForsecurityDiscUno','ForsecurityDiscUno','29-MAY-23 09.27.04.000000000','29-MAY-23 09.27.04.000000000','interesado_departamento2','',1,'interesado','id_ciudad',0,0,'mas_ciudad','id','nombre',0,24,'interesado2');
INSERT INTO MAS_PARAMETRO_CAMPOS (ID, NOMBRE_CAMPO, CREATED_USER, UPDATED_USER, CREATED_AT, UPDATED_AT, TYPE, VALUE, ESTADO, REFERENCIA_TABLA, REFERENCIA_COLUMNA, REFERENCIA_ULTIMO_DATO, PRINCIPAL, REFERENCIA_TABLA_MAESTRA, REFERENCIA_COLUMNA_MAESTRA, REFERENCIA_COLUMNA_MAESTRA_CONSULTA, MOSTRAR_EN_TABLA, ORDEN, GRUPO_GENERAL) VALUES (27,'Ciudad Investigado','ForsecurityDiscUno','ForsecurityDiscUno','29-MAY-23 09.27.04.000000000','29-MAY-23 09.27.04.000000000','interesado_ciudad2','',1,'interesado','id_departamento',0,0,'mas_departamento','id','nombre',0,25,'interesado2');
INSERT INTO MAS_PARAMETRO_CAMPOS (ID, NOMBRE_CAMPO, CREATED_USER, UPDATED_USER, CREATED_AT, UPDATED_AT, TYPE, VALUE, ESTADO, REFERENCIA_TABLA, REFERENCIA_COLUMNA, REFERENCIA_ULTIMO_DATO, PRINCIPAL, MOSTRAR_EN_TABLA, ORDEN, GRUPO_GENERAL) VALUES (28,'Direccion Investigado','ForsecurityDiscUno','ForsecurityDiscUno','29-MAY-23 09.27.04.000000000','29-MAY-23 09.27.04.000000000','interesado_direccion2','',1,'interesado','direccion',0,0,0,26,'interesado2');

COMMIT;
