--SABADOS
DELETE FROM MAS_DIAS_NO_LABORALES;

INSERT INTO MAS_DIAS_NO_LABORALES (ID,FECHA,ESTADO)VALUES(1,TO_DATE('01/01/2022','dd/MM/yyyy'),1);
INSERT INTO MAS_DIAS_NO_LABORALES (ID,FECHA,ESTADO)VALUES(2,TO_DATE('08/01/2022','dd/MM/yyyy'),1);
INSERT INTO MAS_DIAS_NO_LABORALES (ID,FECHA,ESTADO)VALUES(3,TO_DATE('15/01/2022','dd/MM/yyyy'),1);
INSERT INTO MAS_DIAS_NO_LABORALES (ID,FECHA,ESTADO)VALUES(4,TO_DATE('22/01/2022','dd/MM/yyyy'),1);
INSERT INTO MAS_DIAS_NO_LABORALES (ID,FECHA,ESTADO)VALUES(5,TO_DATE('29/01/2022','dd/MM/yyyy'),1);
INSERT INTO MAS_DIAS_NO_LABORALES (ID,FECHA,ESTADO)VALUES(6,TO_DATE('5/02/2022','dd/MM/yyyy'),1);
INSERT INTO MAS_DIAS_NO_LABORALES (ID,FECHA,ESTADO)VALUES(7,TO_DATE('12/02/2022','dd/MM/yyyy'),1);
INSERT INTO MAS_DIAS_NO_LABORALES (ID,FECHA,ESTADO)VALUES(8,TO_DATE('19/02/2022','dd/MM/yyyy'),1);
INSERT INTO MAS_DIAS_NO_LABORALES (ID,FECHA,ESTADO)VALUES(9,TO_DATE('26/02/2022','dd/MM/yyyy'),1);
INSERT INTO MAS_DIAS_NO_LABORALES (ID,FECHA,ESTADO)VALUES(10,TO_DATE('5/03/2022','dd/MM/yyyy'),1);
INSERT INTO MAS_DIAS_NO_LABORALES (ID,FECHA,ESTADO)VALUES(11,TO_DATE('12/03/2022','dd/MM/yyyy'),1);
INSERT INTO MAS_DIAS_NO_LABORALES (ID,FECHA,ESTADO)VALUES(12,TO_DATE('19/03/2022','dd/MM/yyyy'),1);
INSERT INTO MAS_DIAS_NO_LABORALES (ID,FECHA,ESTADO)VALUES(13,TO_DATE('26/03/2022','dd/MM/yyyy'),1);
INSERT INTO MAS_DIAS_NO_LABORALES (ID,FECHA,ESTADO)VALUES(14,TO_DATE('2/04/2022','dd/MM/yyyy'),1);
INSERT INTO MAS_DIAS_NO_LABORALES (ID,FECHA,ESTADO)VALUES(15,TO_DATE('9/04/2022','dd/MM/yyyy'),1);
INSERT INTO MAS_DIAS_NO_LABORALES (ID,FECHA,ESTADO)VALUES(16,TO_DATE('16/04/2022','dd/MM/yyyy'),1);
INSERT INTO MAS_DIAS_NO_LABORALES (ID,FECHA,ESTADO)VALUES(17,TO_DATE('23/04/2022','dd/MM/yyyy'),1);
INSERT INTO MAS_DIAS_NO_LABORALES (ID,FECHA,ESTADO)VALUES(18,TO_DATE('30/04/2022','dd/MM/yyyy'),1);
INSERT INTO MAS_DIAS_NO_LABORALES (ID,FECHA,ESTADO)VALUES(19,TO_DATE('7/05/2022','dd/MM/yyyy'),1);
INSERT INTO MAS_DIAS_NO_LABORALES (ID,FECHA,ESTADO)VALUES(20,TO_DATE('14/05/2022','dd/MM/yyyy'),1);
INSERT INTO MAS_DIAS_NO_LABORALES (ID,FECHA,ESTADO)VALUES(21,TO_DATE('21/05/2022','dd/MM/yyyy'),1);
INSERT INTO MAS_DIAS_NO_LABORALES (ID,FECHA,ESTADO)VALUES(22,TO_DATE('28/05/2022','dd/MM/yyyy'),1);
INSERT INTO MAS_DIAS_NO_LABORALES (ID,FECHA,ESTADO)VALUES(23,TO_DATE('4/06/2022','dd/MM/yyyy'),1);
INSERT INTO MAS_DIAS_NO_LABORALES (ID,FECHA,ESTADO)VALUES(24,TO_DATE('11/06/2022','dd/MM/yyyy'),1);
INSERT INTO MAS_DIAS_NO_LABORALES (ID,FECHA,ESTADO)VALUES(25,TO_DATE('18/06/2022','dd/MM/yyyy'),1);
INSERT INTO MAS_DIAS_NO_LABORALES (ID,FECHA,ESTADO)VALUES(26,TO_DATE('25/06/2022','dd/MM/yyyy'),1);
INSERT INTO MAS_DIAS_NO_LABORALES (ID,FECHA,ESTADO)VALUES(27,TO_DATE('2/07/2022','dd/MM/yyyy'),1);
INSERT INTO MAS_DIAS_NO_LABORALES (ID,FECHA,ESTADO)VALUES(28,TO_DATE('9/07/2022','dd/MM/yyyy'),1);
INSERT INTO MAS_DIAS_NO_LABORALES (ID,FECHA,ESTADO)VALUES(29,TO_DATE('16/07/2022','dd/MM/yyyy'),1);
INSERT INTO MAS_DIAS_NO_LABORALES (ID,FECHA,ESTADO)VALUES(30,TO_DATE('23/07/2022','dd/MM/yyyy'),1);
INSERT INTO MAS_DIAS_NO_LABORALES (ID,FECHA,ESTADO)VALUES(31,TO_DATE('30/07/2022','dd/MM/yyyy'),1);
INSERT INTO MAS_DIAS_NO_LABORALES (ID,FECHA,ESTADO)VALUES(32,TO_DATE('6/08/2022','dd/MM/yyyy'),1);
INSERT INTO MAS_DIAS_NO_LABORALES (ID,FECHA,ESTADO)VALUES(33,TO_DATE('13/08/2022','dd/MM/yyyy'),1);
INSERT INTO MAS_DIAS_NO_LABORALES (ID,FECHA,ESTADO)VALUES(34,TO_DATE('20/08/2022','dd/MM/yyyy'),1);
INSERT INTO MAS_DIAS_NO_LABORALES (ID,FECHA,ESTADO)VALUES(35,TO_DATE('27/08/2022','dd/MM/yyyy'),1);
INSERT INTO MAS_DIAS_NO_LABORALES (ID,FECHA,ESTADO)VALUES(36,TO_DATE('3/09/2022','dd/MM/yyyy'),1);
INSERT INTO MAS_DIAS_NO_LABORALES (ID,FECHA,ESTADO)VALUES(37,TO_DATE('10/09/2022','dd/MM/yyyy'),1);
INSERT INTO MAS_DIAS_NO_LABORALES (ID,FECHA,ESTADO)VALUES(38,TO_DATE('17/09/2022','dd/MM/yyyy'),1);
INSERT INTO MAS_DIAS_NO_LABORALES (ID,FECHA,ESTADO)VALUES(39,TO_DATE('24/09/2022','dd/MM/yyyy'),1);
INSERT INTO MAS_DIAS_NO_LABORALES (ID,FECHA,ESTADO)VALUES(40,TO_DATE('1/10/2022','dd/MM/yyyy'),1);
INSERT INTO MAS_DIAS_NO_LABORALES (ID,FECHA,ESTADO)VALUES(41,TO_DATE('8/10/2022','dd/MM/yyyy'),1);
INSERT INTO MAS_DIAS_NO_LABORALES (ID,FECHA,ESTADO)VALUES(42,TO_DATE('15/10/2022','dd/MM/yyyy'),1);
INSERT INTO MAS_DIAS_NO_LABORALES (ID,FECHA,ESTADO)VALUES(43,TO_DATE('22/10/2022','dd/MM/yyyy'),1);
INSERT INTO MAS_DIAS_NO_LABORALES (ID,FECHA,ESTADO)VALUES(44,TO_DATE('29/10/2022','dd/MM/yyyy'),1);
INSERT INTO MAS_DIAS_NO_LABORALES (ID,FECHA,ESTADO)VALUES(45,TO_DATE('5/11/2022','dd/MM/yyyy'),1);
INSERT INTO MAS_DIAS_NO_LABORALES (ID,FECHA,ESTADO)VALUES(46,TO_DATE('12/11/2022','dd/MM/yyyy'),1);
INSERT INTO MAS_DIAS_NO_LABORALES (ID,FECHA,ESTADO)VALUES(47,TO_DATE('19/11/2022','dd/MM/yyyy'),1);
INSERT INTO MAS_DIAS_NO_LABORALES (ID,FECHA,ESTADO)VALUES(48,TO_DATE('26/11/2022','dd/MM/yyyy'),1);
INSERT INTO MAS_DIAS_NO_LABORALES (ID,FECHA,ESTADO)VALUES(49,TO_DATE('3/12/2022','dd/MM/yyyy'),1);
INSERT INTO MAS_DIAS_NO_LABORALES (ID,FECHA,ESTADO)VALUES(50,TO_DATE('10/12/2022','dd/MM/yyyy'),1);
INSERT INTO MAS_DIAS_NO_LABORALES (ID,FECHA,ESTADO)VALUES(51,TO_DATE('17/12/2022','dd/MM/yyyy'),1);
INSERT INTO MAS_DIAS_NO_LABORALES (ID,FECHA,ESTADO)VALUES(52,TO_DATE('24/12/2022','dd/MM/yyyy'),1);
INSERT INTO MAS_DIAS_NO_LABORALES (ID,FECHA,ESTADO)VALUES(53,TO_DATE('31/12/2022','dd/MM/yyyy'),1);


--DOMINGOS
INSERT INTO MAS_DIAS_NO_LABORALES (ID,FECHA,ESTADO)VALUES(54,TO_DATE('02/01/2022','dd/MM/yyyy'),1);
INSERT INTO MAS_DIAS_NO_LABORALES (ID,FECHA,ESTADO)VALUES(55,TO_DATE('09/01/2022','dd/MM/yyyy'),1);
INSERT INTO MAS_DIAS_NO_LABORALES (ID,FECHA,ESTADO)VALUES(56,TO_DATE('16/01/2022','dd/MM/yyyy'),1);
INSERT INTO MAS_DIAS_NO_LABORALES (ID,FECHA,ESTADO)VALUES(57,TO_DATE('23/01/2022','dd/MM/yyyy'),1);
INSERT INTO MAS_DIAS_NO_LABORALES (ID,FECHA,ESTADO)VALUES(58,TO_DATE('30/01/2022','dd/MM/yyyy'),1);
INSERT INTO MAS_DIAS_NO_LABORALES (ID,FECHA,ESTADO)VALUES(59,TO_DATE('6/02/2022','dd/MM/yyyy'),1);
INSERT INTO MAS_DIAS_NO_LABORALES (ID,FECHA,ESTADO)VALUES(60,TO_DATE('13/02/2022','dd/MM/yyyy'),1);
INSERT INTO MAS_DIAS_NO_LABORALES (ID,FECHA,ESTADO)VALUES(61,TO_DATE('20/02/2022','dd/MM/yyyy'),1);
INSERT INTO MAS_DIAS_NO_LABORALES (ID,FECHA,ESTADO)VALUES(62,TO_DATE('27/02/2022','dd/MM/yyyy'),1);
INSERT INTO MAS_DIAS_NO_LABORALES (ID,FECHA,ESTADO)VALUES(63,TO_DATE('6/03/2022','dd/MM/yyyy'),1);
INSERT INTO MAS_DIAS_NO_LABORALES (ID,FECHA,ESTADO)VALUES(64,TO_DATE('13/03/2022','dd/MM/yyyy'),1);
INSERT INTO MAS_DIAS_NO_LABORALES (ID,FECHA,ESTADO)VALUES(65,TO_DATE('20/03/2022','dd/MM/yyyy'),1);
INSERT INTO MAS_DIAS_NO_LABORALES (ID,FECHA,ESTADO)VALUES(66,TO_DATE('27/03/2022','dd/MM/yyyy'),1);
INSERT INTO MAS_DIAS_NO_LABORALES (ID,FECHA,ESTADO)VALUES(67,TO_DATE('3/04/2022','dd/MM/yyyy'),1);
INSERT INTO MAS_DIAS_NO_LABORALES (ID,FECHA,ESTADO)VALUES(68,TO_DATE('10/04/2022','dd/MM/yyyy'),1);
INSERT INTO MAS_DIAS_NO_LABORALES (ID,FECHA,ESTADO)VALUES(69,TO_DATE('17/04/2022','dd/MM/yyyy'),1);
INSERT INTO MAS_DIAS_NO_LABORALES (ID,FECHA,ESTADO)VALUES(70,TO_DATE('24/04/2022','dd/MM/yyyy'),1);
INSERT INTO MAS_DIAS_NO_LABORALES (ID,FECHA,ESTADO)VALUES(71,TO_DATE('1/05/2022','dd/MM/yyyy'),1);
INSERT INTO MAS_DIAS_NO_LABORALES (ID,FECHA,ESTADO)VALUES(72,TO_DATE('8/05/2022','dd/MM/yyyy'),1);
INSERT INTO MAS_DIAS_NO_LABORALES (ID,FECHA,ESTADO)VALUES(73,TO_DATE('15/05/2022','dd/MM/yyyy'),1);
INSERT INTO MAS_DIAS_NO_LABORALES (ID,FECHA,ESTADO)VALUES(74,TO_DATE('22/05/2022','dd/MM/yyyy'),1);
INSERT INTO MAS_DIAS_NO_LABORALES (ID,FECHA,ESTADO)VALUES(75,TO_DATE('29/05/2022','dd/MM/yyyy'),1);
INSERT INTO MAS_DIAS_NO_LABORALES (ID,FECHA,ESTADO)VALUES(76,TO_DATE('5/06/2022','dd/MM/yyyy'),1);
INSERT INTO MAS_DIAS_NO_LABORALES (ID,FECHA,ESTADO)VALUES(77,TO_DATE('12/06/2022','dd/MM/yyyy'),1);
INSERT INTO MAS_DIAS_NO_LABORALES (ID,FECHA,ESTADO)VALUES(78,TO_DATE('19/06/2022','dd/MM/yyyy'),1);
INSERT INTO MAS_DIAS_NO_LABORALES (ID,FECHA,ESTADO)VALUES(79,TO_DATE('26/06/2022','dd/MM/yyyy'),1);
INSERT INTO MAS_DIAS_NO_LABORALES (ID,FECHA,ESTADO)VALUES(80,TO_DATE('3/07/2022','dd/MM/yyyy'),1);
INSERT INTO MAS_DIAS_NO_LABORALES (ID,FECHA,ESTADO)VALUES(81,TO_DATE('10/07/2022','dd/MM/yyyy'),1);
INSERT INTO MAS_DIAS_NO_LABORALES (ID,FECHA,ESTADO)VALUES(82,TO_DATE('17/07/2022','dd/MM/yyyy'),1);
INSERT INTO MAS_DIAS_NO_LABORALES (ID,FECHA,ESTADO)VALUES(83,TO_DATE('24/07/2022','dd/MM/yyyy'),1);
INSERT INTO MAS_DIAS_NO_LABORALES (ID,FECHA,ESTADO)VALUES(84,TO_DATE('31/07/2022','dd/MM/yyyy'),1);
INSERT INTO MAS_DIAS_NO_LABORALES (ID,FECHA,ESTADO)VALUES(85,TO_DATE('7/08/2022','dd/MM/yyyy'),1);
INSERT INTO MAS_DIAS_NO_LABORALES (ID,FECHA,ESTADO)VALUES(86,TO_DATE('14/08/2022','dd/MM/yyyy'),1);
INSERT INTO MAS_DIAS_NO_LABORALES (ID,FECHA,ESTADO)VALUES(87,TO_DATE('21/08/2022','dd/MM/yyyy'),1);
INSERT INTO MAS_DIAS_NO_LABORALES (ID,FECHA,ESTADO)VALUES(88,TO_DATE('28/08/2022','dd/MM/yyyy'),1);
INSERT INTO MAS_DIAS_NO_LABORALES (ID,FECHA,ESTADO)VALUES(89,TO_DATE('4/09/2022','dd/MM/yyyy'),1);
INSERT INTO MAS_DIAS_NO_LABORALES (ID,FECHA,ESTADO)VALUES(90,TO_DATE('11/09/2022','dd/MM/yyyy'),1);
INSERT INTO MAS_DIAS_NO_LABORALES (ID,FECHA,ESTADO)VALUES(91,TO_DATE('18/09/2022','dd/MM/yyyy'),1);
INSERT INTO MAS_DIAS_NO_LABORALES (ID,FECHA,ESTADO)VALUES(92,TO_DATE('25/09/2022','dd/MM/yyyy'),1);
INSERT INTO MAS_DIAS_NO_LABORALES (ID,FECHA,ESTADO)VALUES(93,TO_DATE('2/10/2022','dd/MM/yyyy'),1);
INSERT INTO MAS_DIAS_NO_LABORALES (ID,FECHA,ESTADO)VALUES(94,TO_DATE('9/10/2022','dd/MM/yyyy'),1);
INSERT INTO MAS_DIAS_NO_LABORALES (ID,FECHA,ESTADO)VALUES(95,TO_DATE('16/10/2022','dd/MM/yyyy'),1);
INSERT INTO MAS_DIAS_NO_LABORALES (ID,FECHA,ESTADO)VALUES(96,TO_DATE('23/10/2022','dd/MM/yyyy'),1);
INSERT INTO MAS_DIAS_NO_LABORALES (ID,FECHA,ESTADO)VALUES(97,TO_DATE('30/10/2022','dd/MM/yyyy'),1);
INSERT INTO MAS_DIAS_NO_LABORALES (ID,FECHA,ESTADO)VALUES(98,TO_DATE('6/11/2022','dd/MM/yyyy'),1);
INSERT INTO MAS_DIAS_NO_LABORALES (ID,FECHA,ESTADO)VALUES(99,TO_DATE('13/11/2022','dd/MM/yyyy'),1);
INSERT INTO MAS_DIAS_NO_LABORALES (ID,FECHA,ESTADO)VALUES(100,TO_DATE('20/11/2022','dd/MM/yyyy'),1);
INSERT INTO MAS_DIAS_NO_LABORALES (ID,FECHA,ESTADO)VALUES(101,TO_DATE('27/11/2022','dd/MM/yyyy'),1);
INSERT INTO MAS_DIAS_NO_LABORALES (ID,FECHA,ESTADO)VALUES(102,TO_DATE('4/12/2022','dd/MM/yyyy'),1);
INSERT INTO MAS_DIAS_NO_LABORALES (ID,FECHA,ESTADO)VALUES(103,TO_DATE('11/12/2022','dd/MM/yyyy'),1);
INSERT INTO MAS_DIAS_NO_LABORALES (ID,FECHA,ESTADO)VALUES(104,TO_DATE('18/12/2022','dd/MM/yyyy'),1);
INSERT INTO MAS_DIAS_NO_LABORALES (ID,FECHA,ESTADO)VALUES(105,TO_DATE('25/12/2022','dd/MM/yyyy'),1);

COMMIT;


UPDATE MAS_ETAPA SET NOMBRE = 'FORMA DE INGRESO' WHERE ID = 0;
COMMIT;

UPDATE MAS_ETAPA SET NOMBRE = 'CAPTURA Y REPARTO' WHERE ID = 1;
COMMIT;

UPDATE MAS_ETAPA SET NOMBRE = 'EVALUACIÓN QUEJA PQR' WHERE ID = 2;
COMMIT;

UPDATE MAS_ETAPA SET NOMBRE = 'EVALUACIÓN QUEJA - PD' WHERE ID = 3;
COMMIT;

UPDATE MAS_ETAPA SET NOMBRE = 'INDAGACIÓN PREVIA' WHERE ID = 4;
COMMIT;

UPDATE MAS_ETAPA SET NOMBRE = 'INVESTIGACIÓN DISCIPLINARIA' WHERE ID = 5;
COMMIT;

UPDATE MAS_ETAPA SET NOMBRE = 'JUZGAMIENTO' WHERE ID = 6;
COMMIT;

UPDATE MAS_ETAPA SET NOMBRE = 'JUZGAMIENTO - P. ORDINARIO' WHERE ID = 7;
COMMIT;

UPDATE MAS_ETAPA SET NOMBRE = 'JUZGAMIENTO - P. VERBAL)' WHERE ID = 8;
COMMIT;

UPDATE MAS_ETAPA SET NOMBRE = 'INICIO PROCESO DISCIPLINARIO' WHERE ID = 9;
COMMIT;

UPDATE MAS_ETAPA SET ORDEN = '0' WHERE ID = '0';
UPDATE MAS_ETAPA SET ORDEN = '1' WHERE ID = '1';
UPDATE MAS_ETAPA SET ORDEN = '2' WHERE ID = '2';
UPDATE MAS_ETAPA SET ORDEN = '3' WHERE ID = '3';
UPDATE MAS_ETAPA SET ORDEN = '4' WHERE ID = '4';
UPDATE MAS_ETAPA SET ORDEN = '5' WHERE ID = '5';
UPDATE MAS_ETAPA SET ORDEN = '6' WHERE ID = '6';
UPDATE MAS_ETAPA SET ORDEN = '7' WHERE ID = '7';
UPDATE MAS_ETAPA SET ORDEN = '8' WHERE ID = '8';
UPDATE MAS_ETAPA SET ORDEN = '9' WHERE ID = '9';

Insert into USERS (ID,NAME,EMAIL,EMAIL_VERIFIED_AT,PASSWORD,REMEMBER_TOKEN,CREATED_AT,UPDATED_AT,OBJECTGUID,NOMBRE,APELLIDO,ID_DEPENDENCIA,ESTADO,REPARTO_HABILITADO,NUMERO_CASOS,NIVELACION,FIRMA_MECANICA,PASSWORD_FIRMA_MECANICA,ID_MAS_GRUPO_TRABAJO_SECRETARIA_COMUN) values (4,'ForsecurityDiscCuat','ForsecurityDiscCuat@personeriabogota.gov.co',null,'$2y$10$hfsjmUnbunhXW3ictfi2N./XnyWGQEHhuIenor/4zTWK6g4dxIz9e',null,null,to_timestamp('27-OCT-22 03.35.15.000000000 PM','DD-MON-RR HH.MI.SSXFF AM'),'5a081ced-f2e6-4492-890c-e80d0dcc67c0','Sindy','DiscCuat',310,'1','1',0,0,null,null,null);
Insert into USERS (ID,NAME,EMAIL,EMAIL_VERIFIED_AT,PASSWORD,REMEMBER_TOKEN,CREATED_AT,UPDATED_AT,OBJECTGUID,NOMBRE,APELLIDO,ID_DEPENDENCIA,ESTADO,REPARTO_HABILITADO,NUMERO_CASOS,NIVELACION,FIRMA_MECANICA,PASSWORD_FIRMA_MECANICA,ID_MAS_GRUPO_TRABAJO_SECRETARIA_COMUN) values (5,'ForsecurityDiscCinc','ForsecurityDiscCinc@perbogota.gov.co',null,'$2y$10$MQccFMHIdD.U0/ECyLtg5uB1iNZvJ1/e97c55C1OM2XUvg2Owv.ZS',null,null,to_timestamp('27-OCT-22 06.04.04.000000000 PM','DD-MON-RR HH.MI.SSXFF AM'),'ed097eee-56d9-4812-91b2-ba3aacb7b4fd','Andrés','DiscCinc',413,'1','1',0,0,null,null,null);
Insert into USERS (ID,NAME,EMAIL,EMAIL_VERIFIED_AT,PASSWORD,REMEMBER_TOKEN,CREATED_AT,UPDATED_AT,OBJECTGUID,NOMBRE,APELLIDO,ID_DEPENDENCIA,ESTADO,REPARTO_HABILITADO,NUMERO_CASOS,NIVELACION,FIRMA_MECANICA,PASSWORD_FIRMA_MECANICA,ID_MAS_GRUPO_TRABAJO_SECRETARIA_COMUN) values (6,'ForsecurityDiscSeis','ForsecurityDiscSeis@perbogota.gov.co',null,null,null,null,null,null,'Milena','DiscSeis',413,'1','1',0,0,null,null,null);
Insert into USERS (ID,NAME,EMAIL,EMAIL_VERIFIED_AT,PASSWORD,REMEMBER_TOKEN,CREATED_AT,UPDATED_AT,OBJECTGUID,NOMBRE,APELLIDO,ID_DEPENDENCIA,ESTADO,REPARTO_HABILITADO,NUMERO_CASOS,NIVELACION,FIRMA_MECANICA,PASSWORD_FIRMA_MECANICA,ID_MAS_GRUPO_TRABAJO_SECRETARIA_COMUN) values (7,'ForsecurityDiscSiet','ForsecurityDiscSiet@perbogota.gov.co',null,'$2y$10$7cMYqGJcNkNfiqJLbVwuu.LqCMz5BRzrNX1beqJXFPldEEKKVeU/a',null,null,to_timestamp('27-OCT-22 07.12.37.000000000 PM','DD-MON-RR HH.MI.SSXFF AM'),'daac1855-470a-485f-a2a7-3671da7774ef','Sandra','DiscSiet',413,'1','1',1,0,null,null,null);
Insert into USERS (ID,NAME,EMAIL,EMAIL_VERIFIED_AT,PASSWORD,REMEMBER_TOKEN,CREATED_AT,UPDATED_AT,OBJECTGUID,NOMBRE,APELLIDO,ID_DEPENDENCIA,ESTADO,REPARTO_HABILITADO,NUMERO_CASOS,NIVELACION,FIRMA_MECANICA,PASSWORD_FIRMA_MECANICA,ID_MAS_GRUPO_TRABAJO_SECRETARIA_COMUN) values (8,'ForsecurityDiscOch','ForsecurityDiscOch@perbogota.gov.co',null,null,null,null,to_timestamp('20-OCT-22 05.00.03.000000000 PM','DD-MON-RR HH.MI.SSXFF AM'),null,'Luz','DiscOch',418,'1','0',0,0,null,null,null);
Insert into USERS (ID,NAME,EMAIL,EMAIL_VERIFIED_AT,PASSWORD,REMEMBER_TOKEN,CREATED_AT,UPDATED_AT,OBJECTGUID,NOMBRE,APELLIDO,ID_DEPENDENCIA,ESTADO,REPARTO_HABILITADO,NUMERO_CASOS,NIVELACION,FIRMA_MECANICA,PASSWORD_FIRMA_MECANICA,ID_MAS_GRUPO_TRABAJO_SECRETARIA_COMUN) values (9,'ForsecurityDiscNue','ForsecurityDiscNue@perbogota.gov.co',null,'$2y$10$sDxRFlzMvDRz8iqoOzDlQOVYmBhkQ9acGMqkwPVIMZl.kJW8Oh5pu',null,null,to_timestamp('27-OCT-22 10.27.04.000000000 PM','DD-MON-RR HH.MI.SSXFF AM'),'842b6e80-5e6c-4c9b-b16b-e3f245007d7d','Sebastian','DiscNue',413,'1','0',0.2,0.2,null,null,null);
Insert into USERS (ID,NAME,EMAIL,EMAIL_VERIFIED_AT,PASSWORD,REMEMBER_TOKEN,CREATED_AT,UPDATED_AT,OBJECTGUID,NOMBRE,APELLIDO,ID_DEPENDENCIA,ESTADO,REPARTO_HABILITADO,NUMERO_CASOS,NIVELACION,FIRMA_MECANICA,PASSWORD_FIRMA_MECANICA,ID_MAS_GRUPO_TRABAJO_SECRETARIA_COMUN) values (10,'ForsecurityDiscDiez','ForsecurityDiscDiez@perbogota.gov.co',null,null,null,null,to_timestamp('27-OCT-22 04.33.28.000000000 PM','DD-MON-RR HH.MI.SSXFF AM'),null,'Alejandro','DiscDiez',413,'1','1',0,0,null,null,null);
Insert into USERS (ID,NAME,EMAIL,EMAIL_VERIFIED_AT,PASSWORD,REMEMBER_TOKEN,CREATED_AT,UPDATED_AT,OBJECTGUID,NOMBRE,APELLIDO,ID_DEPENDENCIA,ESTADO,REPARTO_HABILITADO,NUMERO_CASOS,NIVELACION,FIRMA_MECANICA,PASSWORD_FIRMA_MECANICA,ID_MAS_GRUPO_TRABAJO_SECRETARIA_COMUN) values (11,'ForsecurityDiscOnce','ForsecurityDiscOnce@perbogota.gov.co',null,null,null,null,null,null,'Juan','DiscOnce',413,'1','1',0,0,null,null,null);
Insert into USERS (ID,NAME,EMAIL,EMAIL_VERIFIED_AT,PASSWORD,REMEMBER_TOKEN,CREATED_AT,UPDATED_AT,OBJECTGUID,NOMBRE,APELLIDO,ID_DEPENDENCIA,ESTADO,REPARTO_HABILITADO,NUMERO_CASOS,NIVELACION,FIRMA_MECANICA,PASSWORD_FIRMA_MECANICA,ID_MAS_GRUPO_TRABAJO_SECRETARIA_COMUN) values (12,'ForsecurityDiscDoce','ForsecurityDiscDoce@perbogota.gov.co',null,null,null,null,null,null,'Dayanni','DiscDoce',414,'1','1',0,0,null,null,null);
Insert into USERS (ID,NAME,EMAIL,EMAIL_VERIFIED_AT,PASSWORD,REMEMBER_TOKEN,CREATED_AT,UPDATED_AT,OBJECTGUID,NOMBRE,APELLIDO,ID_DEPENDENCIA,ESTADO,REPARTO_HABILITADO,NUMERO_CASOS,NIVELACION,FIRMA_MECANICA,PASSWORD_FIRMA_MECANICA,ID_MAS_GRUPO_TRABAJO_SECRETARIA_COMUN) values (13,'ForsecurityDiscTrec','ForsecurityDiscTrec@perbogota.gov.co',null,null,null,null,null,null,'Nancy','DiscTrec',414,'1','1',0,0,null,null,null);
Insert into USERS (ID,NAME,EMAIL,EMAIL_VERIFIED_AT,PASSWORD,REMEMBER_TOKEN,CREATED_AT,UPDATED_AT,OBJECTGUID,NOMBRE,APELLIDO,ID_DEPENDENCIA,ESTADO,REPARTO_HABILITADO,NUMERO_CASOS,NIVELACION,FIRMA_MECANICA,PASSWORD_FIRMA_MECANICA,ID_MAS_GRUPO_TRABAJO_SECRETARIA_COMUN) values (14,'ForsecurityDiscCato','ForsecurityDiscCato@perbogota.gov.co',null,null,null,null,null,null,'Johanna','DiscCato',414,'1','1',0,0,null,null,null);
Insert into USERS (ID,NAME,EMAIL,EMAIL_VERIFIED_AT,PASSWORD,REMEMBER_TOKEN,CREATED_AT,UPDATED_AT,OBJECTGUID,NOMBRE,APELLIDO,ID_DEPENDENCIA,ESTADO,REPARTO_HABILITADO,NUMERO_CASOS,NIVELACION,FIRMA_MECANICA,PASSWORD_FIRMA_MECANICA,ID_MAS_GRUPO_TRABAJO_SECRETARIA_COMUN) values (15,'ForsecurityDiscQuin','ForsecurityDiscQuin@perbogota.gov.co',null,null,null,null,null,null,'Diego','DiscQuin',415,'1','1',0,0,null,null,null);
Insert into USERS (ID,NAME,EMAIL,EMAIL_VERIFIED_AT,PASSWORD,REMEMBER_TOKEN,CREATED_AT,UPDATED_AT,OBJECTGUID,NOMBRE,APELLIDO,ID_DEPENDENCIA,ESTADO,REPARTO_HABILITADO,NUMERO_CASOS,NIVELACION,FIRMA_MECANICA,PASSWORD_FIRMA_MECANICA,ID_MAS_GRUPO_TRABAJO_SECRETARIA_COMUN) values (16,'ForsecurityDiscDsei','ForsecurityDiscDsei@perbogota.gov.co',null,null,null,null,null,null,'Mario','DiscDsei',415,'1','1',0,0,null,null,null);
Insert into USERS (ID,NAME,EMAIL,EMAIL_VERIFIED_AT,PASSWORD,REMEMBER_TOKEN,CREATED_AT,UPDATED_AT,OBJECTGUID,NOMBRE,APELLIDO,ID_DEPENDENCIA,ESTADO,REPARTO_HABILITADO,NUMERO_CASOS,NIVELACION,FIRMA_MECANICA,PASSWORD_FIRMA_MECANICA,ID_MAS_GRUPO_TRABAJO_SECRETARIA_COMUN) values (17,'ForsecurityDiscDsie','ForsecurityDiscDsie@perbogota.gov.co',null,null,null,null,to_timestamp('20-OCT-22 04.50.51.000000000 PM','DD-MON-RR HH.MI.SSXFF AM'),null,'Juliana','DiscDsie',413,'1','1',0,0,null,null,null);
Insert into USERS (ID,NAME,EMAIL,EMAIL_VERIFIED_AT,PASSWORD,REMEMBER_TOKEN,CREATED_AT,UPDATED_AT,OBJECTGUID,NOMBRE,APELLIDO,ID_DEPENDENCIA,ESTADO,REPARTO_HABILITADO,NUMERO_CASOS,NIVELACION,FIRMA_MECANICA,PASSWORD_FIRMA_MECANICA,ID_MAS_GRUPO_TRABAJO_SECRETARIA_COMUN) values (18,'ForsecurityDiscDoch','ForsecurityDiscDoch@perbogota.gov.co',null,'$2y$10$d8UO62y8cNh6mz1bI1fCQOXKJ/0kTK0932CnZ9SuBnMFHpsnmAsxS',null,null,to_timestamp('20-OCT-22 04.33.45.000000000 PM','DD-MON-RR HH.MI.SSXFF AM'),'b58e6fbe-e62d-4253-966a-9273d3693c59','Julieth','DiscDoch',416,'1','1',0,0,null,null,null);
Insert into USERS (ID,NAME,EMAIL,EMAIL_VERIFIED_AT,PASSWORD,REMEMBER_TOKEN,CREATED_AT,UPDATED_AT,OBJECTGUID,NOMBRE,APELLIDO,ID_DEPENDENCIA,ESTADO,REPARTO_HABILITADO,NUMERO_CASOS,NIVELACION,FIRMA_MECANICA,PASSWORD_FIRMA_MECANICA,ID_MAS_GRUPO_TRABAJO_SECRETARIA_COMUN) values (19,'ForsecurityDiscDnue','ForsecurityDiscDnue@perbogota.gov.co',null,'$2y$10$iYb4pE1BVgNt2GxaeXHz6uan7m1N9exDj47WjPPF9f4Igg.Su/hzG',null,null,to_timestamp('20-OCT-22 04.35.47.000000000 PM','DD-MON-RR HH.MI.SSXFF AM'),'406ed265-f9fa-4787-80f6-3f5958077869','Jorge','DiscDnue',417,'1','1',0,0,null,null,null);
Insert into USERS (ID,NAME,EMAIL,EMAIL_VERIFIED_AT,PASSWORD,REMEMBER_TOKEN,CREATED_AT,UPDATED_AT,OBJECTGUID,NOMBRE,APELLIDO,ID_DEPENDENCIA,ESTADO,REPARTO_HABILITADO,NUMERO_CASOS,NIVELACION,FIRMA_MECANICA,PASSWORD_FIRMA_MECANICA,ID_MAS_GRUPO_TRABAJO_SECRETARIA_COMUN) values (20,'ForsecurityDiscVein','ForsecurityDiscVein@perbogota.gov.co',null,null,null,null,null,null,'Jairo','DiscVein',417,'1','1',0,0,null,null,null);
Insert into USERS (ID,NAME,EMAIL,EMAIL_VERIFIED_AT,PASSWORD,REMEMBER_TOKEN,CREATED_AT,UPDATED_AT,OBJECTGUID,NOMBRE,APELLIDO,ID_DEPENDENCIA,ESTADO,REPARTO_HABILITADO,NUMERO_CASOS,NIVELACION,FIRMA_MECANICA,PASSWORD_FIRMA_MECANICA,ID_MAS_GRUPO_TRABAJO_SECRETARIA_COMUN) values (1,'ForsecurityDiscUno','ForsecurityDiscUno@perbogota.gov.co',null,'$2y$10$rc7EN5j1IYKsywJGn7T2Bu57wikb05dLPwhOwulTfy8MWsii1gf2C',null,to_timestamp('20-OCT-22 04.30.58.000000000 PM','DD-MON-RR HH.MI.SSXFF AM'),to_timestamp('27-OCT-22 04.35.29.000000000 PM','DD-MON-RR HH.MI.SSXFF AM'),'976c19a3-f186-4b23-9ebb-88985e61c6fc','Diego','DiscUno',412,'1','1',0,0,null,null,null);
Insert into USERS (ID,NAME,EMAIL,EMAIL_VERIFIED_AT,PASSWORD,REMEMBER_TOKEN,CREATED_AT,UPDATED_AT,OBJECTGUID,NOMBRE,APELLIDO,ID_DEPENDENCIA,ESTADO,REPARTO_HABILITADO,NUMERO_CASOS,NIVELACION,FIRMA_MECANICA,PASSWORD_FIRMA_MECANICA,ID_MAS_GRUPO_TRABAJO_SECRETARIA_COMUN) values (2,'ForsecurityDiscTres','ForsecurityDiscTres@perbogota.gov.co',null,'$2y$10$1qz/Ctf.znk2.vzYvNw8IeFRHv9NPHVSYKwyDbAH8UBZFolKLrwQe',null,to_timestamp('20-OCT-22 04.31.19.000000000 PM','DD-MON-RR HH.MI.SSXFF AM'),to_timestamp('27-OCT-22 06.52.29.000000000 PM','DD-MON-RR HH.MI.SSXFF AM'),'006c4ed5-2077-42c0-90a8-447a5d275196','Patricia','DiscTres',413,'1','0',1,0,null,null,null);
Insert into USERS (ID,NAME,EMAIL,EMAIL_VERIFIED_AT,PASSWORD,REMEMBER_TOKEN,CREATED_AT,UPDATED_AT,OBJECTGUID,NOMBRE,APELLIDO,ID_DEPENDENCIA,ESTADO,REPARTO_HABILITADO,NUMERO_CASOS,NIVELACION,FIRMA_MECANICA,PASSWORD_FIRMA_MECANICA,ID_MAS_GRUPO_TRABAJO_SECRETARIA_COMUN) values (3,'ForsecurityDiscDos','ForsecurityDiscDos@perbogota.gov.co',null,'$2y$10$TRZkL6okWEtiY.boKakokeGpqk51F2b9h6IkIkPgF6L8In/n/I0e6',null,to_timestamp('20-OCT-22 04.31.24.000000000 PM','DD-MON-RR HH.MI.SSXFF AM'),to_timestamp('20-OCT-22 04.40.50.000000000 PM','DD-MON-RR HH.MI.SSXFF AM'),'0243e9c2-90e2-4818-bee3-3b1ef5a1fa3a','Gabriela','DiscDos',418,'1','1',0,0,null,null,null);

COMMIT;

Insert into USERS_ROLES (USER_ID,ROLE_ID,CREATED_USER,UPDATED_USER,DELETED_USER,CREATED_AT,UPDATED_AT) values (14,3,null,null,null,to_timestamp('27-OCT-22 10.17.16.000000000 PM','DD-MON-RR HH.MI.SSXFF AM'),to_timestamp('27-OCT-22 10.17.16.000000000 PM','DD-MON-RR HH.MI.SSXFF AM'));
Insert into USERS_ROLES (USER_ID,ROLE_ID,CREATED_USER,UPDATED_USER,DELETED_USER,CREATED_AT,UPDATED_AT) values (10,3,null,null,null,to_timestamp('27-OCT-22 10.08.14.000000000 PM','DD-MON-RR HH.MI.SSXFF AM'),to_timestamp('27-OCT-22 10.08.14.000000000 PM','DD-MON-RR HH.MI.SSXFF AM'));
Insert into USERS_ROLES (USER_ID,ROLE_ID,CREATED_USER,UPDATED_USER,DELETED_USER,CREATED_AT,UPDATED_AT) values (10,6,null,null,null,to_timestamp('27-OCT-22 10.08.14.000000000 PM','DD-MON-RR HH.MI.SSXFF AM'),to_timestamp('27-OCT-22 10.08.14.000000000 PM','DD-MON-RR HH.MI.SSXFF AM'));
Insert into USERS_ROLES (USER_ID,ROLE_ID,CREATED_USER,UPDATED_USER,DELETED_USER,CREATED_AT,UPDATED_AT) values (12,5,null,null,null,to_timestamp('27-OCT-22 10.10.52.000000000 PM','DD-MON-RR HH.MI.SSXFF AM'),to_timestamp('27-OCT-22 10.10.52.000000000 PM','DD-MON-RR HH.MI.SSXFF AM'));
Insert into USERS_ROLES (USER_ID,ROLE_ID,CREATED_USER,UPDATED_USER,DELETED_USER,CREATED_AT,UPDATED_AT) values (12,3,null,null,null,to_timestamp('27-OCT-22 10.10.52.000000000 PM','DD-MON-RR HH.MI.SSXFF AM'),to_timestamp('27-OCT-22 10.10.52.000000000 PM','DD-MON-RR HH.MI.SSXFF AM'));
Insert into USERS_ROLES (USER_ID,ROLE_ID,CREATED_USER,UPDATED_USER,DELETED_USER,CREATED_AT,UPDATED_AT) values (18,5,null,null,null,to_timestamp('27-OCT-22 10.12.16.000000000 PM','DD-MON-RR HH.MI.SSXFF AM'),to_timestamp('27-OCT-22 10.12.16.000000000 PM','DD-MON-RR HH.MI.SSXFF AM'));
Insert into USERS_ROLES (USER_ID,ROLE_ID,CREATED_USER,UPDATED_USER,DELETED_USER,CREATED_AT,UPDATED_AT) values (18,3,null,null,null,to_timestamp('27-OCT-22 10.12.16.000000000 PM','DD-MON-RR HH.MI.SSXFF AM'),to_timestamp('27-OCT-22 10.12.16.000000000 PM','DD-MON-RR HH.MI.SSXFF AM'));
Insert into USERS_ROLES (USER_ID,ROLE_ID,CREATED_USER,UPDATED_USER,DELETED_USER,CREATED_AT,UPDATED_AT) values (5,1,null,null,null,to_timestamp('27-OCT-22 10.13.18.000000000 PM','DD-MON-RR HH.MI.SSXFF AM'),to_timestamp('27-OCT-22 10.13.18.000000000 PM','DD-MON-RR HH.MI.SSXFF AM'));
Insert into USERS_ROLES (USER_ID,ROLE_ID,CREATED_USER,UPDATED_USER,DELETED_USER,CREATED_AT,UPDATED_AT) values (5,3,null,null,null,to_timestamp('27-OCT-22 10.13.18.000000000 PM','DD-MON-RR HH.MI.SSXFF AM'),to_timestamp('27-OCT-22 10.13.18.000000000 PM','DD-MON-RR HH.MI.SSXFF AM'));
Insert into USERS_ROLES (USER_ID,ROLE_ID,CREATED_USER,UPDATED_USER,DELETED_USER,CREATED_AT,UPDATED_AT) values (5,5,null,null,null,to_timestamp('27-OCT-22 10.13.18.000000000 PM','DD-MON-RR HH.MI.SSXFF AM'),to_timestamp('27-OCT-22 10.13.18.000000000 PM','DD-MON-RR HH.MI.SSXFF AM'));
Insert into USERS_ROLES (USER_ID,ROLE_ID,CREATED_USER,UPDATED_USER,DELETED_USER,CREATED_AT,UPDATED_AT) values (5,7,null,null,null,to_timestamp('27-OCT-22 10.13.18.000000000 PM','DD-MON-RR HH.MI.SSXFF AM'),to_timestamp('27-OCT-22 10.13.18.000000000 PM','DD-MON-RR HH.MI.SSXFF AM'));
Insert into USERS_ROLES (USER_ID,ROLE_ID,CREATED_USER,UPDATED_USER,DELETED_USER,CREATED_AT,UPDATED_AT) values (15,5,null,null,null,to_timestamp('27-OCT-22 10.13.52.000000000 PM','DD-MON-RR HH.MI.SSXFF AM'),to_timestamp('27-OCT-22 10.13.52.000000000 PM','DD-MON-RR HH.MI.SSXFF AM'));
Insert into USERS_ROLES (USER_ID,ROLE_ID,CREATED_USER,UPDATED_USER,DELETED_USER,CREATED_AT,UPDATED_AT) values (15,3,null,null,null,to_timestamp('27-OCT-22 10.13.52.000000000 PM','DD-MON-RR HH.MI.SSXFF AM'),to_timestamp('27-OCT-22 10.13.52.000000000 PM','DD-MON-RR HH.MI.SSXFF AM'));
Insert into USERS_ROLES (USER_ID,ROLE_ID,CREATED_USER,UPDATED_USER,DELETED_USER,CREATED_AT,UPDATED_AT) values (19,5,null,null,null,to_timestamp('27-OCT-22 10.14.24.000000000 PM','DD-MON-RR HH.MI.SSXFF AM'),to_timestamp('27-OCT-22 10.14.24.000000000 PM','DD-MON-RR HH.MI.SSXFF AM'));
Insert into USERS_ROLES (USER_ID,ROLE_ID,CREATED_USER,UPDATED_USER,DELETED_USER,CREATED_AT,UPDATED_AT) values (19,3,null,null,null,to_timestamp('27-OCT-22 10.14.24.000000000 PM','DD-MON-RR HH.MI.SSXFF AM'),to_timestamp('27-OCT-22 10.14.24.000000000 PM','DD-MON-RR HH.MI.SSXFF AM'));
Insert into USERS_ROLES (USER_ID,ROLE_ID,CREATED_USER,UPDATED_USER,DELETED_USER,CREATED_AT,UPDATED_AT) values (17,5,null,null,null,to_timestamp('27-OCT-22 10.14.47.000000000 PM','DD-MON-RR HH.MI.SSXFF AM'),to_timestamp('27-OCT-22 10.14.47.000000000 PM','DD-MON-RR HH.MI.SSXFF AM'));
Insert into USERS_ROLES (USER_ID,ROLE_ID,CREATED_USER,UPDATED_USER,DELETED_USER,CREATED_AT,UPDATED_AT) values (17,7,null,null,null,to_timestamp('27-OCT-22 10.14.47.000000000 PM','DD-MON-RR HH.MI.SSXFF AM'),to_timestamp('27-OCT-22 10.14.47.000000000 PM','DD-MON-RR HH.MI.SSXFF AM'));
Insert into USERS_ROLES (USER_ID,ROLE_ID,CREATED_USER,UPDATED_USER,DELETED_USER,CREATED_AT,UPDATED_AT) values (17,3,null,null,null,to_timestamp('27-OCT-22 10.14.47.000000000 PM','DD-MON-RR HH.MI.SSXFF AM'),to_timestamp('27-OCT-22 10.14.47.000000000 PM','DD-MON-RR HH.MI.SSXFF AM'));
Insert into USERS_ROLES (USER_ID,ROLE_ID,CREATED_USER,UPDATED_USER,DELETED_USER,CREATED_AT,UPDATED_AT) values (9,4,null,null,null,to_timestamp('27-OCT-22 10.15.29.000000000 PM','DD-MON-RR HH.MI.SSXFF AM'),to_timestamp('27-OCT-22 10.15.29.000000000 PM','DD-MON-RR HH.MI.SSXFF AM'));
Insert into USERS_ROLES (USER_ID,ROLE_ID,CREATED_USER,UPDATED_USER,DELETED_USER,CREATED_AT,UPDATED_AT) values (8,5,null,null,null,to_timestamp('27-OCT-22 10.16.09.000000000 PM','DD-MON-RR HH.MI.SSXFF AM'),to_timestamp('27-OCT-22 10.16.09.000000000 PM','DD-MON-RR HH.MI.SSXFF AM'));
Insert into USERS_ROLES (USER_ID,ROLE_ID,CREATED_USER,UPDATED_USER,DELETED_USER,CREATED_AT,UPDATED_AT) values (8,3,null,null,null,to_timestamp('27-OCT-22 10.16.09.000000000 PM','DD-MON-RR HH.MI.SSXFF AM'),to_timestamp('27-OCT-22 10.16.09.000000000 PM','DD-MON-RR HH.MI.SSXFF AM'));
Insert into USERS_ROLES (USER_ID,ROLE_ID,CREATED_USER,UPDATED_USER,DELETED_USER,CREATED_AT,UPDATED_AT) values (6,3,null,null,null,to_timestamp('27-OCT-22 10.16.30.000000000 PM','DD-MON-RR HH.MI.SSXFF AM'),to_timestamp('27-OCT-22 10.16.30.000000000 PM','DD-MON-RR HH.MI.SSXFF AM'));
Insert into USERS_ROLES (USER_ID,ROLE_ID,CREATED_USER,UPDATED_USER,DELETED_USER,CREATED_AT,UPDATED_AT) values (3,3,null,null,null,to_timestamp('27-OCT-22 03.40.07.000000000 PM','DD-MON-RR HH.MI.SSXFF AM'),to_timestamp('27-OCT-22 03.40.07.000000000 PM','DD-MON-RR HH.MI.SSXFF AM'));
Insert into USERS_ROLES (USER_ID,ROLE_ID,CREATED_USER,UPDATED_USER,DELETED_USER,CREATED_AT,UPDATED_AT) values (1,1,null,null,null,to_timestamp('27-OCT-22 03.38.36.000000000 PM','DD-MON-RR HH.MI.SSXFF AM'),to_timestamp('27-OCT-22 03.38.36.000000000 PM','DD-MON-RR HH.MI.SSXFF AM'));
Insert into USERS_ROLES (USER_ID,ROLE_ID,CREATED_USER,UPDATED_USER,DELETED_USER,CREATED_AT,UPDATED_AT) values (1,5,null,null,null,to_timestamp('27-OCT-22 03.38.36.000000000 PM','DD-MON-RR HH.MI.SSXFF AM'),to_timestamp('27-OCT-22 03.38.36.000000000 PM','DD-MON-RR HH.MI.SSXFF AM'));
Insert into USERS_ROLES (USER_ID,ROLE_ID,CREATED_USER,UPDATED_USER,DELETED_USER,CREATED_AT,UPDATED_AT) values (20,3,null,null,null,to_timestamp('27-OCT-22 03.40.51.000000000 PM','DD-MON-RR HH.MI.SSXFF AM'),to_timestamp('27-OCT-22 03.40.51.000000000 PM','DD-MON-RR HH.MI.SSXFF AM'));
Insert into USERS_ROLES (USER_ID,ROLE_ID,CREATED_USER,UPDATED_USER,DELETED_USER,CREATED_AT,UPDATED_AT) values (4,3,null,null,null,to_timestamp('27-OCT-22 05.24.36.000000000 PM','DD-MON-RR HH.MI.SSXFF AM'),to_timestamp('27-OCT-22 05.24.36.000000000 PM','DD-MON-RR HH.MI.SSXFF AM'));
Insert into USERS_ROLES (USER_ID,ROLE_ID,CREATED_USER,UPDATED_USER,DELETED_USER,CREATED_AT,UPDATED_AT) values (2,4,null,null,null,to_timestamp('27-OCT-22 06.53.04.000000000 PM','DD-MON-RR HH.MI.SSXFF AM'),to_timestamp('27-OCT-22 06.53.04.000000000 PM','DD-MON-RR HH.MI.SSXFF AM'));
Insert into USERS_ROLES (USER_ID,ROLE_ID,CREATED_USER,UPDATED_USER,DELETED_USER,CREATED_AT,UPDATED_AT) values (7,3,null,null,null,to_timestamp('27-OCT-22 05.23.16.000000000 PM','DD-MON-RR HH.MI.SSXFF AM'),to_timestamp('27-OCT-22 05.23.16.000000000 PM','DD-MON-RR HH.MI.SSXFF AM'));
Insert into USERS_ROLES (USER_ID,ROLE_ID,CREATED_USER,UPDATED_USER,DELETED_USER,CREATED_AT,UPDATED_AT) values (11,3,null,null,null,to_timestamp('27-OCT-22 03.58.30.000000000 PM','DD-MON-RR HH.MI.SSXFF AM'),to_timestamp('27-OCT-22 03.58.30.000000000 PM','DD-MON-RR HH.MI.SSXFF AM'));
Insert into USERS_ROLES (USER_ID,ROLE_ID,CREATED_USER,UPDATED_USER,DELETED_USER,CREATED_AT,UPDATED_AT) values (16,3,null,null,null,to_timestamp('27-OCT-22 04.02.22.000000000 PM','DD-MON-RR HH.MI.SSXFF AM'),to_timestamp('27-OCT-22 04.02.22.000000000 PM','DD-MON-RR HH.MI.SSXFF AM'));
Insert into USERS_ROLES (USER_ID,ROLE_ID,CREATED_USER,UPDATED_USER,DELETED_USER,CREATED_AT,UPDATED_AT) values (13,3,null,null,null,to_timestamp('27-OCT-22 04.06.13.000000000 PM','DD-MON-RR HH.MI.SSXFF AM'),to_timestamp('27-OCT-22 04.06.13.000000000 PM','DD-MON-RR HH.MI.SSXFF AM'));
Insert into USERS_ROLES (USER_ID,ROLE_ID,CREATED_USER,UPDATED_USER,DELETED_USER,CREATED_AT,UPDATED_AT) values (13,1,null,null,null,to_timestamp('27-OCT-22 04.06.13.000000000 PM','DD-MON-RR HH.MI.SSXFF AM'),to_timestamp('27-OCT-22 04.06.13.000000000 PM','DD-MON-RR HH.MI.SSXFF AM'));
COMMIT;


Insert into USERS_TIPO_EXPEDIENTE (USER_ID,TIPO_EXPEDIENTE_ID,SUB_TIPO_EXPEDIENTE_ID,CREATED_USER,UPDATED_USER,DELETED_USER,CREATED_AT,UPDATED_AT) values (15,3,1,null,null,null,to_timestamp('27-OCT-22 03.39.18.000000000 PM','DD-MON-RR HH.MI.SSXFF AM'),to_timestamp('27-OCT-22 03.39.18.000000000 PM','DD-MON-RR HH.MI.SSXFF AM'));
Insert into USERS_TIPO_EXPEDIENTE (USER_ID,TIPO_EXPEDIENTE_ID,SUB_TIPO_EXPEDIENTE_ID,CREATED_USER,UPDATED_USER,DELETED_USER,CREATED_AT,UPDATED_AT) values (3,3,2,null,null,null,to_timestamp('27-OCT-22 03.40.07.000000000 PM','DD-MON-RR HH.MI.SSXFF AM'),to_timestamp('27-OCT-22 03.40.07.000000000 PM','DD-MON-RR HH.MI.SSXFF AM'));
Insert into USERS_TIPO_EXPEDIENTE (USER_ID,TIPO_EXPEDIENTE_ID,SUB_TIPO_EXPEDIENTE_ID,CREATED_USER,UPDATED_USER,DELETED_USER,CREATED_AT,UPDATED_AT) values (20,3,1,null,null,null,to_timestamp('27-OCT-22 03.40.51.000000000 PM','DD-MON-RR HH.MI.SSXFF AM'),to_timestamp('27-OCT-22 03.40.51.000000000 PM','DD-MON-RR HH.MI.SSXFF AM'));
Insert into USERS_TIPO_EXPEDIENTE (USER_ID,TIPO_EXPEDIENTE_ID,SUB_TIPO_EXPEDIENTE_ID,CREATED_USER,UPDATED_USER,DELETED_USER,CREATED_AT,UPDATED_AT) values (14,3,1,null,null,null,to_timestamp('27-OCT-22 03.41.33.000000000 PM','DD-MON-RR HH.MI.SSXFF AM'),to_timestamp('27-OCT-22 03.41.33.000000000 PM','DD-MON-RR HH.MI.SSXFF AM'));
Insert into USERS_TIPO_EXPEDIENTE (USER_ID,TIPO_EXPEDIENTE_ID,SUB_TIPO_EXPEDIENTE_ID,CREATED_USER,UPDATED_USER,DELETED_USER,CREATED_AT,UPDATED_AT) values (1,3,1,null,null,null,to_timestamp('27-OCT-22 03.38.36.000000000 PM','DD-MON-RR HH.MI.SSXFF AM'),to_timestamp('27-OCT-22 03.38.36.000000000 PM','DD-MON-RR HH.MI.SSXFF AM'));
Insert into USERS_TIPO_EXPEDIENTE (USER_ID,TIPO_EXPEDIENTE_ID,SUB_TIPO_EXPEDIENTE_ID,CREATED_USER,UPDATED_USER,DELETED_USER,CREATED_AT,UPDATED_AT) values (5,1,1,null,null,null,to_timestamp('27-OCT-22 04.34.17.000000000 PM','DD-MON-RR HH.MI.SSXFF AM'),to_timestamp('27-OCT-22 04.34.17.000000000 PM','DD-MON-RR HH.MI.SSXFF AM'));
Insert into USERS_TIPO_EXPEDIENTE (USER_ID,TIPO_EXPEDIENTE_ID,SUB_TIPO_EXPEDIENTE_ID,CREATED_USER,UPDATED_USER,DELETED_USER,CREATED_AT,UPDATED_AT) values (5,2,1,null,null,null,to_timestamp('27-OCT-22 04.34.17.000000000 PM','DD-MON-RR HH.MI.SSXFF AM'),to_timestamp('27-OCT-22 04.34.17.000000000 PM','DD-MON-RR HH.MI.SSXFF AM'));
Insert into USERS_TIPO_EXPEDIENTE (USER_ID,TIPO_EXPEDIENTE_ID,SUB_TIPO_EXPEDIENTE_ID,CREATED_USER,UPDATED_USER,DELETED_USER,CREATED_AT,UPDATED_AT) values (5,3,2,null,null,null,to_timestamp('27-OCT-22 04.34.17.000000000 PM','DD-MON-RR HH.MI.SSXFF AM'),to_timestamp('27-OCT-22 04.34.17.000000000 PM','DD-MON-RR HH.MI.SSXFF AM'));
Insert into USERS_TIPO_EXPEDIENTE (USER_ID,TIPO_EXPEDIENTE_ID,SUB_TIPO_EXPEDIENTE_ID,CREATED_USER,UPDATED_USER,DELETED_USER,CREATED_AT,UPDATED_AT) values (2,1,1,null,null,null,to_timestamp('27-OCT-22 06.53.04.000000000 PM','DD-MON-RR HH.MI.SSXFF AM'),to_timestamp('27-OCT-22 06.53.04.000000000 PM','DD-MON-RR HH.MI.SSXFF AM'));
Insert into USERS_TIPO_EXPEDIENTE (USER_ID,TIPO_EXPEDIENTE_ID,SUB_TIPO_EXPEDIENTE_ID,CREATED_USER,UPDATED_USER,DELETED_USER,CREATED_AT,UPDATED_AT) values (2,1,2,null,null,null,to_timestamp('27-OCT-22 06.53.04.000000000 PM','DD-MON-RR HH.MI.SSXFF AM'),to_timestamp('27-OCT-22 06.53.04.000000000 PM','DD-MON-RR HH.MI.SSXFF AM'));
Insert into USERS_TIPO_EXPEDIENTE (USER_ID,TIPO_EXPEDIENTE_ID,SUB_TIPO_EXPEDIENTE_ID,CREATED_USER,UPDATED_USER,DELETED_USER,CREATED_AT,UPDATED_AT) values (2,1,3,null,null,null,to_timestamp('27-OCT-22 06.53.04.000000000 PM','DD-MON-RR HH.MI.SSXFF AM'),to_timestamp('27-OCT-22 06.53.04.000000000 PM','DD-MON-RR HH.MI.SSXFF AM'));
Insert into USERS_TIPO_EXPEDIENTE (USER_ID,TIPO_EXPEDIENTE_ID,SUB_TIPO_EXPEDIENTE_ID,CREATED_USER,UPDATED_USER,DELETED_USER,CREATED_AT,UPDATED_AT) values (2,3,1,null,null,null,to_timestamp('27-OCT-22 06.53.04.000000000 PM','DD-MON-RR HH.MI.SSXFF AM'),to_timestamp('27-OCT-22 06.53.04.000000000 PM','DD-MON-RR HH.MI.SSXFF AM'));
Insert into USERS_TIPO_EXPEDIENTE (USER_ID,TIPO_EXPEDIENTE_ID,SUB_TIPO_EXPEDIENTE_ID,CREATED_USER,UPDATED_USER,DELETED_USER,CREATED_AT,UPDATED_AT) values (2,4,1,null,null,null,to_timestamp('27-OCT-22 06.53.04.000000000 PM','DD-MON-RR HH.MI.SSXFF AM'),to_timestamp('27-OCT-22 06.53.04.000000000 PM','DD-MON-RR HH.MI.SSXFF AM'));
Insert into USERS_TIPO_EXPEDIENTE (USER_ID,TIPO_EXPEDIENTE_ID,SUB_TIPO_EXPEDIENTE_ID,CREATED_USER,UPDATED_USER,DELETED_USER,CREATED_AT,UPDATED_AT) values (2,4,2,null,null,null,to_timestamp('27-OCT-22 06.53.04.000000000 PM','DD-MON-RR HH.MI.SSXFF AM'),to_timestamp('27-OCT-22 06.53.04.000000000 PM','DD-MON-RR HH.MI.SSXFF AM'));
Insert into USERS_TIPO_EXPEDIENTE (USER_ID,TIPO_EXPEDIENTE_ID,SUB_TIPO_EXPEDIENTE_ID,CREATED_USER,UPDATED_USER,DELETED_USER,CREATED_AT,UPDATED_AT) values (7,3,1,null,null,null,to_timestamp('27-OCT-22 05.23.16.000000000 PM','DD-MON-RR HH.MI.SSXFF AM'),to_timestamp('27-OCT-22 05.23.16.000000000 PM','DD-MON-RR HH.MI.SSXFF AM'));
Insert into USERS_TIPO_EXPEDIENTE (USER_ID,TIPO_EXPEDIENTE_ID,SUB_TIPO_EXPEDIENTE_ID,CREATED_USER,UPDATED_USER,DELETED_USER,CREATED_AT,UPDATED_AT) values (7,1,1,null,null,null,to_timestamp('27-OCT-22 05.23.16.000000000 PM','DD-MON-RR HH.MI.SSXFF AM'),to_timestamp('27-OCT-22 05.23.16.000000000 PM','DD-MON-RR HH.MI.SSXFF AM'));
Insert into USERS_TIPO_EXPEDIENTE (USER_ID,TIPO_EXPEDIENTE_ID,SUB_TIPO_EXPEDIENTE_ID,CREATED_USER,UPDATED_USER,DELETED_USER,CREATED_AT,UPDATED_AT) values (7,1,2,null,null,null,to_timestamp('27-OCT-22 05.23.16.000000000 PM','DD-MON-RR HH.MI.SSXFF AM'),to_timestamp('27-OCT-22 05.23.16.000000000 PM','DD-MON-RR HH.MI.SSXFF AM'));
Insert into USERS_TIPO_EXPEDIENTE (USER_ID,TIPO_EXPEDIENTE_ID,SUB_TIPO_EXPEDIENTE_ID,CREATED_USER,UPDATED_USER,DELETED_USER,CREATED_AT,UPDATED_AT) values (7,1,3,null,null,null,to_timestamp('27-OCT-22 05.23.16.000000000 PM','DD-MON-RR HH.MI.SSXFF AM'),to_timestamp('27-OCT-22 05.23.16.000000000 PM','DD-MON-RR HH.MI.SSXFF AM'));
Insert into USERS_TIPO_EXPEDIENTE (USER_ID,TIPO_EXPEDIENTE_ID,SUB_TIPO_EXPEDIENTE_ID,CREATED_USER,UPDATED_USER,DELETED_USER,CREATED_AT,UPDATED_AT) values (9,1,1,null,null,null,to_timestamp('27-OCT-22 05.23.54.000000000 PM','DD-MON-RR HH.MI.SSXFF AM'),to_timestamp('27-OCT-22 05.23.54.000000000 PM','DD-MON-RR HH.MI.SSXFF AM'));
Insert into USERS_TIPO_EXPEDIENTE (USER_ID,TIPO_EXPEDIENTE_ID,SUB_TIPO_EXPEDIENTE_ID,CREATED_USER,UPDATED_USER,DELETED_USER,CREATED_AT,UPDATED_AT) values (9,1,2,null,null,null,to_timestamp('27-OCT-22 05.23.54.000000000 PM','DD-MON-RR HH.MI.SSXFF AM'),to_timestamp('27-OCT-22 05.23.54.000000000 PM','DD-MON-RR HH.MI.SSXFF AM'));
Insert into USERS_TIPO_EXPEDIENTE (USER_ID,TIPO_EXPEDIENTE_ID,SUB_TIPO_EXPEDIENTE_ID,CREATED_USER,UPDATED_USER,DELETED_USER,CREATED_AT,UPDATED_AT) values (9,1,3,null,null,null,to_timestamp('27-OCT-22 05.23.54.000000000 PM','DD-MON-RR HH.MI.SSXFF AM'),to_timestamp('27-OCT-22 05.23.54.000000000 PM','DD-MON-RR HH.MI.SSXFF AM'));
Insert into USERS_TIPO_EXPEDIENTE (USER_ID,TIPO_EXPEDIENTE_ID,SUB_TIPO_EXPEDIENTE_ID,CREATED_USER,UPDATED_USER,DELETED_USER,CREATED_AT,UPDATED_AT) values (9,3,1,null,null,null,to_timestamp('27-OCT-22 05.23.54.000000000 PM','DD-MON-RR HH.MI.SSXFF AM'),to_timestamp('27-OCT-22 05.23.54.000000000 PM','DD-MON-RR HH.MI.SSXFF AM'));
Insert into USERS_TIPO_EXPEDIENTE (USER_ID,TIPO_EXPEDIENTE_ID,SUB_TIPO_EXPEDIENTE_ID,CREATED_USER,UPDATED_USER,DELETED_USER,CREATED_AT,UPDATED_AT) values (9,4,1,null,null,null,to_timestamp('27-OCT-22 05.23.54.000000000 PM','DD-MON-RR HH.MI.SSXFF AM'),to_timestamp('27-OCT-22 05.23.54.000000000 PM','DD-MON-RR HH.MI.SSXFF AM'));
Insert into USERS_TIPO_EXPEDIENTE (USER_ID,TIPO_EXPEDIENTE_ID,SUB_TIPO_EXPEDIENTE_ID,CREATED_USER,UPDATED_USER,DELETED_USER,CREATED_AT,UPDATED_AT) values (9,4,2,null,null,null,to_timestamp('27-OCT-22 05.23.54.000000000 PM','DD-MON-RR HH.MI.SSXFF AM'),to_timestamp('27-OCT-22 05.23.54.000000000 PM','DD-MON-RR HH.MI.SSXFF AM'));
Insert into USERS_TIPO_EXPEDIENTE (USER_ID,TIPO_EXPEDIENTE_ID,SUB_TIPO_EXPEDIENTE_ID,CREATED_USER,UPDATED_USER,DELETED_USER,CREATED_AT,UPDATED_AT) values (4,1,1,null,null,null,to_timestamp('27-OCT-22 05.24.36.000000000 PM','DD-MON-RR HH.MI.SSXFF AM'),to_timestamp('27-OCT-22 05.24.36.000000000 PM','DD-MON-RR HH.MI.SSXFF AM'));
Insert into USERS_TIPO_EXPEDIENTE (USER_ID,TIPO_EXPEDIENTE_ID,SUB_TIPO_EXPEDIENTE_ID,CREATED_USER,UPDATED_USER,DELETED_USER,CREATED_AT,UPDATED_AT) values (4,1,2,null,null,null,to_timestamp('27-OCT-22 05.24.36.000000000 PM','DD-MON-RR HH.MI.SSXFF AM'),to_timestamp('27-OCT-22 05.24.36.000000000 PM','DD-MON-RR HH.MI.SSXFF AM'));
Insert into USERS_TIPO_EXPEDIENTE (USER_ID,TIPO_EXPEDIENTE_ID,SUB_TIPO_EXPEDIENTE_ID,CREATED_USER,UPDATED_USER,DELETED_USER,CREATED_AT,UPDATED_AT) values (4,1,3,null,null,null,to_timestamp('27-OCT-22 05.24.36.000000000 PM','DD-MON-RR HH.MI.SSXFF AM'),to_timestamp('27-OCT-22 05.24.36.000000000 PM','DD-MON-RR HH.MI.SSXFF AM'));
Insert into USERS_TIPO_EXPEDIENTE (USER_ID,TIPO_EXPEDIENTE_ID,SUB_TIPO_EXPEDIENTE_ID,CREATED_USER,UPDATED_USER,DELETED_USER,CREATED_AT,UPDATED_AT) values (10,1,1,null,null,null,to_timestamp('27-OCT-22 04.33.59.000000000 PM','DD-MON-RR HH.MI.SSXFF AM'),to_timestamp('27-OCT-22 04.33.59.000000000 PM','DD-MON-RR HH.MI.SSXFF AM'));
Insert into USERS_TIPO_EXPEDIENTE (USER_ID,TIPO_EXPEDIENTE_ID,SUB_TIPO_EXPEDIENTE_ID,CREATED_USER,UPDATED_USER,DELETED_USER,CREATED_AT,UPDATED_AT) values (10,3,1,null,null,null,to_timestamp('27-OCT-22 04.33.59.000000000 PM','DD-MON-RR HH.MI.SSXFF AM'),to_timestamp('27-OCT-22 04.33.59.000000000 PM','DD-MON-RR HH.MI.SSXFF AM'));
Insert into USERS_TIPO_EXPEDIENTE (USER_ID,TIPO_EXPEDIENTE_ID,SUB_TIPO_EXPEDIENTE_ID,CREATED_USER,UPDATED_USER,DELETED_USER,CREATED_AT,UPDATED_AT) values (10,2,1,null,null,null,to_timestamp('27-OCT-22 04.33.59.000000000 PM','DD-MON-RR HH.MI.SSXFF AM'),to_timestamp('27-OCT-22 04.33.59.000000000 PM','DD-MON-RR HH.MI.SSXFF AM'));
Insert into USERS_TIPO_EXPEDIENTE (USER_ID,TIPO_EXPEDIENTE_ID,SUB_TIPO_EXPEDIENTE_ID,CREATED_USER,UPDATED_USER,DELETED_USER,CREATED_AT,UPDATED_AT) values (10,4,1,null,null,null,to_timestamp('27-OCT-22 04.33.59.000000000 PM','DD-MON-RR HH.MI.SSXFF AM'),to_timestamp('27-OCT-22 04.33.59.000000000 PM','DD-MON-RR HH.MI.SSXFF AM'));
Insert into USERS_TIPO_EXPEDIENTE (USER_ID,TIPO_EXPEDIENTE_ID,SUB_TIPO_EXPEDIENTE_ID,CREATED_USER,UPDATED_USER,DELETED_USER,CREATED_AT,UPDATED_AT) values (19,3,1,null,null,null,to_timestamp('27-OCT-22 03.56.55.000000000 PM','DD-MON-RR HH.MI.SSXFF AM'),to_timestamp('27-OCT-22 03.56.55.000000000 PM','DD-MON-RR HH.MI.SSXFF AM'));
Insert into USERS_TIPO_EXPEDIENTE (USER_ID,TIPO_EXPEDIENTE_ID,SUB_TIPO_EXPEDIENTE_ID,CREATED_USER,UPDATED_USER,DELETED_USER,CREATED_AT,UPDATED_AT) values (11,3,1,null,null,null,to_timestamp('27-OCT-22 03.58.30.000000000 PM','DD-MON-RR HH.MI.SSXFF AM'),to_timestamp('27-OCT-22 03.58.30.000000000 PM','DD-MON-RR HH.MI.SSXFF AM'));
Insert into USERS_TIPO_EXPEDIENTE (USER_ID,TIPO_EXPEDIENTE_ID,SUB_TIPO_EXPEDIENTE_ID,CREATED_USER,UPDATED_USER,DELETED_USER,CREATED_AT,UPDATED_AT) values (11,4,1,null,null,null,to_timestamp('27-OCT-22 03.58.30.000000000 PM','DD-MON-RR HH.MI.SSXFF AM'),to_timestamp('27-OCT-22 03.58.30.000000000 PM','DD-MON-RR HH.MI.SSXFF AM'));
Insert into USERS_TIPO_EXPEDIENTE (USER_ID,TIPO_EXPEDIENTE_ID,SUB_TIPO_EXPEDIENTE_ID,CREATED_USER,UPDATED_USER,DELETED_USER,CREATED_AT,UPDATED_AT) values (11,4,2,null,null,null,to_timestamp('27-OCT-22 03.58.30.000000000 PM','DD-MON-RR HH.MI.SSXFF AM'),to_timestamp('27-OCT-22 03.58.30.000000000 PM','DD-MON-RR HH.MI.SSXFF AM'));
Insert into USERS_TIPO_EXPEDIENTE (USER_ID,TIPO_EXPEDIENTE_ID,SUB_TIPO_EXPEDIENTE_ID,CREATED_USER,UPDATED_USER,DELETED_USER,CREATED_AT,UPDATED_AT) values (17,1,1,null,null,null,to_timestamp('27-OCT-22 03.59.52.000000000 PM','DD-MON-RR HH.MI.SSXFF AM'),to_timestamp('27-OCT-22 03.59.52.000000000 PM','DD-MON-RR HH.MI.SSXFF AM'));
Insert into USERS_TIPO_EXPEDIENTE (USER_ID,TIPO_EXPEDIENTE_ID,SUB_TIPO_EXPEDIENTE_ID,CREATED_USER,UPDATED_USER,DELETED_USER,CREATED_AT,UPDATED_AT) values (17,1,2,null,null,null,to_timestamp('27-OCT-22 03.59.52.000000000 PM','DD-MON-RR HH.MI.SSXFF AM'),to_timestamp('27-OCT-22 03.59.52.000000000 PM','DD-MON-RR HH.MI.SSXFF AM'));
Insert into USERS_TIPO_EXPEDIENTE (USER_ID,TIPO_EXPEDIENTE_ID,SUB_TIPO_EXPEDIENTE_ID,CREATED_USER,UPDATED_USER,DELETED_USER,CREATED_AT,UPDATED_AT) values (17,1,3,null,null,null,to_timestamp('27-OCT-22 03.59.52.000000000 PM','DD-MON-RR HH.MI.SSXFF AM'),to_timestamp('27-OCT-22 03.59.52.000000000 PM','DD-MON-RR HH.MI.SSXFF AM'));
Insert into USERS_TIPO_EXPEDIENTE (USER_ID,TIPO_EXPEDIENTE_ID,SUB_TIPO_EXPEDIENTE_ID,CREATED_USER,UPDATED_USER,DELETED_USER,CREATED_AT,UPDATED_AT) values (17,3,1,null,null,null,to_timestamp('27-OCT-22 03.59.52.000000000 PM','DD-MON-RR HH.MI.SSXFF AM'),to_timestamp('27-OCT-22 03.59.52.000000000 PM','DD-MON-RR HH.MI.SSXFF AM'));
Insert into USERS_TIPO_EXPEDIENTE (USER_ID,TIPO_EXPEDIENTE_ID,SUB_TIPO_EXPEDIENTE_ID,CREATED_USER,UPDATED_USER,DELETED_USER,CREATED_AT,UPDATED_AT) values (17,4,1,null,null,null,to_timestamp('27-OCT-22 03.59.52.000000000 PM','DD-MON-RR HH.MI.SSXFF AM'),to_timestamp('27-OCT-22 03.59.52.000000000 PM','DD-MON-RR HH.MI.SSXFF AM'));
Insert into USERS_TIPO_EXPEDIENTE (USER_ID,TIPO_EXPEDIENTE_ID,SUB_TIPO_EXPEDIENTE_ID,CREATED_USER,UPDATED_USER,DELETED_USER,CREATED_AT,UPDATED_AT) values (17,4,2,null,null,null,to_timestamp('27-OCT-22 03.59.52.000000000 PM','DD-MON-RR HH.MI.SSXFF AM'),to_timestamp('27-OCT-22 03.59.52.000000000 PM','DD-MON-RR HH.MI.SSXFF AM'));
Insert into USERS_TIPO_EXPEDIENTE (USER_ID,TIPO_EXPEDIENTE_ID,SUB_TIPO_EXPEDIENTE_ID,CREATED_USER,UPDATED_USER,DELETED_USER,CREATED_AT,UPDATED_AT) values (18,3,1,null,null,null,to_timestamp('27-OCT-22 04.00.12.000000000 PM','DD-MON-RR HH.MI.SSXFF AM'),to_timestamp('27-OCT-22 04.00.12.000000000 PM','DD-MON-RR HH.MI.SSXFF AM'));
Insert into USERS_TIPO_EXPEDIENTE (USER_ID,TIPO_EXPEDIENTE_ID,SUB_TIPO_EXPEDIENTE_ID,CREATED_USER,UPDATED_USER,DELETED_USER,CREATED_AT,UPDATED_AT) values (8,3,2,null,null,null,to_timestamp('27-OCT-22 04.01.30.000000000 PM','DD-MON-RR HH.MI.SSXFF AM'),to_timestamp('27-OCT-22 04.01.30.000000000 PM','DD-MON-RR HH.MI.SSXFF AM'));
Insert into USERS_TIPO_EXPEDIENTE (USER_ID,TIPO_EXPEDIENTE_ID,SUB_TIPO_EXPEDIENTE_ID,CREATED_USER,UPDATED_USER,DELETED_USER,CREATED_AT,UPDATED_AT) values (16,3,1,null,null,null,to_timestamp('27-OCT-22 04.02.22.000000000 PM','DD-MON-RR HH.MI.SSXFF AM'),to_timestamp('27-OCT-22 04.02.22.000000000 PM','DD-MON-RR HH.MI.SSXFF AM'));
Insert into USERS_TIPO_EXPEDIENTE (USER_ID,TIPO_EXPEDIENTE_ID,SUB_TIPO_EXPEDIENTE_ID,CREATED_USER,UPDATED_USER,DELETED_USER,CREATED_AT,UPDATED_AT) values (6,3,1,null,null,null,to_timestamp('27-OCT-22 04.03.42.000000000 PM','DD-MON-RR HH.MI.SSXFF AM'),to_timestamp('27-OCT-22 04.03.42.000000000 PM','DD-MON-RR HH.MI.SSXFF AM'));
Insert into USERS_TIPO_EXPEDIENTE (USER_ID,TIPO_EXPEDIENTE_ID,SUB_TIPO_EXPEDIENTE_ID,CREATED_USER,UPDATED_USER,DELETED_USER,CREATED_AT,UPDATED_AT) values (6,4,1,null,null,null,to_timestamp('27-OCT-22 04.03.42.000000000 PM','DD-MON-RR HH.MI.SSXFF AM'),to_timestamp('27-OCT-22 04.03.42.000000000 PM','DD-MON-RR HH.MI.SSXFF AM'));
Insert into USERS_TIPO_EXPEDIENTE (USER_ID,TIPO_EXPEDIENTE_ID,SUB_TIPO_EXPEDIENTE_ID,CREATED_USER,UPDATED_USER,DELETED_USER,CREATED_AT,UPDATED_AT) values (6,4,2,null,null,null,to_timestamp('27-OCT-22 04.03.42.000000000 PM','DD-MON-RR HH.MI.SSXFF AM'),to_timestamp('27-OCT-22 04.03.42.000000000 PM','DD-MON-RR HH.MI.SSXFF AM'));
Insert into USERS_TIPO_EXPEDIENTE (USER_ID,TIPO_EXPEDIENTE_ID,SUB_TIPO_EXPEDIENTE_ID,CREATED_USER,UPDATED_USER,DELETED_USER,CREATED_AT,UPDATED_AT) values (13,2,1,null,null,null,to_timestamp('27-OCT-22 04.06.13.000000000 PM','DD-MON-RR HH.MI.SSXFF AM'),to_timestamp('27-OCT-22 04.06.13.000000000 PM','DD-MON-RR HH.MI.SSXFF AM'));
Insert into USERS_TIPO_EXPEDIENTE (USER_ID,TIPO_EXPEDIENTE_ID,SUB_TIPO_EXPEDIENTE_ID,CREATED_USER,UPDATED_USER,DELETED_USER,CREATED_AT,UPDATED_AT) values (13,2,2,null,null,null,to_timestamp('27-OCT-22 04.06.13.000000000 PM','DD-MON-RR HH.MI.SSXFF AM'),to_timestamp('27-OCT-22 04.06.13.000000000 PM','DD-MON-RR HH.MI.SSXFF AM'));
Insert into USERS_TIPO_EXPEDIENTE (USER_ID,TIPO_EXPEDIENTE_ID,SUB_TIPO_EXPEDIENTE_ID,CREATED_USER,UPDATED_USER,DELETED_USER,CREATED_AT,UPDATED_AT) values (12,3,1,null,null,null,to_timestamp('27-OCT-22 04.08.11.000000000 PM','DD-MON-RR HH.MI.SSXFF AM'),to_timestamp('27-OCT-22 04.08.11.000000000 PM','DD-MON-RR HH.MI.SSXFF AM'));
COMMIT;


Insert into FUNCIONALIDAD_ROL (FUNCIONALIDAD_ID,ROLE_ID,CREATED_USER,UPDATED_USER,DELETED_USER,CREATED_AT,UPDATED_AT) values (1,3,null,null,null,to_timestamp('27-OCT-22 09.54.46.000000000 PM','DD-MON-RR HH.MI.SSXFF AM'),to_timestamp('27-OCT-22 09.54.46.000000000 PM','DD-MON-RR HH.MI.SSXFF AM'));
Insert into FUNCIONALIDAD_ROL (FUNCIONALIDAD_ID,ROLE_ID,CREATED_USER,UPDATED_USER,DELETED_USER,CREATED_AT,UPDATED_AT) values (2,3,null,null,null,to_timestamp('27-OCT-22 09.54.46.000000000 PM','DD-MON-RR HH.MI.SSXFF AM'),to_timestamp('27-OCT-22 09.54.46.000000000 PM','DD-MON-RR HH.MI.SSXFF AM'));
Insert into FUNCIONALIDAD_ROL (FUNCIONALIDAD_ID,ROLE_ID,CREATED_USER,UPDATED_USER,DELETED_USER,CREATED_AT,UPDATED_AT) values (5,3,null,null,null,to_timestamp('27-OCT-22 09.54.46.000000000 PM','DD-MON-RR HH.MI.SSXFF AM'),to_timestamp('27-OCT-22 09.54.46.000000000 PM','DD-MON-RR HH.MI.SSXFF AM'));
Insert into FUNCIONALIDAD_ROL (FUNCIONALIDAD_ID,ROLE_ID,CREATED_USER,UPDATED_USER,DELETED_USER,CREATED_AT,UPDATED_AT) values (8,3,null,null,null,to_timestamp('27-OCT-22 09.54.46.000000000 PM','DD-MON-RR HH.MI.SSXFF AM'),to_timestamp('27-OCT-22 09.54.46.000000000 PM','DD-MON-RR HH.MI.SSXFF AM'));
Insert into FUNCIONALIDAD_ROL (FUNCIONALIDAD_ID,ROLE_ID,CREATED_USER,UPDATED_USER,DELETED_USER,CREATED_AT,UPDATED_AT) values (10,3,null,null,null,to_timestamp('27-OCT-22 09.54.46.000000000 PM','DD-MON-RR HH.MI.SSXFF AM'),to_timestamp('27-OCT-22 09.54.46.000000000 PM','DD-MON-RR HH.MI.SSXFF AM'));
Insert into FUNCIONALIDAD_ROL (FUNCIONALIDAD_ID,ROLE_ID,CREATED_USER,UPDATED_USER,DELETED_USER,CREATED_AT,UPDATED_AT) values (11,3,null,null,null,to_timestamp('27-OCT-22 09.54.46.000000000 PM','DD-MON-RR HH.MI.SSXFF AM'),to_timestamp('27-OCT-22 09.54.46.000000000 PM','DD-MON-RR HH.MI.SSXFF AM'));
Insert into FUNCIONALIDAD_ROL (FUNCIONALIDAD_ID,ROLE_ID,CREATED_USER,UPDATED_USER,DELETED_USER,CREATED_AT,UPDATED_AT) values (12,3,null,null,null,to_timestamp('27-OCT-22 09.54.46.000000000 PM','DD-MON-RR HH.MI.SSXFF AM'),to_timestamp('27-OCT-22 09.54.46.000000000 PM','DD-MON-RR HH.MI.SSXFF AM'));
Insert into FUNCIONALIDAD_ROL (FUNCIONALIDAD_ID,ROLE_ID,CREATED_USER,UPDATED_USER,DELETED_USER,CREATED_AT,UPDATED_AT) values (15,3,null,null,null,to_timestamp('27-OCT-22 09.54.46.000000000 PM','DD-MON-RR HH.MI.SSXFF AM'),to_timestamp('27-OCT-22 09.54.46.000000000 PM','DD-MON-RR HH.MI.SSXFF AM'));
Insert into FUNCIONALIDAD_ROL (FUNCIONALIDAD_ID,ROLE_ID,CREATED_USER,UPDATED_USER,DELETED_USER,CREATED_AT,UPDATED_AT) values (18,3,null,null,null,to_timestamp('27-OCT-22 09.54.46.000000000 PM','DD-MON-RR HH.MI.SSXFF AM'),to_timestamp('27-OCT-22 09.54.46.000000000 PM','DD-MON-RR HH.MI.SSXFF AM'));
Insert into FUNCIONALIDAD_ROL (FUNCIONALIDAD_ID,ROLE_ID,CREATED_USER,UPDATED_USER,DELETED_USER,CREATED_AT,UPDATED_AT) values (19,3,null,null,null,to_timestamp('27-OCT-22 09.54.46.000000000 PM','DD-MON-RR HH.MI.SSXFF AM'),to_timestamp('27-OCT-22 09.54.46.000000000 PM','DD-MON-RR HH.MI.SSXFF AM'));
Insert into FUNCIONALIDAD_ROL (FUNCIONALIDAD_ID,ROLE_ID,CREATED_USER,UPDATED_USER,DELETED_USER,CREATED_AT,UPDATED_AT) values (20,3,null,null,null,to_timestamp('27-OCT-22 09.54.46.000000000 PM','DD-MON-RR HH.MI.SSXFF AM'),to_timestamp('27-OCT-22 09.54.46.000000000 PM','DD-MON-RR HH.MI.SSXFF AM'));
Insert into FUNCIONALIDAD_ROL (FUNCIONALIDAD_ID,ROLE_ID,CREATED_USER,UPDATED_USER,DELETED_USER,CREATED_AT,UPDATED_AT) values (21,3,null,null,null,to_timestamp('27-OCT-22 09.54.46.000000000 PM','DD-MON-RR HH.MI.SSXFF AM'),to_timestamp('27-OCT-22 09.54.46.000000000 PM','DD-MON-RR HH.MI.SSXFF AM'));
Insert into FUNCIONALIDAD_ROL (FUNCIONALIDAD_ID,ROLE_ID,CREATED_USER,UPDATED_USER,DELETED_USER,CREATED_AT,UPDATED_AT) values (22,3,null,null,null,to_timestamp('27-OCT-22 09.54.46.000000000 PM','DD-MON-RR HH.MI.SSXFF AM'),to_timestamp('27-OCT-22 09.54.46.000000000 PM','DD-MON-RR HH.MI.SSXFF AM'));
Insert into FUNCIONALIDAD_ROL (FUNCIONALIDAD_ID,ROLE_ID,CREATED_USER,UPDATED_USER,DELETED_USER,CREATED_AT,UPDATED_AT) values (24,3,null,null,null,to_timestamp('27-OCT-22 09.54.46.000000000 PM','DD-MON-RR HH.MI.SSXFF AM'),to_timestamp('27-OCT-22 09.54.46.000000000 PM','DD-MON-RR HH.MI.SSXFF AM'));
Insert into FUNCIONALIDAD_ROL (FUNCIONALIDAD_ID,ROLE_ID,CREATED_USER,UPDATED_USER,DELETED_USER,CREATED_AT,UPDATED_AT) values (33,3,null,null,null,to_timestamp('27-OCT-22 09.54.46.000000000 PM','DD-MON-RR HH.MI.SSXFF AM'),to_timestamp('27-OCT-22 09.54.46.000000000 PM','DD-MON-RR HH.MI.SSXFF AM'));
Insert into FUNCIONALIDAD_ROL (FUNCIONALIDAD_ID,ROLE_ID,CREATED_USER,UPDATED_USER,DELETED_USER,CREATED_AT,UPDATED_AT) values (34,3,null,null,null,to_timestamp('27-OCT-22 09.54.46.000000000 PM','DD-MON-RR HH.MI.SSXFF AM'),to_timestamp('27-OCT-22 09.54.46.000000000 PM','DD-MON-RR HH.MI.SSXFF AM'));
Insert into FUNCIONALIDAD_ROL (FUNCIONALIDAD_ID,ROLE_ID,CREATED_USER,UPDATED_USER,DELETED_USER,CREATED_AT,UPDATED_AT) values (37,3,null,null,null,to_timestamp('27-OCT-22 09.54.46.000000000 PM','DD-MON-RR HH.MI.SSXFF AM'),to_timestamp('27-OCT-22 09.54.46.000000000 PM','DD-MON-RR HH.MI.SSXFF AM'));
Insert into FUNCIONALIDAD_ROL (FUNCIONALIDAD_ID,ROLE_ID,CREATED_USER,UPDATED_USER,DELETED_USER,CREATED_AT,UPDATED_AT) values (38,3,null,null,null,to_timestamp('27-OCT-22 09.54.46.000000000 PM','DD-MON-RR HH.MI.SSXFF AM'),to_timestamp('27-OCT-22 09.54.46.000000000 PM','DD-MON-RR HH.MI.SSXFF AM'));
Insert into FUNCIONALIDAD_ROL (FUNCIONALIDAD_ID,ROLE_ID,CREATED_USER,UPDATED_USER,DELETED_USER,CREATED_AT,UPDATED_AT) values (39,3,null,null,null,to_timestamp('27-OCT-22 09.54.46.000000000 PM','DD-MON-RR HH.MI.SSXFF AM'),to_timestamp('27-OCT-22 09.54.46.000000000 PM','DD-MON-RR HH.MI.SSXFF AM'));
Insert into FUNCIONALIDAD_ROL (FUNCIONALIDAD_ID,ROLE_ID,CREATED_USER,UPDATED_USER,DELETED_USER,CREATED_AT,UPDATED_AT) values (57,3,null,null,null,to_timestamp('27-OCT-22 09.54.46.000000000 PM','DD-MON-RR HH.MI.SSXFF AM'),to_timestamp('27-OCT-22 09.54.46.000000000 PM','DD-MON-RR HH.MI.SSXFF AM'));
Insert into FUNCIONALIDAD_ROL (FUNCIONALIDAD_ID,ROLE_ID,CREATED_USER,UPDATED_USER,DELETED_USER,CREATED_AT,UPDATED_AT) values (59,3,null,null,null,to_timestamp('27-OCT-22 09.54.46.000000000 PM','DD-MON-RR HH.MI.SSXFF AM'),to_timestamp('27-OCT-22 09.54.46.000000000 PM','DD-MON-RR HH.MI.SSXFF AM'));
Insert into FUNCIONALIDAD_ROL (FUNCIONALIDAD_ID,ROLE_ID,CREATED_USER,UPDATED_USER,DELETED_USER,CREATED_AT,UPDATED_AT) values (58,3,null,null,null,to_timestamp('27-OCT-22 09.54.46.000000000 PM','DD-MON-RR HH.MI.SSXFF AM'),to_timestamp('27-OCT-22 09.54.46.000000000 PM','DD-MON-RR HH.MI.SSXFF AM'));
Insert into FUNCIONALIDAD_ROL (FUNCIONALIDAD_ID,ROLE_ID,CREATED_USER,UPDATED_USER,DELETED_USER,CREATED_AT,UPDATED_AT) values (58,1,null,null,null,to_timestamp('27-OCT-22 09.58.49.000000000 PM','DD-MON-RR HH.MI.SSXFF AM'),to_timestamp('27-OCT-22 09.58.49.000000000 PM','DD-MON-RR HH.MI.SSXFF AM'));
Insert into FUNCIONALIDAD_ROL (FUNCIONALIDAD_ID,ROLE_ID,CREATED_USER,UPDATED_USER,DELETED_USER,CREATED_AT,UPDATED_AT) values (2,1,null,null,null,to_timestamp('27-OCT-22 09.58.49.000000000 PM','DD-MON-RR HH.MI.SSXFF AM'),to_timestamp('27-OCT-22 09.58.49.000000000 PM','DD-MON-RR HH.MI.SSXFF AM'));
Insert into FUNCIONALIDAD_ROL (FUNCIONALIDAD_ID,ROLE_ID,CREATED_USER,UPDATED_USER,DELETED_USER,CREATED_AT,UPDATED_AT) values (3,1,null,null,null,to_timestamp('27-OCT-22 09.58.49.000000000 PM','DD-MON-RR HH.MI.SSXFF AM'),to_timestamp('27-OCT-22 09.58.49.000000000 PM','DD-MON-RR HH.MI.SSXFF AM'));
Insert into FUNCIONALIDAD_ROL (FUNCIONALIDAD_ID,ROLE_ID,CREATED_USER,UPDATED_USER,DELETED_USER,CREATED_AT,UPDATED_AT) values (4,1,null,null,null,to_timestamp('27-OCT-22 09.58.49.000000000 PM','DD-MON-RR HH.MI.SSXFF AM'),to_timestamp('27-OCT-22 09.58.49.000000000 PM','DD-MON-RR HH.MI.SSXFF AM'));
Insert into FUNCIONALIDAD_ROL (FUNCIONALIDAD_ID,ROLE_ID,CREATED_USER,UPDATED_USER,DELETED_USER,CREATED_AT,UPDATED_AT) values (5,1,null,null,null,to_timestamp('27-OCT-22 09.58.49.000000000 PM','DD-MON-RR HH.MI.SSXFF AM'),to_timestamp('27-OCT-22 09.58.49.000000000 PM','DD-MON-RR HH.MI.SSXFF AM'));
Insert into FUNCIONALIDAD_ROL (FUNCIONALIDAD_ID,ROLE_ID,CREATED_USER,UPDATED_USER,DELETED_USER,CREATED_AT,UPDATED_AT) values (6,1,null,null,null,to_timestamp('27-OCT-22 09.58.49.000000000 PM','DD-MON-RR HH.MI.SSXFF AM'),to_timestamp('27-OCT-22 09.58.49.000000000 PM','DD-MON-RR HH.MI.SSXFF AM'));
Insert into FUNCIONALIDAD_ROL (FUNCIONALIDAD_ID,ROLE_ID,CREATED_USER,UPDATED_USER,DELETED_USER,CREATED_AT,UPDATED_AT) values (7,1,null,null,null,to_timestamp('27-OCT-22 09.58.49.000000000 PM','DD-MON-RR HH.MI.SSXFF AM'),to_timestamp('27-OCT-22 09.58.49.000000000 PM','DD-MON-RR HH.MI.SSXFF AM'));
Insert into FUNCIONALIDAD_ROL (FUNCIONALIDAD_ID,ROLE_ID,CREATED_USER,UPDATED_USER,DELETED_USER,CREATED_AT,UPDATED_AT) values (8,1,null,null,null,to_timestamp('27-OCT-22 09.58.49.000000000 PM','DD-MON-RR HH.MI.SSXFF AM'),to_timestamp('27-OCT-22 09.58.49.000000000 PM','DD-MON-RR HH.MI.SSXFF AM'));
Insert into FUNCIONALIDAD_ROL (FUNCIONALIDAD_ID,ROLE_ID,CREATED_USER,UPDATED_USER,DELETED_USER,CREATED_AT,UPDATED_AT) values (9,1,null,null,null,to_timestamp('27-OCT-22 09.58.49.000000000 PM','DD-MON-RR HH.MI.SSXFF AM'),to_timestamp('27-OCT-22 09.58.49.000000000 PM','DD-MON-RR HH.MI.SSXFF AM'));
Insert into FUNCIONALIDAD_ROL (FUNCIONALIDAD_ID,ROLE_ID,CREATED_USER,UPDATED_USER,DELETED_USER,CREATED_AT,UPDATED_AT) values (12,1,null,null,null,to_timestamp('27-OCT-22 09.58.49.000000000 PM','DD-MON-RR HH.MI.SSXFF AM'),to_timestamp('27-OCT-22 09.58.49.000000000 PM','DD-MON-RR HH.MI.SSXFF AM'));
Insert into FUNCIONALIDAD_ROL (FUNCIONALIDAD_ID,ROLE_ID,CREATED_USER,UPDATED_USER,DELETED_USER,CREATED_AT,UPDATED_AT) values (13,1,null,null,null,to_timestamp('27-OCT-22 09.58.49.000000000 PM','DD-MON-RR HH.MI.SSXFF AM'),to_timestamp('27-OCT-22 09.58.49.000000000 PM','DD-MON-RR HH.MI.SSXFF AM'));
Insert into FUNCIONALIDAD_ROL (FUNCIONALIDAD_ID,ROLE_ID,CREATED_USER,UPDATED_USER,DELETED_USER,CREATED_AT,UPDATED_AT) values (14,1,null,null,null,to_timestamp('27-OCT-22 09.58.49.000000000 PM','DD-MON-RR HH.MI.SSXFF AM'),to_timestamp('27-OCT-22 09.58.49.000000000 PM','DD-MON-RR HH.MI.SSXFF AM'));
Insert into FUNCIONALIDAD_ROL (FUNCIONALIDAD_ID,ROLE_ID,CREATED_USER,UPDATED_USER,DELETED_USER,CREATED_AT,UPDATED_AT) values (15,1,null,null,null,to_timestamp('27-OCT-22 09.58.49.000000000 PM','DD-MON-RR HH.MI.SSXFF AM'),to_timestamp('27-OCT-22 09.58.49.000000000 PM','DD-MON-RR HH.MI.SSXFF AM'));
Insert into FUNCIONALIDAD_ROL (FUNCIONALIDAD_ID,ROLE_ID,CREATED_USER,UPDATED_USER,DELETED_USER,CREATED_AT,UPDATED_AT) values (16,1,null,null,null,to_timestamp('27-OCT-22 09.58.49.000000000 PM','DD-MON-RR HH.MI.SSXFF AM'),to_timestamp('27-OCT-22 09.58.49.000000000 PM','DD-MON-RR HH.MI.SSXFF AM'));
Insert into FUNCIONALIDAD_ROL (FUNCIONALIDAD_ID,ROLE_ID,CREATED_USER,UPDATED_USER,DELETED_USER,CREATED_AT,UPDATED_AT) values (17,1,null,null,null,to_timestamp('27-OCT-22 09.58.49.000000000 PM','DD-MON-RR HH.MI.SSXFF AM'),to_timestamp('27-OCT-22 09.58.49.000000000 PM','DD-MON-RR HH.MI.SSXFF AM'));
Insert into FUNCIONALIDAD_ROL (FUNCIONALIDAD_ID,ROLE_ID,CREATED_USER,UPDATED_USER,DELETED_USER,CREATED_AT,UPDATED_AT) values (18,1,null,null,null,to_timestamp('27-OCT-22 09.58.49.000000000 PM','DD-MON-RR HH.MI.SSXFF AM'),to_timestamp('27-OCT-22 09.58.49.000000000 PM','DD-MON-RR HH.MI.SSXFF AM'));
Insert into FUNCIONALIDAD_ROL (FUNCIONALIDAD_ID,ROLE_ID,CREATED_USER,UPDATED_USER,DELETED_USER,CREATED_AT,UPDATED_AT) values (19,1,null,null,null,to_timestamp('27-OCT-22 09.58.49.000000000 PM','DD-MON-RR HH.MI.SSXFF AM'),to_timestamp('27-OCT-22 09.58.49.000000000 PM','DD-MON-RR HH.MI.SSXFF AM'));
Insert into FUNCIONALIDAD_ROL (FUNCIONALIDAD_ID,ROLE_ID,CREATED_USER,UPDATED_USER,DELETED_USER,CREATED_AT,UPDATED_AT) values (24,1,null,null,null,to_timestamp('27-OCT-22 09.58.49.000000000 PM','DD-MON-RR HH.MI.SSXFF AM'),to_timestamp('27-OCT-22 09.58.49.000000000 PM','DD-MON-RR HH.MI.SSXFF AM'));
Insert into FUNCIONALIDAD_ROL (FUNCIONALIDAD_ID,ROLE_ID,CREATED_USER,UPDATED_USER,DELETED_USER,CREATED_AT,UPDATED_AT) values (25,1,null,null,null,to_timestamp('27-OCT-22 09.58.49.000000000 PM','DD-MON-RR HH.MI.SSXFF AM'),to_timestamp('27-OCT-22 09.58.49.000000000 PM','DD-MON-RR HH.MI.SSXFF AM'));
Insert into FUNCIONALIDAD_ROL (FUNCIONALIDAD_ID,ROLE_ID,CREATED_USER,UPDATED_USER,DELETED_USER,CREATED_AT,UPDATED_AT) values (10,1,null,null,null,to_timestamp('27-OCT-22 09.58.49.000000000 PM','DD-MON-RR HH.MI.SSXFF AM'),to_timestamp('27-OCT-22 09.58.49.000000000 PM','DD-MON-RR HH.MI.SSXFF AM'));
Insert into FUNCIONALIDAD_ROL (FUNCIONALIDAD_ID,ROLE_ID,CREATED_USER,UPDATED_USER,DELETED_USER,CREATED_AT,UPDATED_AT) values (11,1,null,null,null,to_timestamp('27-OCT-22 09.58.49.000000000 PM','DD-MON-RR HH.MI.SSXFF AM'),to_timestamp('27-OCT-22 09.58.49.000000000 PM','DD-MON-RR HH.MI.SSXFF AM'));
Insert into FUNCIONALIDAD_ROL (FUNCIONALIDAD_ID,ROLE_ID,CREATED_USER,UPDATED_USER,DELETED_USER,CREATED_AT,UPDATED_AT) values (26,1,null,null,null,to_timestamp('27-OCT-22 09.58.49.000000000 PM','DD-MON-RR HH.MI.SSXFF AM'),to_timestamp('27-OCT-22 09.58.49.000000000 PM','DD-MON-RR HH.MI.SSXFF AM'));
Insert into FUNCIONALIDAD_ROL (FUNCIONALIDAD_ID,ROLE_ID,CREATED_USER,UPDATED_USER,DELETED_USER,CREATED_AT,UPDATED_AT) values (27,1,null,null,null,to_timestamp('27-OCT-22 09.58.49.000000000 PM','DD-MON-RR HH.MI.SSXFF AM'),to_timestamp('27-OCT-22 09.58.49.000000000 PM','DD-MON-RR HH.MI.SSXFF AM'));
Insert into FUNCIONALIDAD_ROL (FUNCIONALIDAD_ID,ROLE_ID,CREATED_USER,UPDATED_USER,DELETED_USER,CREATED_AT,UPDATED_AT) values (28,1,null,null,null,to_timestamp('27-OCT-22 09.58.49.000000000 PM','DD-MON-RR HH.MI.SSXFF AM'),to_timestamp('27-OCT-22 09.58.49.000000000 PM','DD-MON-RR HH.MI.SSXFF AM'));
Insert into FUNCIONALIDAD_ROL (FUNCIONALIDAD_ID,ROLE_ID,CREATED_USER,UPDATED_USER,DELETED_USER,CREATED_AT,UPDATED_AT) values (29,1,null,null,null,to_timestamp('27-OCT-22 09.58.49.000000000 PM','DD-MON-RR HH.MI.SSXFF AM'),to_timestamp('27-OCT-22 09.58.49.000000000 PM','DD-MON-RR HH.MI.SSXFF AM'));
Insert into FUNCIONALIDAD_ROL (FUNCIONALIDAD_ID,ROLE_ID,CREATED_USER,UPDATED_USER,DELETED_USER,CREATED_AT,UPDATED_AT) values (33,1,null,null,null,to_timestamp('27-OCT-22 09.58.49.000000000 PM','DD-MON-RR HH.MI.SSXFF AM'),to_timestamp('27-OCT-22 09.58.49.000000000 PM','DD-MON-RR HH.MI.SSXFF AM'));
Insert into FUNCIONALIDAD_ROL (FUNCIONALIDAD_ID,ROLE_ID,CREATED_USER,UPDATED_USER,DELETED_USER,CREATED_AT,UPDATED_AT) values (34,1,null,null,null,to_timestamp('27-OCT-22 09.58.49.000000000 PM','DD-MON-RR HH.MI.SSXFF AM'),to_timestamp('27-OCT-22 09.58.49.000000000 PM','DD-MON-RR HH.MI.SSXFF AM'));
Insert into FUNCIONALIDAD_ROL (FUNCIONALIDAD_ID,ROLE_ID,CREATED_USER,UPDATED_USER,DELETED_USER,CREATED_AT,UPDATED_AT) values (35,1,null,null,null,to_timestamp('27-OCT-22 09.58.49.000000000 PM','DD-MON-RR HH.MI.SSXFF AM'),to_timestamp('27-OCT-22 09.58.49.000000000 PM','DD-MON-RR HH.MI.SSXFF AM'));
Insert into FUNCIONALIDAD_ROL (FUNCIONALIDAD_ID,ROLE_ID,CREATED_USER,UPDATED_USER,DELETED_USER,CREATED_AT,UPDATED_AT) values (36,1,null,null,null,to_timestamp('27-OCT-22 09.58.49.000000000 PM','DD-MON-RR HH.MI.SSXFF AM'),to_timestamp('27-OCT-22 09.58.49.000000000 PM','DD-MON-RR HH.MI.SSXFF AM'));
Insert into FUNCIONALIDAD_ROL (FUNCIONALIDAD_ID,ROLE_ID,CREATED_USER,UPDATED_USER,DELETED_USER,CREATED_AT,UPDATED_AT) values (37,1,null,null,null,to_timestamp('27-OCT-22 09.58.49.000000000 PM','DD-MON-RR HH.MI.SSXFF AM'),to_timestamp('27-OCT-22 09.58.49.000000000 PM','DD-MON-RR HH.MI.SSXFF AM'));
Insert into FUNCIONALIDAD_ROL (FUNCIONALIDAD_ID,ROLE_ID,CREATED_USER,UPDATED_USER,DELETED_USER,CREATED_AT,UPDATED_AT) values (38,1,null,null,null,to_timestamp('27-OCT-22 09.58.49.000000000 PM','DD-MON-RR HH.MI.SSXFF AM'),to_timestamp('27-OCT-22 09.58.49.000000000 PM','DD-MON-RR HH.MI.SSXFF AM'));
Insert into FUNCIONALIDAD_ROL (FUNCIONALIDAD_ID,ROLE_ID,CREATED_USER,UPDATED_USER,DELETED_USER,CREATED_AT,UPDATED_AT) values (39,1,null,null,null,to_timestamp('27-OCT-22 09.58.49.000000000 PM','DD-MON-RR HH.MI.SSXFF AM'),to_timestamp('27-OCT-22 09.58.49.000000000 PM','DD-MON-RR HH.MI.SSXFF AM'));
Insert into FUNCIONALIDAD_ROL (FUNCIONALIDAD_ID,ROLE_ID,CREATED_USER,UPDATED_USER,DELETED_USER,CREATED_AT,UPDATED_AT) values (40,1,null,null,null,to_timestamp('27-OCT-22 09.58.49.000000000 PM','DD-MON-RR HH.MI.SSXFF AM'),to_timestamp('27-OCT-22 09.58.49.000000000 PM','DD-MON-RR HH.MI.SSXFF AM'));
Insert into FUNCIONALIDAD_ROL (FUNCIONALIDAD_ID,ROLE_ID,CREATED_USER,UPDATED_USER,DELETED_USER,CREATED_AT,UPDATED_AT) values (41,1,null,null,null,to_timestamp('27-OCT-22 09.58.49.000000000 PM','DD-MON-RR HH.MI.SSXFF AM'),to_timestamp('27-OCT-22 09.58.49.000000000 PM','DD-MON-RR HH.MI.SSXFF AM'));
Insert into FUNCIONALIDAD_ROL (FUNCIONALIDAD_ID,ROLE_ID,CREATED_USER,UPDATED_USER,DELETED_USER,CREATED_AT,UPDATED_AT) values (42,1,null,null,null,to_timestamp('27-OCT-22 09.58.49.000000000 PM','DD-MON-RR HH.MI.SSXFF AM'),to_timestamp('27-OCT-22 09.58.49.000000000 PM','DD-MON-RR HH.MI.SSXFF AM'));
Insert into FUNCIONALIDAD_ROL (FUNCIONALIDAD_ID,ROLE_ID,CREATED_USER,UPDATED_USER,DELETED_USER,CREATED_AT,UPDATED_AT) values (43,1,null,null,null,to_timestamp('27-OCT-22 09.58.49.000000000 PM','DD-MON-RR HH.MI.SSXFF AM'),to_timestamp('27-OCT-22 09.58.49.000000000 PM','DD-MON-RR HH.MI.SSXFF AM'));
Insert into FUNCIONALIDAD_ROL (FUNCIONALIDAD_ID,ROLE_ID,CREATED_USER,UPDATED_USER,DELETED_USER,CREATED_AT,UPDATED_AT) values (44,1,null,null,null,to_timestamp('27-OCT-22 09.58.49.000000000 PM','DD-MON-RR HH.MI.SSXFF AM'),to_timestamp('27-OCT-22 09.58.49.000000000 PM','DD-MON-RR HH.MI.SSXFF AM'));
Insert into FUNCIONALIDAD_ROL (FUNCIONALIDAD_ID,ROLE_ID,CREATED_USER,UPDATED_USER,DELETED_USER,CREATED_AT,UPDATED_AT) values (45,1,null,null,null,to_timestamp('27-OCT-22 09.58.49.000000000 PM','DD-MON-RR HH.MI.SSXFF AM'),to_timestamp('27-OCT-22 09.58.49.000000000 PM','DD-MON-RR HH.MI.SSXFF AM'));
Insert into FUNCIONALIDAD_ROL (FUNCIONALIDAD_ID,ROLE_ID,CREATED_USER,UPDATED_USER,DELETED_USER,CREATED_AT,UPDATED_AT) values (46,1,null,null,null,to_timestamp('27-OCT-22 09.58.49.000000000 PM','DD-MON-RR HH.MI.SSXFF AM'),to_timestamp('27-OCT-22 09.58.49.000000000 PM','DD-MON-RR HH.MI.SSXFF AM'));
Insert into FUNCIONALIDAD_ROL (FUNCIONALIDAD_ID,ROLE_ID,CREATED_USER,UPDATED_USER,DELETED_USER,CREATED_AT,UPDATED_AT) values (47,1,null,null,null,to_timestamp('27-OCT-22 09.58.49.000000000 PM','DD-MON-RR HH.MI.SSXFF AM'),to_timestamp('27-OCT-22 09.58.49.000000000 PM','DD-MON-RR HH.MI.SSXFF AM'));
Insert into FUNCIONALIDAD_ROL (FUNCIONALIDAD_ID,ROLE_ID,CREATED_USER,UPDATED_USER,DELETED_USER,CREATED_AT,UPDATED_AT) values (48,1,null,null,null,to_timestamp('27-OCT-22 09.58.49.000000000 PM','DD-MON-RR HH.MI.SSXFF AM'),to_timestamp('27-OCT-22 09.58.49.000000000 PM','DD-MON-RR HH.MI.SSXFF AM'));
Insert into FUNCIONALIDAD_ROL (FUNCIONALIDAD_ID,ROLE_ID,CREATED_USER,UPDATED_USER,DELETED_USER,CREATED_AT,UPDATED_AT) values (49,1,null,null,null,to_timestamp('27-OCT-22 09.58.49.000000000 PM','DD-MON-RR HH.MI.SSXFF AM'),to_timestamp('27-OCT-22 09.58.49.000000000 PM','DD-MON-RR HH.MI.SSXFF AM'));
Insert into FUNCIONALIDAD_ROL (FUNCIONALIDAD_ID,ROLE_ID,CREATED_USER,UPDATED_USER,DELETED_USER,CREATED_AT,UPDATED_AT) values (50,1,null,null,null,to_timestamp('27-OCT-22 09.58.49.000000000 PM','DD-MON-RR HH.MI.SSXFF AM'),to_timestamp('27-OCT-22 09.58.49.000000000 PM','DD-MON-RR HH.MI.SSXFF AM'));
Insert into FUNCIONALIDAD_ROL (FUNCIONALIDAD_ID,ROLE_ID,CREATED_USER,UPDATED_USER,DELETED_USER,CREATED_AT,UPDATED_AT) values (51,1,null,null,null,to_timestamp('27-OCT-22 09.58.49.000000000 PM','DD-MON-RR HH.MI.SSXFF AM'),to_timestamp('27-OCT-22 09.58.49.000000000 PM','DD-MON-RR HH.MI.SSXFF AM'));
Insert into FUNCIONALIDAD_ROL (FUNCIONALIDAD_ID,ROLE_ID,CREATED_USER,UPDATED_USER,DELETED_USER,CREATED_AT,UPDATED_AT) values (52,1,null,null,null,to_timestamp('27-OCT-22 09.58.49.000000000 PM','DD-MON-RR HH.MI.SSXFF AM'),to_timestamp('27-OCT-22 09.58.49.000000000 PM','DD-MON-RR HH.MI.SSXFF AM'));
Insert into FUNCIONALIDAD_ROL (FUNCIONALIDAD_ID,ROLE_ID,CREATED_USER,UPDATED_USER,DELETED_USER,CREATED_AT,UPDATED_AT) values (53,1,null,null,null,to_timestamp('27-OCT-22 09.58.49.000000000 PM','DD-MON-RR HH.MI.SSXFF AM'),to_timestamp('27-OCT-22 09.58.49.000000000 PM','DD-MON-RR HH.MI.SSXFF AM'));
Insert into FUNCIONALIDAD_ROL (FUNCIONALIDAD_ID,ROLE_ID,CREATED_USER,UPDATED_USER,DELETED_USER,CREATED_AT,UPDATED_AT) values (54,1,null,null,null,to_timestamp('27-OCT-22 09.58.49.000000000 PM','DD-MON-RR HH.MI.SSXFF AM'),to_timestamp('27-OCT-22 09.58.49.000000000 PM','DD-MON-RR HH.MI.SSXFF AM'));
Insert into FUNCIONALIDAD_ROL (FUNCIONALIDAD_ID,ROLE_ID,CREATED_USER,UPDATED_USER,DELETED_USER,CREATED_AT,UPDATED_AT) values (55,1,null,null,null,to_timestamp('27-OCT-22 09.58.49.000000000 PM','DD-MON-RR HH.MI.SSXFF AM'),to_timestamp('27-OCT-22 09.58.49.000000000 PM','DD-MON-RR HH.MI.SSXFF AM'));
Insert into FUNCIONALIDAD_ROL (FUNCIONALIDAD_ID,ROLE_ID,CREATED_USER,UPDATED_USER,DELETED_USER,CREATED_AT,UPDATED_AT) values (56,1,null,null,null,to_timestamp('27-OCT-22 09.58.49.000000000 PM','DD-MON-RR HH.MI.SSXFF AM'),to_timestamp('27-OCT-22 09.58.49.000000000 PM','DD-MON-RR HH.MI.SSXFF AM'));
Insert into FUNCIONALIDAD_ROL (FUNCIONALIDAD_ID,ROLE_ID,CREATED_USER,UPDATED_USER,DELETED_USER,CREATED_AT,UPDATED_AT) values (57,1,null,null,null,to_timestamp('27-OCT-22 09.58.49.000000000 PM','DD-MON-RR HH.MI.SSXFF AM'),to_timestamp('27-OCT-22 09.58.49.000000000 PM','DD-MON-RR HH.MI.SSXFF AM'));
Insert into FUNCIONALIDAD_ROL (FUNCIONALIDAD_ID,ROLE_ID,CREATED_USER,UPDATED_USER,DELETED_USER,CREATED_AT,UPDATED_AT) values (61,1,null,null,null,to_timestamp('27-OCT-22 09.58.49.000000000 PM','DD-MON-RR HH.MI.SSXFF AM'),to_timestamp('27-OCT-22 09.58.49.000000000 PM','DD-MON-RR HH.MI.SSXFF AM'));
Insert into FUNCIONALIDAD_ROL (FUNCIONALIDAD_ID,ROLE_ID,CREATED_USER,UPDATED_USER,DELETED_USER,CREATED_AT,UPDATED_AT) values (62,1,null,null,null,to_timestamp('27-OCT-22 09.58.49.000000000 PM','DD-MON-RR HH.MI.SSXFF AM'),to_timestamp('27-OCT-22 09.58.49.000000000 PM','DD-MON-RR HH.MI.SSXFF AM'));
Insert into FUNCIONALIDAD_ROL (FUNCIONALIDAD_ID,ROLE_ID,CREATED_USER,UPDATED_USER,DELETED_USER,CREATED_AT,UPDATED_AT) values (63,1,null,null,null,to_timestamp('27-OCT-22 09.58.49.000000000 PM','DD-MON-RR HH.MI.SSXFF AM'),to_timestamp('27-OCT-22 09.58.49.000000000 PM','DD-MON-RR HH.MI.SSXFF AM'));
Insert into FUNCIONALIDAD_ROL (FUNCIONALIDAD_ID,ROLE_ID,CREATED_USER,UPDATED_USER,DELETED_USER,CREATED_AT,UPDATED_AT) values (70,1,null,null,null,to_timestamp('27-OCT-22 09.58.49.000000000 PM','DD-MON-RR HH.MI.SSXFF AM'),to_timestamp('27-OCT-22 09.58.49.000000000 PM','DD-MON-RR HH.MI.SSXFF AM'));
Insert into FUNCIONALIDAD_ROL (FUNCIONALIDAD_ID,ROLE_ID,CREATED_USER,UPDATED_USER,DELETED_USER,CREATED_AT,UPDATED_AT) values (71,1,null,null,null,to_timestamp('27-OCT-22 09.58.49.000000000 PM','DD-MON-RR HH.MI.SSXFF AM'),to_timestamp('27-OCT-22 09.58.49.000000000 PM','DD-MON-RR HH.MI.SSXFF AM'));
Insert into FUNCIONALIDAD_ROL (FUNCIONALIDAD_ID,ROLE_ID,CREATED_USER,UPDATED_USER,DELETED_USER,CREATED_AT,UPDATED_AT) values (59,1,null,null,null,to_timestamp('27-OCT-22 09.58.49.000000000 PM','DD-MON-RR HH.MI.SSXFF AM'),to_timestamp('27-OCT-22 09.58.49.000000000 PM','DD-MON-RR HH.MI.SSXFF AM'));
Insert into FUNCIONALIDAD_ROL (FUNCIONALIDAD_ID,ROLE_ID,CREATED_USER,UPDATED_USER,DELETED_USER,CREATED_AT,UPDATED_AT) values (60,1,null,null,null,to_timestamp('27-OCT-22 09.58.49.000000000 PM','DD-MON-RR HH.MI.SSXFF AM'),to_timestamp('27-OCT-22 09.58.49.000000000 PM','DD-MON-RR HH.MI.SSXFF AM'));
Insert into FUNCIONALIDAD_ROL (FUNCIONALIDAD_ID,ROLE_ID,CREATED_USER,UPDATED_USER,DELETED_USER,CREATED_AT,UPDATED_AT) values (20,6,null,null,null,to_timestamp('27-OCT-22 10.07.35.000000000 PM','DD-MON-RR HH.MI.SSXFF AM'),to_timestamp('27-OCT-22 10.07.35.000000000 PM','DD-MON-RR HH.MI.SSXFF AM'));
Insert into FUNCIONALIDAD_ROL (FUNCIONALIDAD_ID,ROLE_ID,CREATED_USER,UPDATED_USER,DELETED_USER,CREATED_AT,UPDATED_AT) values (21,6,null,null,null,to_timestamp('27-OCT-22 10.07.35.000000000 PM','DD-MON-RR HH.MI.SSXFF AM'),to_timestamp('27-OCT-22 10.07.35.000000000 PM','DD-MON-RR HH.MI.SSXFF AM'));
Insert into FUNCIONALIDAD_ROL (FUNCIONALIDAD_ID,ROLE_ID,CREATED_USER,UPDATED_USER,DELETED_USER,CREATED_AT,UPDATED_AT) values (27,6,null,null,null,to_timestamp('27-OCT-22 10.07.35.000000000 PM','DD-MON-RR HH.MI.SSXFF AM'),to_timestamp('27-OCT-22 10.07.35.000000000 PM','DD-MON-RR HH.MI.SSXFF AM'));
Insert into FUNCIONALIDAD_ROL (FUNCIONALIDAD_ID,ROLE_ID,CREATED_USER,UPDATED_USER,DELETED_USER,CREATED_AT,UPDATED_AT) values (20,9,null,null,null,to_timestamp('20-OCT-22 05.15.01.000000000 PM','DD-MON-RR HH.MI.SSXFF AM'),to_timestamp('20-OCT-22 05.15.01.000000000 PM','DD-MON-RR HH.MI.SSXFF AM'));
Insert into FUNCIONALIDAD_ROL (FUNCIONALIDAD_ID,ROLE_ID,CREATED_USER,UPDATED_USER,DELETED_USER,CREATED_AT,UPDATED_AT) values (21,9,null,null,null,to_timestamp('20-OCT-22 05.15.01.000000000 PM','DD-MON-RR HH.MI.SSXFF AM'),to_timestamp('20-OCT-22 05.15.01.000000000 PM','DD-MON-RR HH.MI.SSXFF AM'));
Insert into FUNCIONALIDAD_ROL (FUNCIONALIDAD_ID,ROLE_ID,CREATED_USER,UPDATED_USER,DELETED_USER,CREATED_AT,UPDATED_AT) values (20,2,null,null,null,to_timestamp('20-OCT-22 04.45.07.000000000 PM','DD-MON-RR HH.MI.SSXFF AM'),to_timestamp('20-OCT-22 04.45.07.000000000 PM','DD-MON-RR HH.MI.SSXFF AM'));
Insert into FUNCIONALIDAD_ROL (FUNCIONALIDAD_ID,ROLE_ID,CREATED_USER,UPDATED_USER,DELETED_USER,CREATED_AT,UPDATED_AT) values (21,2,null,null,null,to_timestamp('20-OCT-22 04.45.07.000000000 PM','DD-MON-RR HH.MI.SSXFF AM'),to_timestamp('20-OCT-22 04.45.07.000000000 PM','DD-MON-RR HH.MI.SSXFF AM'));
Insert into FUNCIONALIDAD_ROL (FUNCIONALIDAD_ID,ROLE_ID,CREATED_USER,UPDATED_USER,DELETED_USER,CREATED_AT,UPDATED_AT) values (20,7,null,null,null,to_timestamp('27-OCT-22 05.26.31.000000000 PM','DD-MON-RR HH.MI.SSXFF AM'),to_timestamp('27-OCT-22 05.26.31.000000000 PM','DD-MON-RR HH.MI.SSXFF AM'));
Insert into FUNCIONALIDAD_ROL (FUNCIONALIDAD_ID,ROLE_ID,CREATED_USER,UPDATED_USER,DELETED_USER,CREATED_AT,UPDATED_AT) values (21,7,null,null,null,to_timestamp('27-OCT-22 05.26.31.000000000 PM','DD-MON-RR HH.MI.SSXFF AM'),to_timestamp('27-OCT-22 05.26.31.000000000 PM','DD-MON-RR HH.MI.SSXFF AM'));
Insert into FUNCIONALIDAD_ROL (FUNCIONALIDAD_ID,ROLE_ID,CREATED_USER,UPDATED_USER,DELETED_USER,CREATED_AT,UPDATED_AT) values (1,7,null,null,null,to_timestamp('27-OCT-22 05.26.31.000000000 PM','DD-MON-RR HH.MI.SSXFF AM'),to_timestamp('27-OCT-22 05.26.31.000000000 PM','DD-MON-RR HH.MI.SSXFF AM'));
Insert into FUNCIONALIDAD_ROL (FUNCIONALIDAD_ID,ROLE_ID,CREATED_USER,UPDATED_USER,DELETED_USER,CREATED_AT,UPDATED_AT) values (33,7,null,null,null,to_timestamp('27-OCT-22 05.26.31.000000000 PM','DD-MON-RR HH.MI.SSXFF AM'),to_timestamp('27-OCT-22 05.26.31.000000000 PM','DD-MON-RR HH.MI.SSXFF AM'));
Insert into FUNCIONALIDAD_ROL (FUNCIONALIDAD_ID,ROLE_ID,CREATED_USER,UPDATED_USER,DELETED_USER,CREATED_AT,UPDATED_AT) values (34,7,null,null,null,to_timestamp('27-OCT-22 05.26.31.000000000 PM','DD-MON-RR HH.MI.SSXFF AM'),to_timestamp('27-OCT-22 05.26.31.000000000 PM','DD-MON-RR HH.MI.SSXFF AM'));
Insert into FUNCIONALIDAD_ROL (FUNCIONALIDAD_ID,ROLE_ID,CREATED_USER,UPDATED_USER,DELETED_USER,CREATED_AT,UPDATED_AT) values (58,7,null,null,null,to_timestamp('27-OCT-22 05.26.31.000000000 PM','DD-MON-RR HH.MI.SSXFF AM'),to_timestamp('27-OCT-22 05.26.31.000000000 PM','DD-MON-RR HH.MI.SSXFF AM'));
Insert into FUNCIONALIDAD_ROL (FUNCIONALIDAD_ID,ROLE_ID,CREATED_USER,UPDATED_USER,DELETED_USER,CREATED_AT,UPDATED_AT) values (1,5,null,null,null,to_timestamp('27-OCT-22 05.27.41.000000000 PM','DD-MON-RR HH.MI.SSXFF AM'),to_timestamp('27-OCT-22 05.27.41.000000000 PM','DD-MON-RR HH.MI.SSXFF AM'));
Insert into FUNCIONALIDAD_ROL (FUNCIONALIDAD_ID,ROLE_ID,CREATED_USER,UPDATED_USER,DELETED_USER,CREATED_AT,UPDATED_AT) values (2,5,null,null,null,to_timestamp('27-OCT-22 05.27.41.000000000 PM','DD-MON-RR HH.MI.SSXFF AM'),to_timestamp('27-OCT-22 05.27.41.000000000 PM','DD-MON-RR HH.MI.SSXFF AM'));
Insert into FUNCIONALIDAD_ROL (FUNCIONALIDAD_ID,ROLE_ID,CREATED_USER,UPDATED_USER,DELETED_USER,CREATED_AT,UPDATED_AT) values (5,5,null,null,null,to_timestamp('27-OCT-22 05.27.41.000000000 PM','DD-MON-RR HH.MI.SSXFF AM'),to_timestamp('27-OCT-22 05.27.41.000000000 PM','DD-MON-RR HH.MI.SSXFF AM'));
Insert into FUNCIONALIDAD_ROL (FUNCIONALIDAD_ID,ROLE_ID,CREATED_USER,UPDATED_USER,DELETED_USER,CREATED_AT,UPDATED_AT) values (8,5,null,null,null,to_timestamp('27-OCT-22 05.27.41.000000000 PM','DD-MON-RR HH.MI.SSXFF AM'),to_timestamp('27-OCT-22 05.27.41.000000000 PM','DD-MON-RR HH.MI.SSXFF AM'));
Insert into FUNCIONALIDAD_ROL (FUNCIONALIDAD_ID,ROLE_ID,CREATED_USER,UPDATED_USER,DELETED_USER,CREATED_AT,UPDATED_AT) values (12,5,null,null,null,to_timestamp('27-OCT-22 05.27.41.000000000 PM','DD-MON-RR HH.MI.SSXFF AM'),to_timestamp('27-OCT-22 05.27.41.000000000 PM','DD-MON-RR HH.MI.SSXFF AM'));
Insert into FUNCIONALIDAD_ROL (FUNCIONALIDAD_ID,ROLE_ID,CREATED_USER,UPDATED_USER,DELETED_USER,CREATED_AT,UPDATED_AT) values (15,5,null,null,null,to_timestamp('27-OCT-22 05.27.41.000000000 PM','DD-MON-RR HH.MI.SSXFF AM'),to_timestamp('27-OCT-22 05.27.41.000000000 PM','DD-MON-RR HH.MI.SSXFF AM'));
Insert into FUNCIONALIDAD_ROL (FUNCIONALIDAD_ID,ROLE_ID,CREATED_USER,UPDATED_USER,DELETED_USER,CREATED_AT,UPDATED_AT) values (19,5,null,null,null,to_timestamp('27-OCT-22 05.27.41.000000000 PM','DD-MON-RR HH.MI.SSXFF AM'),to_timestamp('27-OCT-22 05.27.41.000000000 PM','DD-MON-RR HH.MI.SSXFF AM'));
Insert into FUNCIONALIDAD_ROL (FUNCIONALIDAD_ID,ROLE_ID,CREATED_USER,UPDATED_USER,DELETED_USER,CREATED_AT,UPDATED_AT) values (24,5,null,null,null,to_timestamp('27-OCT-22 05.27.41.000000000 PM','DD-MON-RR HH.MI.SSXFF AM'),to_timestamp('27-OCT-22 05.27.41.000000000 PM','DD-MON-RR HH.MI.SSXFF AM'));
Insert into FUNCIONALIDAD_ROL (FUNCIONALIDAD_ID,ROLE_ID,CREATED_USER,UPDATED_USER,DELETED_USER,CREATED_AT,UPDATED_AT) values (57,5,null,null,null,to_timestamp('27-OCT-22 05.27.41.000000000 PM','DD-MON-RR HH.MI.SSXFF AM'),to_timestamp('27-OCT-22 05.27.41.000000000 PM','DD-MON-RR HH.MI.SSXFF AM'));
Insert into FUNCIONALIDAD_ROL (FUNCIONALIDAD_ID,ROLE_ID,CREATED_USER,UPDATED_USER,DELETED_USER,CREATED_AT,UPDATED_AT) values (64,5,null,null,null,to_timestamp('27-OCT-22 05.27.41.000000000 PM','DD-MON-RR HH.MI.SSXFF AM'),to_timestamp('27-OCT-22 05.27.41.000000000 PM','DD-MON-RR HH.MI.SSXFF AM'));
Insert into FUNCIONALIDAD_ROL (FUNCIONALIDAD_ID,ROLE_ID,CREATED_USER,UPDATED_USER,DELETED_USER,CREATED_AT,UPDATED_AT) values (70,5,null,null,null,to_timestamp('27-OCT-22 05.27.41.000000000 PM','DD-MON-RR HH.MI.SSXFF AM'),to_timestamp('27-OCT-22 05.27.41.000000000 PM','DD-MON-RR HH.MI.SSXFF AM'));
Insert into FUNCIONALIDAD_ROL (FUNCIONALIDAD_ID,ROLE_ID,CREATED_USER,UPDATED_USER,DELETED_USER,CREATED_AT,UPDATED_AT) values (74,5,null,null,null,to_timestamp('27-OCT-22 05.27.41.000000000 PM','DD-MON-RR HH.MI.SSXFF AM'),to_timestamp('27-OCT-22 05.27.41.000000000 PM','DD-MON-RR HH.MI.SSXFF AM'));
Insert into FUNCIONALIDAD_ROL (FUNCIONALIDAD_ID,ROLE_ID,CREATED_USER,UPDATED_USER,DELETED_USER,CREATED_AT,UPDATED_AT) values (75,5,null,null,null,to_timestamp('27-OCT-22 05.27.41.000000000 PM','DD-MON-RR HH.MI.SSXFF AM'),to_timestamp('27-OCT-22 05.27.41.000000000 PM','DD-MON-RR HH.MI.SSXFF AM'));
Insert into FUNCIONALIDAD_ROL (FUNCIONALIDAD_ID,ROLE_ID,CREATED_USER,UPDATED_USER,DELETED_USER,CREATED_AT,UPDATED_AT) values (20,5,null,null,null,to_timestamp('27-OCT-22 05.27.41.000000000 PM','DD-MON-RR HH.MI.SSXFF AM'),to_timestamp('27-OCT-22 05.27.41.000000000 PM','DD-MON-RR HH.MI.SSXFF AM'));
Insert into FUNCIONALIDAD_ROL (FUNCIONALIDAD_ID,ROLE_ID,CREATED_USER,UPDATED_USER,DELETED_USER,CREATED_AT,UPDATED_AT) values (21,5,null,null,null,to_timestamp('27-OCT-22 05.27.41.000000000 PM','DD-MON-RR HH.MI.SSXFF AM'),to_timestamp('27-OCT-22 05.27.41.000000000 PM','DD-MON-RR HH.MI.SSXFF AM'));
Insert into FUNCIONALIDAD_ROL (FUNCIONALIDAD_ID,ROLE_ID,CREATED_USER,UPDATED_USER,DELETED_USER,CREATED_AT,UPDATED_AT) values (2,4,null,null,null,to_timestamp('27-OCT-22 05.29.47.000000000 PM','DD-MON-RR HH.MI.SSXFF AM'),to_timestamp('27-OCT-22 05.29.47.000000000 PM','DD-MON-RR HH.MI.SSXFF AM'));
Insert into FUNCIONALIDAD_ROL (FUNCIONALIDAD_ID,ROLE_ID,CREATED_USER,UPDATED_USER,DELETED_USER,CREATED_AT,UPDATED_AT) values (3,4,null,null,null,to_timestamp('27-OCT-22 05.29.47.000000000 PM','DD-MON-RR HH.MI.SSXFF AM'),to_timestamp('27-OCT-22 05.29.47.000000000 PM','DD-MON-RR HH.MI.SSXFF AM'));
Insert into FUNCIONALIDAD_ROL (FUNCIONALIDAD_ID,ROLE_ID,CREATED_USER,UPDATED_USER,DELETED_USER,CREATED_AT,UPDATED_AT) values (4,4,null,null,null,to_timestamp('27-OCT-22 05.29.47.000000000 PM','DD-MON-RR HH.MI.SSXFF AM'),to_timestamp('27-OCT-22 05.29.47.000000000 PM','DD-MON-RR HH.MI.SSXFF AM'));
Insert into FUNCIONALIDAD_ROL (FUNCIONALIDAD_ID,ROLE_ID,CREATED_USER,UPDATED_USER,DELETED_USER,CREATED_AT,UPDATED_AT) values (5,4,null,null,null,to_timestamp('27-OCT-22 05.29.47.000000000 PM','DD-MON-RR HH.MI.SSXFF AM'),to_timestamp('27-OCT-22 05.29.47.000000000 PM','DD-MON-RR HH.MI.SSXFF AM'));
Insert into FUNCIONALIDAD_ROL (FUNCIONALIDAD_ID,ROLE_ID,CREATED_USER,UPDATED_USER,DELETED_USER,CREATED_AT,UPDATED_AT) values (6,4,null,null,null,to_timestamp('27-OCT-22 05.29.47.000000000 PM','DD-MON-RR HH.MI.SSXFF AM'),to_timestamp('27-OCT-22 05.29.47.000000000 PM','DD-MON-RR HH.MI.SSXFF AM'));
Insert into FUNCIONALIDAD_ROL (FUNCIONALIDAD_ID,ROLE_ID,CREATED_USER,UPDATED_USER,DELETED_USER,CREATED_AT,UPDATED_AT) values (7,4,null,null,null,to_timestamp('27-OCT-22 05.29.47.000000000 PM','DD-MON-RR HH.MI.SSXFF AM'),to_timestamp('27-OCT-22 05.29.47.000000000 PM','DD-MON-RR HH.MI.SSXFF AM'));
Insert into FUNCIONALIDAD_ROL (FUNCIONALIDAD_ID,ROLE_ID,CREATED_USER,UPDATED_USER,DELETED_USER,CREATED_AT,UPDATED_AT) values (8,4,null,null,null,to_timestamp('27-OCT-22 05.29.47.000000000 PM','DD-MON-RR HH.MI.SSXFF AM'),to_timestamp('27-OCT-22 05.29.47.000000000 PM','DD-MON-RR HH.MI.SSXFF AM'));
Insert into FUNCIONALIDAD_ROL (FUNCIONALIDAD_ID,ROLE_ID,CREATED_USER,UPDATED_USER,DELETED_USER,CREATED_AT,UPDATED_AT) values (9,4,null,null,null,to_timestamp('27-OCT-22 05.29.47.000000000 PM','DD-MON-RR HH.MI.SSXFF AM'),to_timestamp('27-OCT-22 05.29.47.000000000 PM','DD-MON-RR HH.MI.SSXFF AM'));
Insert into FUNCIONALIDAD_ROL (FUNCIONALIDAD_ID,ROLE_ID,CREATED_USER,UPDATED_USER,DELETED_USER,CREATED_AT,UPDATED_AT) values (12,4,null,null,null,to_timestamp('27-OCT-22 05.29.47.000000000 PM','DD-MON-RR HH.MI.SSXFF AM'),to_timestamp('27-OCT-22 05.29.47.000000000 PM','DD-MON-RR HH.MI.SSXFF AM'));
Insert into FUNCIONALIDAD_ROL (FUNCIONALIDAD_ID,ROLE_ID,CREATED_USER,UPDATED_USER,DELETED_USER,CREATED_AT,UPDATED_AT) values (13,4,null,null,null,to_timestamp('27-OCT-22 05.29.47.000000000 PM','DD-MON-RR HH.MI.SSXFF AM'),to_timestamp('27-OCT-22 05.29.47.000000000 PM','DD-MON-RR HH.MI.SSXFF AM'));
Insert into FUNCIONALIDAD_ROL (FUNCIONALIDAD_ID,ROLE_ID,CREATED_USER,UPDATED_USER,DELETED_USER,CREATED_AT,UPDATED_AT) values (14,4,null,null,null,to_timestamp('27-OCT-22 05.29.47.000000000 PM','DD-MON-RR HH.MI.SSXFF AM'),to_timestamp('27-OCT-22 05.29.47.000000000 PM','DD-MON-RR HH.MI.SSXFF AM'));
Insert into FUNCIONALIDAD_ROL (FUNCIONALIDAD_ID,ROLE_ID,CREATED_USER,UPDATED_USER,DELETED_USER,CREATED_AT,UPDATED_AT) values (15,4,null,null,null,to_timestamp('27-OCT-22 05.29.47.000000000 PM','DD-MON-RR HH.MI.SSXFF AM'),to_timestamp('27-OCT-22 05.29.47.000000000 PM','DD-MON-RR HH.MI.SSXFF AM'));
Insert into FUNCIONALIDAD_ROL (FUNCIONALIDAD_ID,ROLE_ID,CREATED_USER,UPDATED_USER,DELETED_USER,CREATED_AT,UPDATED_AT) values (16,4,null,null,null,to_timestamp('27-OCT-22 05.29.47.000000000 PM','DD-MON-RR HH.MI.SSXFF AM'),to_timestamp('27-OCT-22 05.29.47.000000000 PM','DD-MON-RR HH.MI.SSXFF AM'));
Insert into FUNCIONALIDAD_ROL (FUNCIONALIDAD_ID,ROLE_ID,CREATED_USER,UPDATED_USER,DELETED_USER,CREATED_AT,UPDATED_AT) values (17,4,null,null,null,to_timestamp('27-OCT-22 05.29.47.000000000 PM','DD-MON-RR HH.MI.SSXFF AM'),to_timestamp('27-OCT-22 05.29.47.000000000 PM','DD-MON-RR HH.MI.SSXFF AM'));
Insert into FUNCIONALIDAD_ROL (FUNCIONALIDAD_ID,ROLE_ID,CREATED_USER,UPDATED_USER,DELETED_USER,CREATED_AT,UPDATED_AT) values (18,4,null,null,null,to_timestamp('27-OCT-22 05.29.47.000000000 PM','DD-MON-RR HH.MI.SSXFF AM'),to_timestamp('27-OCT-22 05.29.47.000000000 PM','DD-MON-RR HH.MI.SSXFF AM'));
Insert into FUNCIONALIDAD_ROL (FUNCIONALIDAD_ID,ROLE_ID,CREATED_USER,UPDATED_USER,DELETED_USER,CREATED_AT,UPDATED_AT) values (33,4,null,null,null,to_timestamp('27-OCT-22 05.29.47.000000000 PM','DD-MON-RR HH.MI.SSXFF AM'),to_timestamp('27-OCT-22 05.29.47.000000000 PM','DD-MON-RR HH.MI.SSXFF AM'));
Insert into FUNCIONALIDAD_ROL (FUNCIONALIDAD_ID,ROLE_ID,CREATED_USER,UPDATED_USER,DELETED_USER,CREATED_AT,UPDATED_AT) values (34,4,null,null,null,to_timestamp('27-OCT-22 05.29.47.000000000 PM','DD-MON-RR HH.MI.SSXFF AM'),to_timestamp('27-OCT-22 05.29.47.000000000 PM','DD-MON-RR HH.MI.SSXFF AM'));
Insert into FUNCIONALIDAD_ROL (FUNCIONALIDAD_ID,ROLE_ID,CREATED_USER,UPDATED_USER,DELETED_USER,CREATED_AT,UPDATED_AT) values (35,4,null,null,null,to_timestamp('27-OCT-22 05.29.47.000000000 PM','DD-MON-RR HH.MI.SSXFF AM'),to_timestamp('27-OCT-22 05.29.47.000000000 PM','DD-MON-RR HH.MI.SSXFF AM'));
Insert into FUNCIONALIDAD_ROL (FUNCIONALIDAD_ID,ROLE_ID,CREATED_USER,UPDATED_USER,DELETED_USER,CREATED_AT,UPDATED_AT) values (37,4,null,null,null,to_timestamp('27-OCT-22 05.29.47.000000000 PM','DD-MON-RR HH.MI.SSXFF AM'),to_timestamp('27-OCT-22 05.29.47.000000000 PM','DD-MON-RR HH.MI.SSXFF AM'));
Insert into FUNCIONALIDAD_ROL (FUNCIONALIDAD_ID,ROLE_ID,CREATED_USER,UPDATED_USER,DELETED_USER,CREATED_AT,UPDATED_AT) values (38,4,null,null,null,to_timestamp('27-OCT-22 05.29.47.000000000 PM','DD-MON-RR HH.MI.SSXFF AM'),to_timestamp('27-OCT-22 05.29.47.000000000 PM','DD-MON-RR HH.MI.SSXFF AM'));
Insert into FUNCIONALIDAD_ROL (FUNCIONALIDAD_ID,ROLE_ID,CREATED_USER,UPDATED_USER,DELETED_USER,CREATED_AT,UPDATED_AT) values (39,4,null,null,null,to_timestamp('27-OCT-22 05.29.47.000000000 PM','DD-MON-RR HH.MI.SSXFF AM'),to_timestamp('27-OCT-22 05.29.47.000000000 PM','DD-MON-RR HH.MI.SSXFF AM'));
Insert into FUNCIONALIDAD_ROL (FUNCIONALIDAD_ID,ROLE_ID,CREATED_USER,UPDATED_USER,DELETED_USER,CREATED_AT,UPDATED_AT) values (57,4,null,null,null,to_timestamp('27-OCT-22 05.29.47.000000000 PM','DD-MON-RR HH.MI.SSXFF AM'),to_timestamp('27-OCT-22 05.29.47.000000000 PM','DD-MON-RR HH.MI.SSXFF AM'));
Insert into FUNCIONALIDAD_ROL (FUNCIONALIDAD_ID,ROLE_ID,CREATED_USER,UPDATED_USER,DELETED_USER,CREATED_AT,UPDATED_AT) values (58,4,null,null,null,to_timestamp('27-OCT-22 05.29.47.000000000 PM','DD-MON-RR HH.MI.SSXFF AM'),to_timestamp('27-OCT-22 05.29.47.000000000 PM','DD-MON-RR HH.MI.SSXFF AM'));
COMMIT;

Insert into MAS_ORDEN_FUNCIONARIO (ID,ID_FUNCIONARIO,ORDEN,GRUPO,ESTADO,CREATED_USER,UPDATED_USER,DELETED_USER,CREATED_AT,UPDATED_AT,DELETED_AT,ID_EVALUACION,FUNCIONARIO_SIGUIENTE,ID_EXPEDIENTE,ID_SUB_EXPEDIENTE,ID_TERCER_EXPEDIENTE,UNICO_ROL) values (20,2,1,20,'1','ForsecurityDiscDnue','ForsecurityDiscDnue',null,to_timestamp('20-OCT-22 05.12.02.000000000 PM','DD-MON-RR HH.MI.SSXFF AM'),to_timestamp('20-OCT-22 05.12.02.000000000 PM','DD-MON-RR HH.MI.SSXFF AM'),null,2,21,3,1,null,'0');
Insert into MAS_ORDEN_FUNCIONARIO (ID,ID_FUNCIONARIO,ORDEN,GRUPO,ESTADO,CREATED_USER,UPDATED_USER,DELETED_USER,CREATED_AT,UPDATED_AT,DELETED_AT,ID_EVALUACION,FUNCIONARIO_SIGUIENTE,ID_EXPEDIENTE,ID_SUB_EXPEDIENTE,ID_TERCER_EXPEDIENTE,UNICO_ROL) values (21,5,2,20,'1','ForsecurityDiscDnue','ForsecurityDiscDnue',null,to_timestamp('20-OCT-22 05.12.02.000000000 PM','DD-MON-RR HH.MI.SSXFF AM'),to_timestamp('20-OCT-22 05.12.02.000000000 PM','DD-MON-RR HH.MI.SSXFF AM'),null,2,22,3,1,null,'0');
Insert into MAS_ORDEN_FUNCIONARIO (ID,ID_FUNCIONARIO,ORDEN,GRUPO,ESTADO,CREATED_USER,UPDATED_USER,DELETED_USER,CREATED_AT,UPDATED_AT,DELETED_AT,ID_EVALUACION,FUNCIONARIO_SIGUIENTE,ID_EXPEDIENTE,ID_SUB_EXPEDIENTE,ID_TERCER_EXPEDIENTE,UNICO_ROL) values (22,6,3,20,'1','ForsecurityDiscDnue','ForsecurityDiscDnue',null,to_timestamp('20-OCT-22 05.12.02.000000000 PM','DD-MON-RR HH.MI.SSXFF AM'),to_timestamp('20-OCT-22 05.12.02.000000000 PM','DD-MON-RR HH.MI.SSXFF AM'),null,2,0,3,1,null,'0');
Insert into MAS_ORDEN_FUNCIONARIO (ID,ID_FUNCIONARIO,ORDEN,GRUPO,ESTADO,CREATED_USER,UPDATED_USER,DELETED_USER,CREATED_AT,UPDATED_AT,DELETED_AT,ID_EVALUACION,FUNCIONARIO_SIGUIENTE,ID_EXPEDIENTE,ID_SUB_EXPEDIENTE,ID_TERCER_EXPEDIENTE,UNICO_ROL) values (23,2,1,23,'1','ForsecurityDiscDnue','ForsecurityDiscDnue',null,to_timestamp('20-OCT-22 05.12.25.000000000 PM','DD-MON-RR HH.MI.SSXFF AM'),to_timestamp('20-OCT-22 05.12.25.000000000 PM','DD-MON-RR HH.MI.SSXFF AM'),null,3,24,3,1,null,'0');
Insert into MAS_ORDEN_FUNCIONARIO (ID,ID_FUNCIONARIO,ORDEN,GRUPO,ESTADO,CREATED_USER,UPDATED_USER,DELETED_USER,CREATED_AT,UPDATED_AT,DELETED_AT,ID_EVALUACION,FUNCIONARIO_SIGUIENTE,ID_EXPEDIENTE,ID_SUB_EXPEDIENTE,ID_TERCER_EXPEDIENTE,UNICO_ROL) values (24,5,2,23,'1','ForsecurityDiscDnue','ForsecurityDiscDnue',null,to_timestamp('20-OCT-22 05.12.25.000000000 PM','DD-MON-RR HH.MI.SSXFF AM'),to_timestamp('20-OCT-22 05.12.25.000000000 PM','DD-MON-RR HH.MI.SSXFF AM'),null,3,25,3,1,null,'0');
Insert into MAS_ORDEN_FUNCIONARIO (ID,ID_FUNCIONARIO,ORDEN,GRUPO,ESTADO,CREATED_USER,UPDATED_USER,DELETED_USER,CREATED_AT,UPDATED_AT,DELETED_AT,ID_EVALUACION,FUNCIONARIO_SIGUIENTE,ID_EXPEDIENTE,ID_SUB_EXPEDIENTE,ID_TERCER_EXPEDIENTE,UNICO_ROL) values (25,6,3,23,'1','ForsecurityDiscDnue','ForsecurityDiscDnue',null,to_timestamp('20-OCT-22 05.12.25.000000000 PM','DD-MON-RR HH.MI.SSXFF AM'),to_timestamp('20-OCT-22 05.12.25.000000000 PM','DD-MON-RR HH.MI.SSXFF AM'),null,3,0,3,1,null,'0');
Insert into MAS_ORDEN_FUNCIONARIO (ID,ID_FUNCIONARIO,ORDEN,GRUPO,ESTADO,CREATED_USER,UPDATED_USER,DELETED_USER,CREATED_AT,UPDATED_AT,DELETED_AT,ID_EVALUACION,FUNCIONARIO_SIGUIENTE,ID_EXPEDIENTE,ID_SUB_EXPEDIENTE,ID_TERCER_EXPEDIENTE,UNICO_ROL) values (26,2,1,26,'1','ForsecurityDiscDnue','ForsecurityDiscDnue',null,to_timestamp('20-OCT-22 05.12.55.000000000 PM','DD-MON-RR HH.MI.SSXFF AM'),to_timestamp('20-OCT-22 05.12.55.000000000 PM','DD-MON-RR HH.MI.SSXFF AM'),null,4,27,3,1,null,'0');
Insert into MAS_ORDEN_FUNCIONARIO (ID,ID_FUNCIONARIO,ORDEN,GRUPO,ESTADO,CREATED_USER,UPDATED_USER,DELETED_USER,CREATED_AT,UPDATED_AT,DELETED_AT,ID_EVALUACION,FUNCIONARIO_SIGUIENTE,ID_EXPEDIENTE,ID_SUB_EXPEDIENTE,ID_TERCER_EXPEDIENTE,UNICO_ROL) values (27,5,2,26,'1','ForsecurityDiscDnue','ForsecurityDiscDnue',null,to_timestamp('20-OCT-22 05.12.55.000000000 PM','DD-MON-RR HH.MI.SSXFF AM'),to_timestamp('20-OCT-22 05.12.55.000000000 PM','DD-MON-RR HH.MI.SSXFF AM'),null,4,28,3,1,null,'0');
Insert into MAS_ORDEN_FUNCIONARIO (ID,ID_FUNCIONARIO,ORDEN,GRUPO,ESTADO,CREATED_USER,UPDATED_USER,DELETED_USER,CREATED_AT,UPDATED_AT,DELETED_AT,ID_EVALUACION,FUNCIONARIO_SIGUIENTE,ID_EXPEDIENTE,ID_SUB_EXPEDIENTE,ID_TERCER_EXPEDIENTE,UNICO_ROL) values (28,6,3,26,'1','ForsecurityDiscDnue','ForsecurityDiscDnue',null,to_timestamp('20-OCT-22 05.12.55.000000000 PM','DD-MON-RR HH.MI.SSXFF AM'),to_timestamp('20-OCT-22 05.12.55.000000000 PM','DD-MON-RR HH.MI.SSXFF AM'),null,4,0,3,1,null,'0');
Insert into MAS_ORDEN_FUNCIONARIO (ID,ID_FUNCIONARIO,ORDEN,GRUPO,ESTADO,CREATED_USER,UPDATED_USER,DELETED_USER,CREATED_AT,UPDATED_AT,DELETED_AT,ID_EVALUACION,FUNCIONARIO_SIGUIENTE,ID_EXPEDIENTE,ID_SUB_EXPEDIENTE,ID_TERCER_EXPEDIENTE,UNICO_ROL) values (29,2,1,29,'1','ForsecurityDiscDnue','ForsecurityDiscDnue',null,to_timestamp('20-OCT-22 05.13.17.000000000 PM','DD-MON-RR HH.MI.SSXFF AM'),to_timestamp('20-OCT-22 05.13.17.000000000 PM','DD-MON-RR HH.MI.SSXFF AM'),null,5,30,3,1,null,'0');
Insert into MAS_ORDEN_FUNCIONARIO (ID,ID_FUNCIONARIO,ORDEN,GRUPO,ESTADO,CREATED_USER,UPDATED_USER,DELETED_USER,CREATED_AT,UPDATED_AT,DELETED_AT,ID_EVALUACION,FUNCIONARIO_SIGUIENTE,ID_EXPEDIENTE,ID_SUB_EXPEDIENTE,ID_TERCER_EXPEDIENTE,UNICO_ROL) values (30,5,2,29,'1','ForsecurityDiscDnue','ForsecurityDiscDnue',null,to_timestamp('20-OCT-22 05.13.17.000000000 PM','DD-MON-RR HH.MI.SSXFF AM'),to_timestamp('20-OCT-22 05.13.17.000000000 PM','DD-MON-RR HH.MI.SSXFF AM'),null,5,31,3,1,null,'0');
Insert into MAS_ORDEN_FUNCIONARIO (ID,ID_FUNCIONARIO,ORDEN,GRUPO,ESTADO,CREATED_USER,UPDATED_USER,DELETED_USER,CREATED_AT,UPDATED_AT,DELETED_AT,ID_EVALUACION,FUNCIONARIO_SIGUIENTE,ID_EXPEDIENTE,ID_SUB_EXPEDIENTE,ID_TERCER_EXPEDIENTE,UNICO_ROL) values (31,6,3,29,'1','ForsecurityDiscDnue','ForsecurityDiscDnue',null,to_timestamp('20-OCT-22 05.13.17.000000000 PM','DD-MON-RR HH.MI.SSXFF AM'),to_timestamp('20-OCT-22 05.13.17.000000000 PM','DD-MON-RR HH.MI.SSXFF AM'),null,5,0,3,1,null,'0');
Insert into MAS_ORDEN_FUNCIONARIO (ID,ID_FUNCIONARIO,ORDEN,GRUPO,ESTADO,CREATED_USER,UPDATED_USER,DELETED_USER,CREATED_AT,UPDATED_AT,DELETED_AT,ID_EVALUACION,FUNCIONARIO_SIGUIENTE,ID_EXPEDIENTE,ID_SUB_EXPEDIENTE,ID_TERCER_EXPEDIENTE,UNICO_ROL) values (32,2,1,32,'1','ForsecurityDiscDnue','ForsecurityDiscDnue',null,to_timestamp('20-OCT-22 05.14.08.000000000 PM','DD-MON-RR HH.MI.SSXFF AM'),to_timestamp('20-OCT-22 05.14.08.000000000 PM','DD-MON-RR HH.MI.SSXFF AM'),null,6,33,2,null,null,'0');
Insert into MAS_ORDEN_FUNCIONARIO (ID,ID_FUNCIONARIO,ORDEN,GRUPO,ESTADO,CREATED_USER,UPDATED_USER,DELETED_USER,CREATED_AT,UPDATED_AT,DELETED_AT,ID_EVALUACION,FUNCIONARIO_SIGUIENTE,ID_EXPEDIENTE,ID_SUB_EXPEDIENTE,ID_TERCER_EXPEDIENTE,UNICO_ROL) values (33,5,2,32,'1','ForsecurityDiscDnue','ForsecurityDiscDnue',null,to_timestamp('20-OCT-22 05.14.08.000000000 PM','DD-MON-RR HH.MI.SSXFF AM'),to_timestamp('20-OCT-22 05.14.08.000000000 PM','DD-MON-RR HH.MI.SSXFF AM'),null,6,0,2,null,null,'0');
Insert into MAS_ORDEN_FUNCIONARIO (ID,ID_FUNCIONARIO,ORDEN,GRUPO,ESTADO,CREATED_USER,UPDATED_USER,DELETED_USER,CREATED_AT,UPDATED_AT,DELETED_AT,ID_EVALUACION,FUNCIONARIO_SIGUIENTE,ID_EXPEDIENTE,ID_SUB_EXPEDIENTE,ID_TERCER_EXPEDIENTE,UNICO_ROL) values (34,2,1,34,'1','ForsecurityDiscDnue','ForsecurityDiscDnue',null,to_timestamp('20-OCT-22 05.15.31.000000000 PM','DD-MON-RR HH.MI.SSXFF AM'),to_timestamp('20-OCT-22 05.15.31.000000000 PM','DD-MON-RR HH.MI.SSXFF AM'),null,6,35,2,null,null,'0');
Insert into MAS_ORDEN_FUNCIONARIO (ID,ID_FUNCIONARIO,ORDEN,GRUPO,ESTADO,CREATED_USER,UPDATED_USER,DELETED_USER,CREATED_AT,UPDATED_AT,DELETED_AT,ID_EVALUACION,FUNCIONARIO_SIGUIENTE,ID_EXPEDIENTE,ID_SUB_EXPEDIENTE,ID_TERCER_EXPEDIENTE,UNICO_ROL) values (35,5,2,34,'1','ForsecurityDiscDnue','ForsecurityDiscDnue',null,to_timestamp('20-OCT-22 05.15.31.000000000 PM','DD-MON-RR HH.MI.SSXFF AM'),to_timestamp('20-OCT-22 05.15.31.000000000 PM','DD-MON-RR HH.MI.SSXFF AM'),null,6,36,2,null,null,'0');
Insert into MAS_ORDEN_FUNCIONARIO (ID,ID_FUNCIONARIO,ORDEN,GRUPO,ESTADO,CREATED_USER,UPDATED_USER,DELETED_USER,CREATED_AT,UPDATED_AT,DELETED_AT,ID_EVALUACION,FUNCIONARIO_SIGUIENTE,ID_EXPEDIENTE,ID_SUB_EXPEDIENTE,ID_TERCER_EXPEDIENTE,UNICO_ROL) values (36,9,3,34,'1','ForsecurityDiscDnue','ForsecurityDiscDnue',null,to_timestamp('20-OCT-22 05.15.31.000000000 PM','DD-MON-RR HH.MI.SSXFF AM'),to_timestamp('20-OCT-22 05.15.31.000000000 PM','DD-MON-RR HH.MI.SSXFF AM'),null,6,0,2,null,null,'0');
Insert into MAS_ORDEN_FUNCIONARIO (ID,ID_FUNCIONARIO,ORDEN,GRUPO,ESTADO,CREATED_USER,UPDATED_USER,DELETED_USER,CREATED_AT,UPDATED_AT,DELETED_AT,ID_EVALUACION,FUNCIONARIO_SIGUIENTE,ID_EXPEDIENTE,ID_SUB_EXPEDIENTE,ID_TERCER_EXPEDIENTE,UNICO_ROL) values (1,2,1,1,'1','ForsecurityDiscDnue','ForsecurityDiscDnue',null,to_timestamp('20-OCT-22 05.08.23.000000000 PM','DD-MON-RR HH.MI.SSXFF AM'),to_timestamp('20-OCT-22 05.08.23.000000000 PM','DD-MON-RR HH.MI.SSXFF AM'),null,6,2,1,1,null,'0');
Insert into MAS_ORDEN_FUNCIONARIO (ID,ID_FUNCIONARIO,ORDEN,GRUPO,ESTADO,CREATED_USER,UPDATED_USER,DELETED_USER,CREATED_AT,UPDATED_AT,DELETED_AT,ID_EVALUACION,FUNCIONARIO_SIGUIENTE,ID_EXPEDIENTE,ID_SUB_EXPEDIENTE,ID_TERCER_EXPEDIENTE,UNICO_ROL) values (2,5,2,1,'1','ForsecurityDiscDnue','ForsecurityDiscDnue',null,to_timestamp('20-OCT-22 05.08.23.000000000 PM','DD-MON-RR HH.MI.SSXFF AM'),to_timestamp('20-OCT-22 05.08.23.000000000 PM','DD-MON-RR HH.MI.SSXFF AM'),null,6,3,1,1,null,'0');
Insert into MAS_ORDEN_FUNCIONARIO (ID,ID_FUNCIONARIO,ORDEN,GRUPO,ESTADO,CREATED_USER,UPDATED_USER,DELETED_USER,CREATED_AT,UPDATED_AT,DELETED_AT,ID_EVALUACION,FUNCIONARIO_SIGUIENTE,ID_EXPEDIENTE,ID_SUB_EXPEDIENTE,ID_TERCER_EXPEDIENTE,UNICO_ROL) values (3,6,3,1,'1','ForsecurityDiscDnue','ForsecurityDiscDnue',null,to_timestamp('20-OCT-22 05.08.23.000000000 PM','DD-MON-RR HH.MI.SSXFF AM'),to_timestamp('20-OCT-22 05.08.23.000000000 PM','DD-MON-RR HH.MI.SSXFF AM'),null,6,0,1,1,null,'0');
Insert into MAS_ORDEN_FUNCIONARIO (ID,ID_FUNCIONARIO,ORDEN,GRUPO,ESTADO,CREATED_USER,UPDATED_USER,DELETED_USER,CREATED_AT,UPDATED_AT,DELETED_AT,ID_EVALUACION,FUNCIONARIO_SIGUIENTE,ID_EXPEDIENTE,ID_SUB_EXPEDIENTE,ID_TERCER_EXPEDIENTE,UNICO_ROL) values (4,2,1,4,'1','ForsecurityDiscDnue','ForsecurityDiscDnue',null,to_timestamp('20-OCT-22 05.08.50.000000000 PM','DD-MON-RR HH.MI.SSXFF AM'),to_timestamp('20-OCT-22 05.08.50.000000000 PM','DD-MON-RR HH.MI.SSXFF AM'),null,6,5,1,2,null,'0');
Insert into MAS_ORDEN_FUNCIONARIO (ID,ID_FUNCIONARIO,ORDEN,GRUPO,ESTADO,CREATED_USER,UPDATED_USER,DELETED_USER,CREATED_AT,UPDATED_AT,DELETED_AT,ID_EVALUACION,FUNCIONARIO_SIGUIENTE,ID_EXPEDIENTE,ID_SUB_EXPEDIENTE,ID_TERCER_EXPEDIENTE,UNICO_ROL) values (5,5,2,4,'1','ForsecurityDiscDnue','ForsecurityDiscDnue',null,to_timestamp('20-OCT-22 05.08.50.000000000 PM','DD-MON-RR HH.MI.SSXFF AM'),to_timestamp('20-OCT-22 05.08.50.000000000 PM','DD-MON-RR HH.MI.SSXFF AM'),null,6,6,1,2,null,'0');
Insert into MAS_ORDEN_FUNCIONARIO (ID,ID_FUNCIONARIO,ORDEN,GRUPO,ESTADO,CREATED_USER,UPDATED_USER,DELETED_USER,CREATED_AT,UPDATED_AT,DELETED_AT,ID_EVALUACION,FUNCIONARIO_SIGUIENTE,ID_EXPEDIENTE,ID_SUB_EXPEDIENTE,ID_TERCER_EXPEDIENTE,UNICO_ROL) values (6,6,3,4,'1','ForsecurityDiscDnue','ForsecurityDiscDnue',null,to_timestamp('20-OCT-22 05.08.50.000000000 PM','DD-MON-RR HH.MI.SSXFF AM'),to_timestamp('20-OCT-22 05.08.50.000000000 PM','DD-MON-RR HH.MI.SSXFF AM'),null,6,0,1,2,null,'0');
Insert into MAS_ORDEN_FUNCIONARIO (ID,ID_FUNCIONARIO,ORDEN,GRUPO,ESTADO,CREATED_USER,UPDATED_USER,DELETED_USER,CREATED_AT,UPDATED_AT,DELETED_AT,ID_EVALUACION,FUNCIONARIO_SIGUIENTE,ID_EXPEDIENTE,ID_SUB_EXPEDIENTE,ID_TERCER_EXPEDIENTE,UNICO_ROL) values (7,2,1,7,'1','ForsecurityDiscDnue','ForsecurityDiscDnue',null,to_timestamp('20-OCT-22 05.09.29.000000000 PM','DD-MON-RR HH.MI.SSXFF AM'),to_timestamp('20-OCT-22 05.09.29.000000000 PM','DD-MON-RR HH.MI.SSXFF AM'),null,6,8,1,3,1,'0');
Insert into MAS_ORDEN_FUNCIONARIO (ID,ID_FUNCIONARIO,ORDEN,GRUPO,ESTADO,CREATED_USER,UPDATED_USER,DELETED_USER,CREATED_AT,UPDATED_AT,DELETED_AT,ID_EVALUACION,FUNCIONARIO_SIGUIENTE,ID_EXPEDIENTE,ID_SUB_EXPEDIENTE,ID_TERCER_EXPEDIENTE,UNICO_ROL) values (8,5,2,7,'1','ForsecurityDiscDnue','ForsecurityDiscDnue',null,to_timestamp('20-OCT-22 05.09.29.000000000 PM','DD-MON-RR HH.MI.SSXFF AM'),to_timestamp('20-OCT-22 05.09.30.000000000 PM','DD-MON-RR HH.MI.SSXFF AM'),null,6,9,1,3,1,'0');
Insert into MAS_ORDEN_FUNCIONARIO (ID,ID_FUNCIONARIO,ORDEN,GRUPO,ESTADO,CREATED_USER,UPDATED_USER,DELETED_USER,CREATED_AT,UPDATED_AT,DELETED_AT,ID_EVALUACION,FUNCIONARIO_SIGUIENTE,ID_EXPEDIENTE,ID_SUB_EXPEDIENTE,ID_TERCER_EXPEDIENTE,UNICO_ROL) values (9,7,3,7,'1','ForsecurityDiscDnue','ForsecurityDiscDnue',null,to_timestamp('20-OCT-22 05.09.30.000000000 PM','DD-MON-RR HH.MI.SSXFF AM'),to_timestamp('20-OCT-22 05.09.30.000000000 PM','DD-MON-RR HH.MI.SSXFF AM'),null,6,10,1,3,1,'0');
Insert into MAS_ORDEN_FUNCIONARIO (ID,ID_FUNCIONARIO,ORDEN,GRUPO,ESTADO,CREATED_USER,UPDATED_USER,DELETED_USER,CREATED_AT,UPDATED_AT,DELETED_AT,ID_EVALUACION,FUNCIONARIO_SIGUIENTE,ID_EXPEDIENTE,ID_SUB_EXPEDIENTE,ID_TERCER_EXPEDIENTE,UNICO_ROL) values (10,6,4,7,'1','ForsecurityDiscDnue','ForsecurityDiscDnue',null,to_timestamp('20-OCT-22 05.09.30.000000000 PM','DD-MON-RR HH.MI.SSXFF AM'),to_timestamp('20-OCT-22 05.09.30.000000000 PM','DD-MON-RR HH.MI.SSXFF AM'),null,6,0,1,3,1,'0');
Insert into MAS_ORDEN_FUNCIONARIO (ID,ID_FUNCIONARIO,ORDEN,GRUPO,ESTADO,CREATED_USER,UPDATED_USER,DELETED_USER,CREATED_AT,UPDATED_AT,DELETED_AT,ID_EVALUACION,FUNCIONARIO_SIGUIENTE,ID_EXPEDIENTE,ID_SUB_EXPEDIENTE,ID_TERCER_EXPEDIENTE,UNICO_ROL) values (11,2,1,11,'1','ForsecurityDiscDnue','ForsecurityDiscDnue',null,to_timestamp('20-OCT-22 05.09.53.000000000 PM','DD-MON-RR HH.MI.SSXFF AM'),to_timestamp('20-OCT-22 05.09.53.000000000 PM','DD-MON-RR HH.MI.SSXFF AM'),null,6,12,1,3,0,'0');
Insert into MAS_ORDEN_FUNCIONARIO (ID,ID_FUNCIONARIO,ORDEN,GRUPO,ESTADO,CREATED_USER,UPDATED_USER,DELETED_USER,CREATED_AT,UPDATED_AT,DELETED_AT,ID_EVALUACION,FUNCIONARIO_SIGUIENTE,ID_EXPEDIENTE,ID_SUB_EXPEDIENTE,ID_TERCER_EXPEDIENTE,UNICO_ROL) values (12,5,2,11,'1','ForsecurityDiscDnue','ForsecurityDiscDnue',null,to_timestamp('20-OCT-22 05.09.53.000000000 PM','DD-MON-RR HH.MI.SSXFF AM'),to_timestamp('20-OCT-22 05.09.53.000000000 PM','DD-MON-RR HH.MI.SSXFF AM'),null,6,13,1,3,0,'0');
Insert into MAS_ORDEN_FUNCIONARIO (ID,ID_FUNCIONARIO,ORDEN,GRUPO,ESTADO,CREATED_USER,UPDATED_USER,DELETED_USER,CREATED_AT,UPDATED_AT,DELETED_AT,ID_EVALUACION,FUNCIONARIO_SIGUIENTE,ID_EXPEDIENTE,ID_SUB_EXPEDIENTE,ID_TERCER_EXPEDIENTE,UNICO_ROL) values (13,6,3,11,'1','ForsecurityDiscDnue','ForsecurityDiscDnue',null,to_timestamp('20-OCT-22 05.09.53.000000000 PM','DD-MON-RR HH.MI.SSXFF AM'),to_timestamp('20-OCT-22 05.09.53.000000000 PM','DD-MON-RR HH.MI.SSXFF AM'),null,6,0,1,3,0,'0');
Insert into MAS_ORDEN_FUNCIONARIO (ID,ID_FUNCIONARIO,ORDEN,GRUPO,ESTADO,CREATED_USER,UPDATED_USER,DELETED_USER,CREATED_AT,UPDATED_AT,DELETED_AT,ID_EVALUACION,FUNCIONARIO_SIGUIENTE,ID_EXPEDIENTE,ID_SUB_EXPEDIENTE,ID_TERCER_EXPEDIENTE,UNICO_ROL) values (14,5,1,14,'1','ForsecurityDiscDnue','ForsecurityDiscDnue',null,to_timestamp('20-OCT-22 05.10.57.000000000 PM','DD-MON-RR HH.MI.SSXFF AM'),to_timestamp('20-OCT-22 05.10.57.000000000 PM','DD-MON-RR HH.MI.SSXFF AM'),null,6,15,4,null,null,'0');
Insert into MAS_ORDEN_FUNCIONARIO (ID,ID_FUNCIONARIO,ORDEN,GRUPO,ESTADO,CREATED_USER,UPDATED_USER,DELETED_USER,CREATED_AT,UPDATED_AT,DELETED_AT,ID_EVALUACION,FUNCIONARIO_SIGUIENTE,ID_EXPEDIENTE,ID_SUB_EXPEDIENTE,ID_TERCER_EXPEDIENTE,UNICO_ROL) values (15,7,2,14,'1','ForsecurityDiscDnue','ForsecurityDiscDnue',null,to_timestamp('20-OCT-22 05.10.57.000000000 PM','DD-MON-RR HH.MI.SSXFF AM'),to_timestamp('20-OCT-22 05.10.57.000000000 PM','DD-MON-RR HH.MI.SSXFF AM'),null,6,16,4,null,null,'0');
Insert into MAS_ORDEN_FUNCIONARIO (ID,ID_FUNCIONARIO,ORDEN,GRUPO,ESTADO,CREATED_USER,UPDATED_USER,DELETED_USER,CREATED_AT,UPDATED_AT,DELETED_AT,ID_EVALUACION,FUNCIONARIO_SIGUIENTE,ID_EXPEDIENTE,ID_SUB_EXPEDIENTE,ID_TERCER_EXPEDIENTE,UNICO_ROL) values (16,6,3,14,'1','ForsecurityDiscDnue','ForsecurityDiscDnue',null,to_timestamp('20-OCT-22 05.10.57.000000000 PM','DD-MON-RR HH.MI.SSXFF AM'),to_timestamp('20-OCT-22 05.10.57.000000000 PM','DD-MON-RR HH.MI.SSXFF AM'),null,6,0,4,null,null,'0');
Insert into MAS_ORDEN_FUNCIONARIO (ID,ID_FUNCIONARIO,ORDEN,GRUPO,ESTADO,CREATED_USER,UPDATED_USER,DELETED_USER,CREATED_AT,UPDATED_AT,DELETED_AT,ID_EVALUACION,FUNCIONARIO_SIGUIENTE,ID_EXPEDIENTE,ID_SUB_EXPEDIENTE,ID_TERCER_EXPEDIENTE,UNICO_ROL) values (17,2,1,17,'1','ForsecurityDiscDnue','ForsecurityDiscDnue',null,to_timestamp('20-OCT-22 05.11.42.000000000 PM','DD-MON-RR HH.MI.SSXFF AM'),to_timestamp('20-OCT-22 05.11.42.000000000 PM','DD-MON-RR HH.MI.SSXFF AM'),null,1,18,3,1,null,'0');
Insert into MAS_ORDEN_FUNCIONARIO (ID,ID_FUNCIONARIO,ORDEN,GRUPO,ESTADO,CREATED_USER,UPDATED_USER,DELETED_USER,CREATED_AT,UPDATED_AT,DELETED_AT,ID_EVALUACION,FUNCIONARIO_SIGUIENTE,ID_EXPEDIENTE,ID_SUB_EXPEDIENTE,ID_TERCER_EXPEDIENTE,UNICO_ROL) values (18,5,2,17,'1','ForsecurityDiscDnue','ForsecurityDiscDnue',null,to_timestamp('20-OCT-22 05.11.42.000000000 PM','DD-MON-RR HH.MI.SSXFF AM'),to_timestamp('20-OCT-22 05.11.42.000000000 PM','DD-MON-RR HH.MI.SSXFF AM'),null,1,19,3,1,null,'0');
Insert into MAS_ORDEN_FUNCIONARIO (ID,ID_FUNCIONARIO,ORDEN,GRUPO,ESTADO,CREATED_USER,UPDATED_USER,DELETED_USER,CREATED_AT,UPDATED_AT,DELETED_AT,ID_EVALUACION,FUNCIONARIO_SIGUIENTE,ID_EXPEDIENTE,ID_SUB_EXPEDIENTE,ID_TERCER_EXPEDIENTE,UNICO_ROL) values (19,6,3,17,'1','ForsecurityDiscDnue','ForsecurityDiscDnue',null,to_timestamp('20-OCT-22 05.11.42.000000000 PM','DD-MON-RR HH.MI.SSXFF AM'),to_timestamp('20-OCT-22 05.11.42.000000000 PM','DD-MON-RR HH.MI.SSXFF AM'),null,1,0,3,1,null,'0');
COMMIT;


/*DE MANERA TEMPORAL*/
alter sequence MAS_ORDEN_FUNCIONARIO_ID_SEQ restart start with 37;
COMMIT;
