--NUEVOs USUARIOS

INSERT INTO USERS (ID, NAME, EMAIL, NOMBRE, APELLIDO, ID_DEPENDENCIA, ESTADO, REPARTO_HABILITADO) VALUES (1,'ForsecurityDiscUno','ForsecurityDiscUno@perbogota.gov.co','Diego','ForsecurityDiscUno',413,1,1);
INSERT INTO USERS (ID, NAME, EMAIL, NOMBRE, APELLIDO, ID_DEPENDENCIA, ESTADO, REPARTO_HABILITADO) VALUES (2,'ForsecurityDiscDos','ForsecurityDiscDos@perbogota.gov.co','Gabriela','ForsecurityDiscDos',413,1,1);
INSERT INTO USERS (ID, NAME, EMAIL, NOMBRE, APELLIDO, ID_DEPENDENCIA, ESTADO, REPARTO_HABILITADO) VALUES (3,'ForsecurityDiscTres','ForsecurityDiscTre@perbogota.gov.co','Patricia','ForsecurityDiscTres',413,1,1);
INSERT INTO USERS (ID, NAME, EMAIL, NOMBRE, APELLIDO, ID_DEPENDENCIA, ESTADO, REPARTO_HABILITADO) VALUES (4,'ForsecurityDiscCuat','ForsecurityDiscCuat@personeriabogota.gov.co','Sindy','ForsecurityDiscCuat',413,1,1);
INSERT INTO USERS (ID, NAME, EMAIL, NOMBRE, APELLIDO, ID_DEPENDENCIA, ESTADO, REPARTO_HABILITADO) VALUES (5,'ForsecurityDiscCinc','ForsecurityDiscCinc@perbogota.gov.co','Andrés','ForsecurityDiscCinc',413,1,1);
INSERT INTO USERS (ID, NAME, EMAIL, NOMBRE, APELLIDO, ID_DEPENDENCIA, ESTADO, REPARTO_HABILITADO) VALUES (6,'ForsecurityDiscSeis','ForsecurityDiscSeis@perbogota.gov.co','Milena','ForsecurityDiscSeis',413,1,1);
INSERT INTO USERS (ID, NAME, EMAIL, NOMBRE, APELLIDO, ID_DEPENDENCIA, ESTADO, REPARTO_HABILITADO) VALUES (7,'ForsecurityDiscSiet','ForsecurityDiscSiet@perbogota.gov.co','Sandra','ForsecurityDiscSiet',413,1,1);
INSERT INTO USERS (ID, NAME, EMAIL, NOMBRE, APELLIDO, ID_DEPENDENCIA, ESTADO, REPARTO_HABILITADO) VALUES (8,'ForsecurityDiscOch','ForsecurityDiscOch@perbogota.gov.co','Luz','ForsecurityDiscOch',413,1,0);
INSERT INTO USERS (ID, NAME, EMAIL, NOMBRE, APELLIDO, ID_DEPENDENCIA, ESTADO, REPARTO_HABILITADO) VALUES (9,'ForsecurityDiscNue','ForsecurityDiscNue@perbogota.gov.co','Sebastian','ForsecurityDiscNue',413,1,1);
INSERT INTO USERS (ID, NAME, EMAIL, NOMBRE, APELLIDO, ID_DEPENDENCIA, ESTADO, REPARTO_HABILITADO) VALUES (10,'ForsecurityDiscDiez','ForsecurityDiscDiez@perbogota.gov.co','Alejandro','ForsecurityDiscDiez',413,1,1);
INSERT INTO USERS (ID, NAME, EMAIL, NOMBRE, APELLIDO, ID_DEPENDENCIA, ESTADO, REPARTO_HABILITADO) VALUES (11,'ForsecurityDiscOnce','ForsecurityDiscOnce@perbogota.gov.co','Juan','ForsecurityDiscOnce',413,1,1);
INSERT INTO USERS (ID, NAME, EMAIL, NOMBRE, APELLIDO, ID_DEPENDENCIA, ESTADO, REPARTO_HABILITADO) VALUES (12,'ForsecurityDiscDoce','ForsecurityDiscDoce@perbogota.gov.co','Dayanni','ForsecurityDiscDoce',414,1,1);
INSERT INTO USERS (ID, NAME, EMAIL, NOMBRE, APELLIDO, ID_DEPENDENCIA, ESTADO, REPARTO_HABILITADO) VALUES (13,'ForsecurityDiscTrec','ForsecurityDiscTrec@perbogota.gov.co','Nancy','ForsecurityDiscTrec',414,1,1);
INSERT INTO USERS (ID, NAME, EMAIL, NOMBRE, APELLIDO, ID_DEPENDENCIA, ESTADO, REPARTO_HABILITADO) VALUES (14,'ForsecurityDiscCato','ForsecurityDiscCato@perbogota.gov.co','Johanna','ForsecurityDiscCato',414,1,1);
INSERT INTO USERS (ID, NAME, EMAIL, NOMBRE, APELLIDO, ID_DEPENDENCIA, ESTADO, REPARTO_HABILITADO) VALUES (15,'ForsecurityDiscQuin','ForsecurityDiscQuin@perbogota.gov.co','Diego','ForsecurityDiscQuin',415,1,1);
INSERT INTO USERS (ID, NAME, EMAIL, NOMBRE, APELLIDO, ID_DEPENDENCIA, ESTADO, REPARTO_HABILITADO) VALUES (16,'ForsecurityDiscDsei','ForsecurityDiscDsei@perbogota.gov.co','Mario','ForsecurityDiscDsei',415,1,1);
INSERT INTO USERS (ID, NAME, EMAIL, NOMBRE, APELLIDO, ID_DEPENDENCIA, ESTADO, REPARTO_HABILITADO) VALUES (17,'ForsecurityDiscDsie','ForsecurityDiscDsie@perbogota.gov.co','Juliana','ForsecurityDiscDsie',416,1,1);
INSERT INTO USERS (ID, NAME, EMAIL, NOMBRE, APELLIDO, ID_DEPENDENCIA, ESTADO, REPARTO_HABILITADO) VALUES (18,'ForsecurityDiscDoch','ForsecurityDiscDoch@perbogota.gov.co','Julieth','ForsecurityDiscDoch',416,1,1);
INSERT INTO USERS (ID, NAME, EMAIL, NOMBRE, APELLIDO, ID_DEPENDENCIA, ESTADO, REPARTO_HABILITADO) VALUES (19,'ForsecurityDiscDnue','ForsecurityDiscDnue@perbogota.gov.co','Jorge','ForsecurityDiscDnue',417,1,1);
INSERT INTO USERS (ID, NAME, EMAIL, NOMBRE, APELLIDO, ID_DEPENDENCIA, ESTADO, REPARTO_HABILITADO) VALUES (20,'ForsecurityDiscVein','ForsecurityDiscVein@perbogota.gov.co','Jairo','ForsecurityDiscVein',417,1,1);


-- ROL ADMINISTRADOR
insert into users_roles (USER_ID,ROLE_ID) values(1,1);
insert into users_roles (USER_ID,ROLE_ID) values(2,1);
insert into users_roles (USER_ID,ROLE_ID) values(3,1);
insert into users_roles (USER_ID,ROLE_ID) values(4,1);
insert into users_roles (USER_ID,ROLE_ID) values(5,1);
insert into users_roles (USER_ID,ROLE_ID) values(6,1);
insert into users_roles (USER_ID,ROLE_ID) values(7,1);
insert into users_roles (USER_ID,ROLE_ID) values(8,1);
insert into users_roles (USER_ID,ROLE_ID) values(9,1);
insert into users_roles (USER_ID,ROLE_ID) values(10,1);
insert into users_roles (USER_ID,ROLE_ID) values(11,1);
insert into users_roles (USER_ID,ROLE_ID) values(12,1);
insert into users_roles (USER_ID,ROLE_ID) values(13,1);
insert into users_roles (USER_ID,ROLE_ID) values(14,1);
insert into users_roles (USER_ID,ROLE_ID) values(15,1);
insert into users_roles (USER_ID,ROLE_ID) values(16,1);
insert into users_roles (USER_ID,ROLE_ID) values(17,1);
insert into users_roles (USER_ID,ROLE_ID) values(18,1);
insert into users_roles (USER_ID,ROLE_ID) values(19,1);
insert into users_roles (USER_ID,ROLE_ID) values(20,1);

-- OTROS ROLES
insert into users_roles (USER_ID,ROLE_ID) values(2,1);
insert into users_roles (USER_ID,ROLE_ID) values(3,4);
insert into users_roles (USER_ID,ROLE_ID) values(4,3);
insert into users_roles (USER_ID,ROLE_ID) values(5,3);
insert into users_roles (USER_ID,ROLE_ID) values(6,3);
insert into users_roles (USER_ID,ROLE_ID) values(7,3);
insert into users_roles (USER_ID,ROLE_ID) values(8,3);
insert into users_roles (USER_ID,ROLE_ID) values(9,3);
insert into users_roles (USER_ID,ROLE_ID) values(10,3);
insert into users_roles (USER_ID,ROLE_ID) values(11,3);
insert into users_roles (USER_ID,ROLE_ID) values(12,3);
insert into users_roles (USER_ID,ROLE_ID) values(13,3);
insert into users_roles (USER_ID,ROLE_ID) values(14,3);
insert into users_roles (USER_ID,ROLE_ID) values(15,3);
insert into users_roles (USER_ID,ROLE_ID) values(16,3);
insert into users_roles (USER_ID,ROLE_ID) values(17,3);
insert into users_roles (USER_ID,ROLE_ID) values(18,3);
insert into users_roles (USER_ID,ROLE_ID) values(19,3);
insert into users_roles (USER_ID,ROLE_ID) values(20,3);


INSERT INTO FUNCIONALIDAD_ROL (FUNCIONALIDAD_ID, ROLE_ID) VALUES (1,2);
INSERT INTO FUNCIONALIDAD_ROL (FUNCIONALIDAD_ID, ROLE_ID) VALUES (2,2);
INSERT INTO FUNCIONALIDAD_ROL (FUNCIONALIDAD_ID, ROLE_ID) VALUES (3,2);
INSERT INTO FUNCIONALIDAD_ROL (FUNCIONALIDAD_ID, ROLE_ID) VALUES (4,2);
INSERT INTO FUNCIONALIDAD_ROL (FUNCIONALIDAD_ID, ROLE_ID) VALUES (5,2);
INSERT INTO FUNCIONALIDAD_ROL (FUNCIONALIDAD_ID, ROLE_ID) VALUES (6,2);
INSERT INTO FUNCIONALIDAD_ROL (FUNCIONALIDAD_ID, ROLE_ID) VALUES (6,3);
INSERT INTO FUNCIONALIDAD_ROL (FUNCIONALIDAD_ID, ROLE_ID) VALUES (6,4);
INSERT INTO FUNCIONALIDAD_ROL (FUNCIONALIDAD_ID, ROLE_ID) VALUES (7,2);
INSERT INTO FUNCIONALIDAD_ROL (FUNCIONALIDAD_ID, ROLE_ID) VALUES (7,3);
INSERT INTO FUNCIONALIDAD_ROL (FUNCIONALIDAD_ID, ROLE_ID) VALUES (7,4);
INSERT INTO FUNCIONALIDAD_ROL (FUNCIONALIDAD_ID, ROLE_ID) VALUES (8,2);
INSERT INTO FUNCIONALIDAD_ROL (FUNCIONALIDAD_ID, ROLE_ID) VALUES (8,3);
INSERT INTO FUNCIONALIDAD_ROL (FUNCIONALIDAD_ID, ROLE_ID) VALUES (8,4);
INSERT INTO FUNCIONALIDAD_ROL (FUNCIONALIDAD_ID, ROLE_ID) VALUES (9,2);
INSERT INTO FUNCIONALIDAD_ROL (FUNCIONALIDAD_ID, ROLE_ID) VALUES (9,3);
INSERT INTO FUNCIONALIDAD_ROL (FUNCIONALIDAD_ID, ROLE_ID) VALUES (9,4);
INSERT INTO FUNCIONALIDAD_ROL (FUNCIONALIDAD_ID, ROLE_ID) VALUES (10,2);
INSERT INTO FUNCIONALIDAD_ROL (FUNCIONALIDAD_ID, ROLE_ID) VALUES (10,3);
INSERT INTO FUNCIONALIDAD_ROL (FUNCIONALIDAD_ID, ROLE_ID) VALUES (10,4);
INSERT INTO FUNCIONALIDAD_ROL (FUNCIONALIDAD_ID, ROLE_ID) VALUES (11,2);
INSERT INTO FUNCIONALIDAD_ROL (FUNCIONALIDAD_ID, ROLE_ID) VALUES (11,3);
INSERT INTO FUNCIONALIDAD_ROL (FUNCIONALIDAD_ID, ROLE_ID) VALUES (11,4);
INSERT INTO FUNCIONALIDAD_ROL (FUNCIONALIDAD_ID, ROLE_ID) VALUES (12,2);
INSERT INTO FUNCIONALIDAD_ROL (FUNCIONALIDAD_ID, ROLE_ID) VALUES (12,3);
INSERT INTO FUNCIONALIDAD_ROL (FUNCIONALIDAD_ID, ROLE_ID) VALUES (12,4);
INSERT INTO FUNCIONALIDAD_ROL (FUNCIONALIDAD_ID, ROLE_ID) VALUES (13,2);
INSERT INTO FUNCIONALIDAD_ROL (FUNCIONALIDAD_ID, ROLE_ID) VALUES (13,3);
INSERT INTO FUNCIONALIDAD_ROL (FUNCIONALIDAD_ID, ROLE_ID) VALUES (13,4);
INSERT INTO FUNCIONALIDAD_ROL (FUNCIONALIDAD_ID, ROLE_ID) VALUES (14,2);
INSERT INTO FUNCIONALIDAD_ROL (FUNCIONALIDAD_ID, ROLE_ID) VALUES (15,2);
INSERT INTO FUNCIONALIDAD_ROL (FUNCIONALIDAD_ID, ROLE_ID) VALUES (16,2);
INSERT INTO FUNCIONALIDAD_ROL (FUNCIONALIDAD_ID, ROLE_ID) VALUES (16,3);
INSERT INTO FUNCIONALIDAD_ROL (FUNCIONALIDAD_ID, ROLE_ID) VALUES (16,4);
INSERT INTO FUNCIONALIDAD_ROL (FUNCIONALIDAD_ID, ROLE_ID) VALUES (17,2);
INSERT INTO FUNCIONALIDAD_ROL (FUNCIONALIDAD_ID, ROLE_ID) VALUES (17,3);
INSERT INTO FUNCIONALIDAD_ROL (FUNCIONALIDAD_ID, ROLE_ID) VALUES (17,4);
INSERT INTO FUNCIONALIDAD_ROL (FUNCIONALIDAD_ID, ROLE_ID) VALUES (18,2);
INSERT INTO FUNCIONALIDAD_ROL (FUNCIONALIDAD_ID, ROLE_ID) VALUES (18,3);
INSERT INTO FUNCIONALIDAD_ROL (FUNCIONALIDAD_ID, ROLE_ID) VALUES (18,4);
INSERT INTO FUNCIONALIDAD_ROL (FUNCIONALIDAD_ID, ROLE_ID) VALUES (19,2);
INSERT INTO FUNCIONALIDAD_ROL (FUNCIONALIDAD_ID, ROLE_ID) VALUES (19,4);
INSERT INTO FUNCIONALIDAD_ROL (FUNCIONALIDAD_ID, ROLE_ID) VALUES (20,2);
INSERT INTO FUNCIONALIDAD_ROL (FUNCIONALIDAD_ID, ROLE_ID) VALUES (20,3);
INSERT INTO FUNCIONALIDAD_ROL (FUNCIONALIDAD_ID, ROLE_ID) VALUES (20,4);


insert into users_tipo_expediente (USER_ID, TIPO_EXPEDIENTE_ID, SUB_TIPO_EXPEDIENTE_ID) values (5,1,3);
insert into users_tipo_expediente (USER_ID, TIPO_EXPEDIENTE_ID, SUB_TIPO_EXPEDIENTE_ID) values (5,1,2);
insert into users_tipo_expediente (USER_ID, TIPO_EXPEDIENTE_ID, SUB_TIPO_EXPEDIENTE_ID) values (35,4,1);
insert into users_tipo_expediente (USER_ID, TIPO_EXPEDIENTE_ID, SUB_TIPO_EXPEDIENTE_ID) values (35,4,2);
insert into users_tipo_expediente (USER_ID, TIPO_EXPEDIENTE_ID, SUB_TIPO_EXPEDIENTE_ID) values (46,4,1);
insert into users_tipo_expediente (USER_ID, TIPO_EXPEDIENTE_ID, SUB_TIPO_EXPEDIENTE_ID) values (46,4,2);
insert into users_tipo_expediente (USER_ID, TIPO_EXPEDIENTE_ID, SUB_TIPO_EXPEDIENTE_ID) values (85,4,1);
insert into users_tipo_expediente (USER_ID, TIPO_EXPEDIENTE_ID, SUB_TIPO_EXPEDIENTE_ID) values (85,4,2);
insert into users_tipo_expediente (USER_ID, TIPO_EXPEDIENTE_ID, SUB_TIPO_EXPEDIENTE_ID) values (5,4,1);
insert into users_tipo_expediente (USER_ID, TIPO_EXPEDIENTE_ID, SUB_TIPO_EXPEDIENTE_ID) values (5,4,2);
insert into users_tipo_expediente (USER_ID, TIPO_EXPEDIENTE_ID, SUB_TIPO_EXPEDIENTE_ID) values (6,3,1);
insert into users_tipo_expediente (USER_ID, TIPO_EXPEDIENTE_ID, SUB_TIPO_EXPEDIENTE_ID) values (56,4,1);
insert into users_tipo_expediente (USER_ID, TIPO_EXPEDIENTE_ID, SUB_TIPO_EXPEDIENTE_ID) values (56,4,2);
insert into users_tipo_expediente (USER_ID, TIPO_EXPEDIENTE_ID, SUB_TIPO_EXPEDIENTE_ID) values (6,4,1);
insert into users_tipo_expediente (USER_ID, TIPO_EXPEDIENTE_ID, SUB_TIPO_EXPEDIENTE_ID) values (6,4,2);
insert into users_tipo_expediente (USER_ID, TIPO_EXPEDIENTE_ID, SUB_TIPO_EXPEDIENTE_ID) values (7,2,1);
insert into users_tipo_expediente (USER_ID, TIPO_EXPEDIENTE_ID, SUB_TIPO_EXPEDIENTE_ID) values (7,4,1);
insert into users_tipo_expediente (USER_ID, TIPO_EXPEDIENTE_ID, SUB_TIPO_EXPEDIENTE_ID) values (7,4,2);
insert into users_tipo_expediente (USER_ID, TIPO_EXPEDIENTE_ID, SUB_TIPO_EXPEDIENTE_ID) values (73,4,2);
insert into users_tipo_expediente (USER_ID, TIPO_EXPEDIENTE_ID, SUB_TIPO_EXPEDIENTE_ID) values (83,4,1);
insert into users_tipo_expediente (USER_ID, TIPO_EXPEDIENTE_ID, SUB_TIPO_EXPEDIENTE_ID) values (83,4,2);
insert into users_tipo_expediente (USER_ID, TIPO_EXPEDIENTE_ID, SUB_TIPO_EXPEDIENTE_ID) values (71,4,2);
insert into users_tipo_expediente (USER_ID, TIPO_EXPEDIENTE_ID, SUB_TIPO_EXPEDIENTE_ID) values (89,3,1);
insert into users_tipo_expediente (USER_ID, TIPO_EXPEDIENTE_ID, SUB_TIPO_EXPEDIENTE_ID) values (37,4,1);
insert into users_tipo_expediente (USER_ID, TIPO_EXPEDIENTE_ID, SUB_TIPO_EXPEDIENTE_ID) values (37,4,2);
insert into users_tipo_expediente (USER_ID, TIPO_EXPEDIENTE_ID, SUB_TIPO_EXPEDIENTE_ID) values (57,4,2);
insert into users_tipo_expediente (USER_ID, TIPO_EXPEDIENTE_ID, SUB_TIPO_EXPEDIENTE_ID) values (58,4,1);
insert into users_tipo_expediente (USER_ID, TIPO_EXPEDIENTE_ID, SUB_TIPO_EXPEDIENTE_ID) values (92,3,1);
insert into users_tipo_expediente (USER_ID, TIPO_EXPEDIENTE_ID, SUB_TIPO_EXPEDIENTE_ID) values (92,4,1);
insert into users_tipo_expediente (USER_ID, TIPO_EXPEDIENTE_ID, SUB_TIPO_EXPEDIENTE_ID) values (92,4,2);
insert into users_tipo_expediente (USER_ID, TIPO_EXPEDIENTE_ID, SUB_TIPO_EXPEDIENTE_ID) values (94,3,2);
insert into users_tipo_expediente (USER_ID, TIPO_EXPEDIENTE_ID, SUB_TIPO_EXPEDIENTE_ID) values (94,4,1);
insert into users_tipo_expediente (USER_ID, TIPO_EXPEDIENTE_ID, SUB_TIPO_EXPEDIENTE_ID) values (45,4,2);
insert into users_tipo_expediente (USER_ID, TIPO_EXPEDIENTE_ID, SUB_TIPO_EXPEDIENTE_ID) values (77,4,1);
insert into users_tipo_expediente (USER_ID, TIPO_EXPEDIENTE_ID, SUB_TIPO_EXPEDIENTE_ID) values (82,4,1);
insert into users_tipo_expediente (USER_ID, TIPO_EXPEDIENTE_ID, SUB_TIPO_EXPEDIENTE_ID) values (82,4,2);
insert into users_tipo_expediente (USER_ID, TIPO_EXPEDIENTE_ID, SUB_TIPO_EXPEDIENTE_ID) values (50,4,1);
insert into users_tipo_expediente (USER_ID, TIPO_EXPEDIENTE_ID, SUB_TIPO_EXPEDIENTE_ID) values (50,4,2);
insert into users_tipo_expediente (USER_ID, TIPO_EXPEDIENTE_ID, SUB_TIPO_EXPEDIENTE_ID) values (60,3,2);
insert into users_tipo_expediente (USER_ID, TIPO_EXPEDIENTE_ID, SUB_TIPO_EXPEDIENTE_ID) values (39,4,2);
insert into users_tipo_expediente (USER_ID, TIPO_EXPEDIENTE_ID, SUB_TIPO_EXPEDIENTE_ID) values (40,4,1);
insert into users_tipo_expediente (USER_ID, TIPO_EXPEDIENTE_ID, SUB_TIPO_EXPEDIENTE_ID) values (40,4,2);
insert into users_tipo_expediente (USER_ID, TIPO_EXPEDIENTE_ID, SUB_TIPO_EXPEDIENTE_ID) values (54,4,1);
insert into users_tipo_expediente (USER_ID, TIPO_EXPEDIENTE_ID, SUB_TIPO_EXPEDIENTE_ID) values (54,4,2);
insert into users_tipo_expediente (USER_ID, TIPO_EXPEDIENTE_ID, SUB_TIPO_EXPEDIENTE_ID) values (93,3,1);
insert into users_tipo_expediente (USER_ID, TIPO_EXPEDIENTE_ID, SUB_TIPO_EXPEDIENTE_ID) values (34,4,1);
insert into users_tipo_expediente (USER_ID, TIPO_EXPEDIENTE_ID, SUB_TIPO_EXPEDIENTE_ID) values (34,4,2);
insert into users_tipo_expediente (USER_ID, TIPO_EXPEDIENTE_ID, SUB_TIPO_EXPEDIENTE_ID) values (55,4,1);
insert into users_tipo_expediente (USER_ID, TIPO_EXPEDIENTE_ID, SUB_TIPO_EXPEDIENTE_ID) values (55,4,2);
insert into users_tipo_expediente (USER_ID, TIPO_EXPEDIENTE_ID, SUB_TIPO_EXPEDIENTE_ID) values (28,1,3);
insert into users_tipo_expediente (USER_ID, TIPO_EXPEDIENTE_ID, SUB_TIPO_EXPEDIENTE_ID) values (28,1,2);
insert into users_tipo_expediente (USER_ID, TIPO_EXPEDIENTE_ID, SUB_TIPO_EXPEDIENTE_ID) values (28,3,1);
insert into users_tipo_expediente (USER_ID, TIPO_EXPEDIENTE_ID, SUB_TIPO_EXPEDIENTE_ID) values (28,4,1);
insert into users_tipo_expediente (USER_ID, TIPO_EXPEDIENTE_ID, SUB_TIPO_EXPEDIENTE_ID) values (28,4,2);
insert into users_tipo_expediente (USER_ID, TIPO_EXPEDIENTE_ID, SUB_TIPO_EXPEDIENTE_ID) values (28,1,1);
insert into users_tipo_expediente (USER_ID, TIPO_EXPEDIENTE_ID, SUB_TIPO_EXPEDIENTE_ID) values (71,4,1);
insert into users_tipo_expediente (USER_ID, TIPO_EXPEDIENTE_ID, SUB_TIPO_EXPEDIENTE_ID) values (61,1,3);
insert into users_tipo_expediente (USER_ID, TIPO_EXPEDIENTE_ID, SUB_TIPO_EXPEDIENTE_ID) values (61,1,2);
insert into users_tipo_expediente (USER_ID, TIPO_EXPEDIENTE_ID, SUB_TIPO_EXPEDIENTE_ID) values (61,1,1);
insert into users_tipo_expediente (USER_ID, TIPO_EXPEDIENTE_ID, SUB_TIPO_EXPEDIENTE_ID) values (75,4,1);
insert into users_tipo_expediente (USER_ID, TIPO_EXPEDIENTE_ID, SUB_TIPO_EXPEDIENTE_ID) values (75,4,2);
insert into users_tipo_expediente (USER_ID, TIPO_EXPEDIENTE_ID, SUB_TIPO_EXPEDIENTE_ID) values (73,4,1);
insert into users_tipo_expediente (USER_ID, TIPO_EXPEDIENTE_ID, SUB_TIPO_EXPEDIENTE_ID) values (74,4,1);
insert into users_tipo_expediente (USER_ID, TIPO_EXPEDIENTE_ID, SUB_TIPO_EXPEDIENTE_ID) values (74,4,2);
insert into users_tipo_expediente (USER_ID, TIPO_EXPEDIENTE_ID, SUB_TIPO_EXPEDIENTE_ID) values (63,4,1);
insert into users_tipo_expediente (USER_ID, TIPO_EXPEDIENTE_ID, SUB_TIPO_EXPEDIENTE_ID) values (63,4,2);
insert into users_tipo_expediente (USER_ID, TIPO_EXPEDIENTE_ID, SUB_TIPO_EXPEDIENTE_ID) values (43,4,1);
insert into users_tipo_expediente (USER_ID, TIPO_EXPEDIENTE_ID, SUB_TIPO_EXPEDIENTE_ID) values (43,4,2);
insert into users_tipo_expediente (USER_ID, TIPO_EXPEDIENTE_ID, SUB_TIPO_EXPEDIENTE_ID) values (64,4,1);
insert into users_tipo_expediente (USER_ID, TIPO_EXPEDIENTE_ID, SUB_TIPO_EXPEDIENTE_ID) values (64,4,2);
insert into users_tipo_expediente (USER_ID, TIPO_EXPEDIENTE_ID, SUB_TIPO_EXPEDIENTE_ID) values (44,4,1);
insert into users_tipo_expediente (USER_ID, TIPO_EXPEDIENTE_ID, SUB_TIPO_EXPEDIENTE_ID) values (44,4,2);
insert into users_tipo_expediente (USER_ID, TIPO_EXPEDIENTE_ID, SUB_TIPO_EXPEDIENTE_ID) values (58,4,2);
insert into users_tipo_expediente (USER_ID, TIPO_EXPEDIENTE_ID, SUB_TIPO_EXPEDIENTE_ID) values (36,4,1);
insert into users_tipo_expediente (USER_ID, TIPO_EXPEDIENTE_ID, SUB_TIPO_EXPEDIENTE_ID) values (65,4,1);
insert into users_tipo_expediente (USER_ID, TIPO_EXPEDIENTE_ID, SUB_TIPO_EXPEDIENTE_ID) values (65,4,2);
insert into users_tipo_expediente (USER_ID, TIPO_EXPEDIENTE_ID, SUB_TIPO_EXPEDIENTE_ID) values (84,4,1);
insert into users_tipo_expediente (USER_ID, TIPO_EXPEDIENTE_ID, SUB_TIPO_EXPEDIENTE_ID) values (84,4,2);
insert into users_tipo_expediente (USER_ID, TIPO_EXPEDIENTE_ID, SUB_TIPO_EXPEDIENTE_ID) values (66,2,1);
insert into users_tipo_expediente (USER_ID, TIPO_EXPEDIENTE_ID, SUB_TIPO_EXPEDIENTE_ID) values (27,1,2);
insert into users_tipo_expediente (USER_ID, TIPO_EXPEDIENTE_ID, SUB_TIPO_EXPEDIENTE_ID) values (27,1,3);
insert into users_tipo_expediente (USER_ID, TIPO_EXPEDIENTE_ID, SUB_TIPO_EXPEDIENTE_ID) values (27,3,1);
insert into users_tipo_expediente (USER_ID, TIPO_EXPEDIENTE_ID, SUB_TIPO_EXPEDIENTE_ID) values (27,4,1);
insert into users_tipo_expediente (USER_ID, TIPO_EXPEDIENTE_ID, SUB_TIPO_EXPEDIENTE_ID) values (27,4,2);
insert into users_tipo_expediente (USER_ID, TIPO_EXPEDIENTE_ID, SUB_TIPO_EXPEDIENTE_ID) values (27,1,1);
insert into users_tipo_expediente (USER_ID, TIPO_EXPEDIENTE_ID, SUB_TIPO_EXPEDIENTE_ID) values (94,4,2);
insert into users_tipo_expediente (USER_ID, TIPO_EXPEDIENTE_ID, SUB_TIPO_EXPEDIENTE_ID) values (45,4,1);
insert into users_tipo_expediente (USER_ID, TIPO_EXPEDIENTE_ID, SUB_TIPO_EXPEDIENTE_ID) values (77,4,2);
insert into users_tipo_expediente (USER_ID, TIPO_EXPEDIENTE_ID, SUB_TIPO_EXPEDIENTE_ID) values (36,4,2);
insert into users_tipo_expediente (USER_ID, TIPO_EXPEDIENTE_ID, SUB_TIPO_EXPEDIENTE_ID) values (42,4,2);
insert into users_tipo_expediente (USER_ID, TIPO_EXPEDIENTE_ID, SUB_TIPO_EXPEDIENTE_ID) values (69,4,1);
insert into users_tipo_expediente (USER_ID, TIPO_EXPEDIENTE_ID, SUB_TIPO_EXPEDIENTE_ID) values (69,4,2);
insert into users_tipo_expediente (USER_ID, TIPO_EXPEDIENTE_ID, SUB_TIPO_EXPEDIENTE_ID) values (86,4,1);
insert into users_tipo_expediente (USER_ID, TIPO_EXPEDIENTE_ID, SUB_TIPO_EXPEDIENTE_ID) values (86,4,2);
insert into users_tipo_expediente (USER_ID, TIPO_EXPEDIENTE_ID, SUB_TIPO_EXPEDIENTE_ID) values (79,4,1);
insert into users_tipo_expediente (USER_ID, TIPO_EXPEDIENTE_ID, SUB_TIPO_EXPEDIENTE_ID) values (79,4,2);
insert into users_tipo_expediente (USER_ID, TIPO_EXPEDIENTE_ID, SUB_TIPO_EXPEDIENTE_ID) values (30,1,1);
insert into users_tipo_expediente (USER_ID, TIPO_EXPEDIENTE_ID, SUB_TIPO_EXPEDIENTE_ID) values (30,1,2);
insert into users_tipo_expediente (USER_ID, TIPO_EXPEDIENTE_ID, SUB_TIPO_EXPEDIENTE_ID) values (30,1,3);
insert into users_tipo_expediente (USER_ID, TIPO_EXPEDIENTE_ID, SUB_TIPO_EXPEDIENTE_ID) values (30,2,1);
insert into users_tipo_expediente (USER_ID, TIPO_EXPEDIENTE_ID, SUB_TIPO_EXPEDIENTE_ID) values (30,3,1);
insert into users_tipo_expediente (USER_ID, TIPO_EXPEDIENTE_ID, SUB_TIPO_EXPEDIENTE_ID) values (30,4,1);
insert into users_tipo_expediente (USER_ID, TIPO_EXPEDIENTE_ID, SUB_TIPO_EXPEDIENTE_ID) values (30,4,2);
insert into users_tipo_expediente (USER_ID, TIPO_EXPEDIENTE_ID, SUB_TIPO_EXPEDIENTE_ID) values (95,3,1);
insert into users_tipo_expediente (USER_ID, TIPO_EXPEDIENTE_ID, SUB_TIPO_EXPEDIENTE_ID) values (72,4,1);
insert into users_tipo_expediente (USER_ID, TIPO_EXPEDIENTE_ID, SUB_TIPO_EXPEDIENTE_ID) values (72,4,2);
insert into users_tipo_expediente (USER_ID, TIPO_EXPEDIENTE_ID, SUB_TIPO_EXPEDIENTE_ID) values (47,4,1);
insert into users_tipo_expediente (USER_ID, TIPO_EXPEDIENTE_ID, SUB_TIPO_EXPEDIENTE_ID) values (47,4,2);
insert into users_tipo_expediente (USER_ID, TIPO_EXPEDIENTE_ID, SUB_TIPO_EXPEDIENTE_ID) values (87,4,1);
insert into users_tipo_expediente (USER_ID, TIPO_EXPEDIENTE_ID, SUB_TIPO_EXPEDIENTE_ID) values (87,4,2);
insert into users_tipo_expediente (USER_ID, TIPO_EXPEDIENTE_ID, SUB_TIPO_EXPEDIENTE_ID) values (90,2,1);
insert into users_tipo_expediente (USER_ID, TIPO_EXPEDIENTE_ID, SUB_TIPO_EXPEDIENTE_ID) values (70,4,1);
insert into users_tipo_expediente (USER_ID, TIPO_EXPEDIENTE_ID, SUB_TIPO_EXPEDIENTE_ID) values (70,4,2);
insert into users_tipo_expediente (USER_ID, TIPO_EXPEDIENTE_ID, SUB_TIPO_EXPEDIENTE_ID) values (78,4,1);
insert into users_tipo_expediente (USER_ID, TIPO_EXPEDIENTE_ID, SUB_TIPO_EXPEDIENTE_ID) values (78,4,2);
insert into users_tipo_expediente (USER_ID, TIPO_EXPEDIENTE_ID, SUB_TIPO_EXPEDIENTE_ID) values (49,4,1);
insert into users_tipo_expediente (USER_ID, TIPO_EXPEDIENTE_ID, SUB_TIPO_EXPEDIENTE_ID) values (49,4,2);
insert into users_tipo_expediente (USER_ID, TIPO_EXPEDIENTE_ID, SUB_TIPO_EXPEDIENTE_ID) values (80,4,1);
insert into users_tipo_expediente (USER_ID, TIPO_EXPEDIENTE_ID, SUB_TIPO_EXPEDIENTE_ID) values (80,4,2);
insert into users_tipo_expediente (USER_ID, TIPO_EXPEDIENTE_ID, SUB_TIPO_EXPEDIENTE_ID) values (81,4,1);
insert into users_tipo_expediente (USER_ID, TIPO_EXPEDIENTE_ID, SUB_TIPO_EXPEDIENTE_ID) values (81,4,2);
insert into users_tipo_expediente (USER_ID, TIPO_EXPEDIENTE_ID, SUB_TIPO_EXPEDIENTE_ID) values (67,4,1);
insert into users_tipo_expediente (USER_ID, TIPO_EXPEDIENTE_ID, SUB_TIPO_EXPEDIENTE_ID) values (67,4,2);
insert into users_tipo_expediente (USER_ID, TIPO_EXPEDIENTE_ID, SUB_TIPO_EXPEDIENTE_ID) values (48,4,1);
insert into users_tipo_expediente (USER_ID, TIPO_EXPEDIENTE_ID, SUB_TIPO_EXPEDIENTE_ID) values (48,4,2);
insert into users_tipo_expediente (USER_ID, TIPO_EXPEDIENTE_ID, SUB_TIPO_EXPEDIENTE_ID) values (88,4,1);
insert into users_tipo_expediente (USER_ID, TIPO_EXPEDIENTE_ID, SUB_TIPO_EXPEDIENTE_ID) values (88,4,2);
insert into users_tipo_expediente (USER_ID, TIPO_EXPEDIENTE_ID, SUB_TIPO_EXPEDIENTE_ID) values (26,1,3);
insert into users_tipo_expediente (USER_ID, TIPO_EXPEDIENTE_ID, SUB_TIPO_EXPEDIENTE_ID) values (26,1,2);
insert into users_tipo_expediente (USER_ID, TIPO_EXPEDIENTE_ID, SUB_TIPO_EXPEDIENTE_ID) values (26,3,1);
insert into users_tipo_expediente (USER_ID, TIPO_EXPEDIENTE_ID, SUB_TIPO_EXPEDIENTE_ID) values (26,4,1);
insert into users_tipo_expediente (USER_ID, TIPO_EXPEDIENTE_ID, SUB_TIPO_EXPEDIENTE_ID) values (26,4,2);
insert into users_tipo_expediente (USER_ID, TIPO_EXPEDIENTE_ID, SUB_TIPO_EXPEDIENTE_ID) values (26,1,1);
insert into users_tipo_expediente (USER_ID, TIPO_EXPEDIENTE_ID, SUB_TIPO_EXPEDIENTE_ID) values (4,1,1);
insert into users_tipo_expediente (USER_ID, TIPO_EXPEDIENTE_ID, SUB_TIPO_EXPEDIENTE_ID) values (4,1,2);
insert into users_tipo_expediente (USER_ID, TIPO_EXPEDIENTE_ID, SUB_TIPO_EXPEDIENTE_ID) values (31,3,2);
insert into users_tipo_expediente (USER_ID, TIPO_EXPEDIENTE_ID, SUB_TIPO_EXPEDIENTE_ID) values (51,4,1);
insert into users_tipo_expediente (USER_ID, TIPO_EXPEDIENTE_ID, SUB_TIPO_EXPEDIENTE_ID) values (51,4,2);
insert into users_tipo_expediente (USER_ID, TIPO_EXPEDIENTE_ID, SUB_TIPO_EXPEDIENTE_ID) values (22,4,1);
insert into users_tipo_expediente (USER_ID, TIPO_EXPEDIENTE_ID, SUB_TIPO_EXPEDIENTE_ID) values (22,4,2);
insert into users_tipo_expediente (USER_ID, TIPO_EXPEDIENTE_ID, SUB_TIPO_EXPEDIENTE_ID) values (52,4,1);
insert into users_tipo_expediente (USER_ID, TIPO_EXPEDIENTE_ID, SUB_TIPO_EXPEDIENTE_ID) values (52,4,2);
insert into users_tipo_expediente (USER_ID, TIPO_EXPEDIENTE_ID, SUB_TIPO_EXPEDIENTE_ID) values (53,4,1);
insert into users_tipo_expediente (USER_ID, TIPO_EXPEDIENTE_ID, SUB_TIPO_EXPEDIENTE_ID) values (53,4,2);
insert into users_tipo_expediente (USER_ID, TIPO_EXPEDIENTE_ID, SUB_TIPO_EXPEDIENTE_ID) values (91,3,1);
insert into users_tipo_expediente (USER_ID, TIPO_EXPEDIENTE_ID, SUB_TIPO_EXPEDIENTE_ID) values (91,4,1);
insert into users_tipo_expediente (USER_ID, TIPO_EXPEDIENTE_ID, SUB_TIPO_EXPEDIENTE_ID) values (91,4,2);
insert into users_tipo_expediente (USER_ID, TIPO_EXPEDIENTE_ID, SUB_TIPO_EXPEDIENTE_ID) values (68,4,1);
insert into users_tipo_expediente (USER_ID, TIPO_EXPEDIENTE_ID, SUB_TIPO_EXPEDIENTE_ID) values (68,4,2);
insert into users_tipo_expediente (USER_ID, TIPO_EXPEDIENTE_ID, SUB_TIPO_EXPEDIENTE_ID) values (32,1,1);
insert into users_tipo_expediente (USER_ID, TIPO_EXPEDIENTE_ID, SUB_TIPO_EXPEDIENTE_ID) values (32,1,2);
insert into users_tipo_expediente (USER_ID, TIPO_EXPEDIENTE_ID, SUB_TIPO_EXPEDIENTE_ID) values (32,1,3);
insert into users_tipo_expediente (USER_ID, TIPO_EXPEDIENTE_ID, SUB_TIPO_EXPEDIENTE_ID) values (32,3,1);
insert into users_tipo_expediente (USER_ID, TIPO_EXPEDIENTE_ID, SUB_TIPO_EXPEDIENTE_ID) values (32,4,1);
insert into users_tipo_expediente (USER_ID, TIPO_EXPEDIENTE_ID, SUB_TIPO_EXPEDIENTE_ID) values (32,4,2);
insert into users_tipo_expediente (USER_ID, TIPO_EXPEDIENTE_ID, SUB_TIPO_EXPEDIENTE_ID) values (25,1,3);
insert into users_tipo_expediente (USER_ID, TIPO_EXPEDIENTE_ID, SUB_TIPO_EXPEDIENTE_ID) values (25,1,2);
insert into users_tipo_expediente (USER_ID, TIPO_EXPEDIENTE_ID, SUB_TIPO_EXPEDIENTE_ID) values (25,3,1);
insert into users_tipo_expediente (USER_ID, TIPO_EXPEDIENTE_ID, SUB_TIPO_EXPEDIENTE_ID) values (25,4,1);
insert into users_tipo_expediente (USER_ID, TIPO_EXPEDIENTE_ID, SUB_TIPO_EXPEDIENTE_ID) values (25,4,2);
insert into users_tipo_expediente (USER_ID, TIPO_EXPEDIENTE_ID, SUB_TIPO_EXPEDIENTE_ID) values (25,1,1);
insert into users_tipo_expediente (USER_ID, TIPO_EXPEDIENTE_ID, SUB_TIPO_EXPEDIENTE_ID) values (39,4,1);
insert into users_tipo_expediente (USER_ID, TIPO_EXPEDIENTE_ID, SUB_TIPO_EXPEDIENTE_ID) values (41,4,1);
insert into users_tipo_expediente (USER_ID, TIPO_EXPEDIENTE_ID, SUB_TIPO_EXPEDIENTE_ID) values (41,4,2);
insert into users_tipo_expediente (USER_ID, TIPO_EXPEDIENTE_ID, SUB_TIPO_EXPEDIENTE_ID) values (33,1,1);
insert into users_tipo_expediente (USER_ID, TIPO_EXPEDIENTE_ID, SUB_TIPO_EXPEDIENTE_ID) values (33,1,2);
insert into users_tipo_expediente (USER_ID, TIPO_EXPEDIENTE_ID, SUB_TIPO_EXPEDIENTE_ID) values (33,1,3);
insert into users_tipo_expediente (USER_ID, TIPO_EXPEDIENTE_ID, SUB_TIPO_EXPEDIENTE_ID) values (33,2,1);
insert into users_tipo_expediente (USER_ID, TIPO_EXPEDIENTE_ID, SUB_TIPO_EXPEDIENTE_ID) values (33,3,1);
insert into users_tipo_expediente (USER_ID, TIPO_EXPEDIENTE_ID, SUB_TIPO_EXPEDIENTE_ID) values (33,4,1);
insert into users_tipo_expediente (USER_ID, TIPO_EXPEDIENTE_ID, SUB_TIPO_EXPEDIENTE_ID) values (33,4,2);
insert into users_tipo_expediente (USER_ID, TIPO_EXPEDIENTE_ID, SUB_TIPO_EXPEDIENTE_ID) values (21,3,1);
insert into users_tipo_expediente (USER_ID, TIPO_EXPEDIENTE_ID, SUB_TIPO_EXPEDIENTE_ID) values (62,4,1);
insert into users_tipo_expediente (USER_ID, TIPO_EXPEDIENTE_ID, SUB_TIPO_EXPEDIENTE_ID) values (62,4,2);
insert into users_tipo_expediente (USER_ID, TIPO_EXPEDIENTE_ID, SUB_TIPO_EXPEDIENTE_ID) values (59,4,1);
insert into users_tipo_expediente (USER_ID, TIPO_EXPEDIENTE_ID, SUB_TIPO_EXPEDIENTE_ID) values (59,4,2);
insert into users_tipo_expediente (USER_ID, TIPO_EXPEDIENTE_ID, SUB_TIPO_EXPEDIENTE_ID) values (57,4,1);
insert into users_tipo_expediente (USER_ID, TIPO_EXPEDIENTE_ID, SUB_TIPO_EXPEDIENTE_ID) values (4,1,3);
insert into users_tipo_expediente (USER_ID, TIPO_EXPEDIENTE_ID, SUB_TIPO_EXPEDIENTE_ID) values (75,3,2);
insert into users_tipo_expediente (USER_ID, TIPO_EXPEDIENTE_ID, SUB_TIPO_EXPEDIENTE_ID) values (76,4,1);
insert into users_tipo_expediente (USER_ID, TIPO_EXPEDIENTE_ID, SUB_TIPO_EXPEDIENTE_ID) values (76,4,2);
insert into users_tipo_expediente (USER_ID, TIPO_EXPEDIENTE_ID, SUB_TIPO_EXPEDIENTE_ID) values (29,2,1);
insert into users_tipo_expediente (USER_ID, TIPO_EXPEDIENTE_ID, SUB_TIPO_EXPEDIENTE_ID) values (38,4,1);
insert into users_tipo_expediente (USER_ID, TIPO_EXPEDIENTE_ID, SUB_TIPO_EXPEDIENTE_ID) values (38,4,2);
insert into users_tipo_expediente (USER_ID, TIPO_EXPEDIENTE_ID, SUB_TIPO_EXPEDIENTE_ID) values (42,4,1);
insert into users_tipo_expediente (USER_ID, TIPO_EXPEDIENTE_ID, SUB_TIPO_EXPEDIENTE_ID) values (9,3,1);
insert into users_tipo_expediente (USER_ID, TIPO_EXPEDIENTE_ID, SUB_TIPO_EXPEDIENTE_ID) values (9,1,2);
insert into users_tipo_expediente (USER_ID, TIPO_EXPEDIENTE_ID, SUB_TIPO_EXPEDIENTE_ID) values (10,4,1);
insert into users_tipo_expediente (USER_ID, TIPO_EXPEDIENTE_ID, SUB_TIPO_EXPEDIENTE_ID) values (10,4,2);
insert into users_tipo_expediente (USER_ID, TIPO_EXPEDIENTE_ID, SUB_TIPO_EXPEDIENTE_ID) values (11,3,1);
insert into users_tipo_expediente (USER_ID, TIPO_EXPEDIENTE_ID, SUB_TIPO_EXPEDIENTE_ID) values (11,4,1);
insert into users_tipo_expediente (USER_ID, TIPO_EXPEDIENTE_ID, SUB_TIPO_EXPEDIENTE_ID) values (11,4,2);
insert into users_tipo_expediente (USER_ID, TIPO_EXPEDIENTE_ID, SUB_TIPO_EXPEDIENTE_ID) values (12,1,1);
insert into users_tipo_expediente (USER_ID, TIPO_EXPEDIENTE_ID, SUB_TIPO_EXPEDIENTE_ID) values (12,1,2);
insert into users_tipo_expediente (USER_ID, TIPO_EXPEDIENTE_ID, SUB_TIPO_EXPEDIENTE_ID) values (12,1,3);
insert into users_tipo_expediente (USER_ID, TIPO_EXPEDIENTE_ID, SUB_TIPO_EXPEDIENTE_ID) values (13,2,1);
insert into users_tipo_expediente (USER_ID, TIPO_EXPEDIENTE_ID, SUB_TIPO_EXPEDIENTE_ID) values (14,2,1);
insert into users_tipo_expediente (USER_ID, TIPO_EXPEDIENTE_ID, SUB_TIPO_EXPEDIENTE_ID) values (15,4,1);
insert into users_tipo_expediente (USER_ID, TIPO_EXPEDIENTE_ID, SUB_TIPO_EXPEDIENTE_ID) values (15,4,2);
insert into users_tipo_expediente (USER_ID, TIPO_EXPEDIENTE_ID, SUB_TIPO_EXPEDIENTE_ID) values (16,4,1);
insert into users_tipo_expediente (USER_ID, TIPO_EXPEDIENTE_ID, SUB_TIPO_EXPEDIENTE_ID) values (16,4,2);
insert into users_tipo_expediente (USER_ID, TIPO_EXPEDIENTE_ID, SUB_TIPO_EXPEDIENTE_ID) values (17,2,1);
insert into users_tipo_expediente (USER_ID, TIPO_EXPEDIENTE_ID, SUB_TIPO_EXPEDIENTE_ID) values (18,3,2);
insert into users_tipo_expediente (USER_ID, TIPO_EXPEDIENTE_ID, SUB_TIPO_EXPEDIENTE_ID) values (18,1,1);
insert into users_tipo_expediente (USER_ID, TIPO_EXPEDIENTE_ID, SUB_TIPO_EXPEDIENTE_ID) values (18,1,2);
insert into users_tipo_expediente (USER_ID, TIPO_EXPEDIENTE_ID, SUB_TIPO_EXPEDIENTE_ID) values (18,1,3);
insert into users_tipo_expediente (USER_ID, TIPO_EXPEDIENTE_ID, SUB_TIPO_EXPEDIENTE_ID) values (19,2,1);
insert into users_tipo_expediente (USER_ID, TIPO_EXPEDIENTE_ID, SUB_TIPO_EXPEDIENTE_ID) values (20,1,1);


--DEPARTAMENTOS
UPDATE MAS_DEPARTAMENTO SET ESTADO = 1;
UPDATE MAS_CIUDAD SET ESTADO = 1;

--DEPENDENCIAS
--UPDATE MAS_DEPENDENCIA_ORIGEN SET ESTADO = 1;

alter sequence MAS_DEPENDENCIA_ORIGEN_ID_SEQ restart start with 411;
alter sequence MAS_TIPO_EXPEDIENTE_ID_SEQ restart start with 4;
alter sequence MAS_DIAS_NO_LABORALES_ID_SEQ restart start with 106;
alter sequence USERS_ID_SEQ restart start with 96;

COMMIT;
