UPDATE MAS_ETAPA SET NOMBRE = 'FORMA DE INGRESO' WHERE ID = 0;
COMMIT;
UPDATE MAS_ETAPA SET NOMBRE = 'CAPTURA Y REPARTO' WHERE ID = 1;
COMMIT;
UPDATE MAS_ETAPA SET NOMBRE = 'EVALUACIÓN QUEJA PQR' WHERE ID = 2;
COMMIT;
UPDATE MAS_ETAPA SET NOMBRE = 'EVALUACIÓN QUEJA - PD' WHERE ID = 3;
COMMIT;
UPDATE MAS_ETAPA SET NOMBRE = 'INDAGACIÓN PREVIA' WHERE ID = 4;
COMMIT;
UPDATE MAS_ETAPA SET NOMBRE = 'INVESTIGACIÓN DISCIPLINARIA' WHERE ID = 5;
COMMIT;
UPDATE MAS_ETAPA SET NOMBRE = 'JUZGAMIENTO' WHERE ID = 6;
COMMIT;
UPDATE MAS_ETAPA SET NOMBRE = 'JUZGAMIENTO - P. ORDINARIO' WHERE ID = 7;
COMMIT;
UPDATE MAS_ETAPA SET NOMBRE = 'JUZGAMIENTO - P. VERBAL' WHERE ID = 8;
COMMIT;
UPDATE MAS_ETAPA SET NOMBRE = 'INICIO PROCESO DISCIPLINARIO' WHERE ID = 9;
COMMIT;

Insert into USERS (ID,NAME,EMAIL,EMAIL_VERIFIED_AT,PASSWORD,REMEMBER_TOKEN,CREATED_AT,UPDATED_AT,OBJECTGUID,NOMBRE,APELLIDO,ID_DEPENDENCIA,ESTADO,REPARTO_HABILITADO,NUMERO_CASOS,NIVELACION,FIRMA_MECANICA,PASSWORD_FIRMA_MECANICA,ID_MAS_GRUPO_TRABAJO_SECRETARIA_COMUN) values (4,'ForsecurityDiscCuat','ForsecurityDiscCuat@personeriabogota.gov.co',null,'$2y$10$hfsjmUnbunhXW3ictfi2N./XnyWGQEHhuIenor/4zTWK6g4dxIz9e',null,null,null,'5a081ced-f2e6-4492-890c-e80d0dcc67c0','Sindy','DiscCuat',310,'1','1',0,0,null,null,null);
Insert into USERS (ID,NAME,EMAIL,EMAIL_VERIFIED_AT,PASSWORD,REMEMBER_TOKEN,CREATED_AT,UPDATED_AT,OBJECTGUID,NOMBRE,APELLIDO,ID_DEPENDENCIA,ESTADO,REPARTO_HABILITADO,NUMERO_CASOS,NIVELACION,FIRMA_MECANICA,PASSWORD_FIRMA_MECANICA,ID_MAS_GRUPO_TRABAJO_SECRETARIA_COMUN) values (5,'ForsecurityDiscCinc','ForsecurityDiscCinc@perbogota.gov.co',null,'$2y$10$MQccFMHIdD.U0/ECyLtg5uB1iNZvJ1/e97c55C1OM2XUvg2Owv.ZS',null,null,null,'ed097eee-56d9-4812-91b2-ba3aacb7b4fd','Andrés','DiscCinc',413,'1','1',0,0,null,null,null);
Insert into USERS (ID,NAME,EMAIL,EMAIL_VERIFIED_AT,PASSWORD,REMEMBER_TOKEN,CREATED_AT,UPDATED_AT,OBJECTGUID,NOMBRE,APELLIDO,ID_DEPENDENCIA,ESTADO,REPARTO_HABILITADO,NUMERO_CASOS,NIVELACION,FIRMA_MECANICA,PASSWORD_FIRMA_MECANICA,ID_MAS_GRUPO_TRABAJO_SECRETARIA_COMUN) values (6,'ForsecurityDiscSeis','ForsecurityDiscSeis@perbogota.gov.co',null,null,null,null,null,null,'Milena','DiscSeis',413,'1','1',0,0,null,null,null);
Insert into USERS (ID,NAME,EMAIL,EMAIL_VERIFIED_AT,PASSWORD,REMEMBER_TOKEN,CREATED_AT,UPDATED_AT,OBJECTGUID,NOMBRE,APELLIDO,ID_DEPENDENCIA,ESTADO,REPARTO_HABILITADO,NUMERO_CASOS,NIVELACION,FIRMA_MECANICA,PASSWORD_FIRMA_MECANICA,ID_MAS_GRUPO_TRABAJO_SECRETARIA_COMUN) values (7,'ForsecurityDiscSiet','ForsecurityDiscSiet@perbogota.gov.co',null,'$2y$10$7cMYqGJcNkNfiqJLbVwuu.LqCMz5BRzrNX1beqJXFPldEEKKVeU/a',null,null,null,'daac1855-470a-485f-a2a7-3671da7774ef','Sandra','DiscSiet',413,'1','1',1,0,null,null,null);
Insert into USERS (ID,NAME,EMAIL,EMAIL_VERIFIED_AT,PASSWORD,REMEMBER_TOKEN,CREATED_AT,UPDATED_AT,OBJECTGUID,NOMBRE,APELLIDO,ID_DEPENDENCIA,ESTADO,REPARTO_HABILITADO,NUMERO_CASOS,NIVELACION,FIRMA_MECANICA,PASSWORD_FIRMA_MECANICA,ID_MAS_GRUPO_TRABAJO_SECRETARIA_COMUN) values (8,'ForsecurityDiscOch','ForsecurityDiscOch@perbogota.gov.co',null,null,null,null,null,null,'Luz','DiscOch',418,'1','0',0,0,null,null,null);
Insert into USERS (ID,NAME,EMAIL,EMAIL_VERIFIED_AT,PASSWORD,REMEMBER_TOKEN,CREATED_AT,UPDATED_AT,OBJECTGUID,NOMBRE,APELLIDO,ID_DEPENDENCIA,ESTADO,REPARTO_HABILITADO,NUMERO_CASOS,NIVELACION,FIRMA_MECANICA,PASSWORD_FIRMA_MECANICA,ID_MAS_GRUPO_TRABAJO_SECRETARIA_COMUN) values (9,'ForsecurityDiscNue','ForsecurityDiscNue@perbogota.gov.co',null,'$2y$10$sDxRFlzMvDRz8iqoOzDlQOVYmBhkQ9acGMqkwPVIMZl.kJW8Oh5pu',null,null,null,'842b6e80-5e6c-4c9b-b16b-e3f245007d7d','Sebastian','DiscNue',413,'1','0',0.2,0.2,null,null,null);
Insert into USERS (ID,NAME,EMAIL,EMAIL_VERIFIED_AT,PASSWORD,REMEMBER_TOKEN,CREATED_AT,UPDATED_AT,OBJECTGUID,NOMBRE,APELLIDO,ID_DEPENDENCIA,ESTADO,REPARTO_HABILITADO,NUMERO_CASOS,NIVELACION,FIRMA_MECANICA,PASSWORD_FIRMA_MECANICA,ID_MAS_GRUPO_TRABAJO_SECRETARIA_COMUN) values (10,'ForsecurityDiscDiez','ForsecurityDiscDiez@perbogota.gov.co',null,null,null,null,null,null,'Alejandro','DiscDiez',413,'1','1',0,0,null,null,null);
Insert into USERS (ID,NAME,EMAIL,EMAIL_VERIFIED_AT,PASSWORD,REMEMBER_TOKEN,CREATED_AT,UPDATED_AT,OBJECTGUID,NOMBRE,APELLIDO,ID_DEPENDENCIA,ESTADO,REPARTO_HABILITADO,NUMERO_CASOS,NIVELACION,FIRMA_MECANICA,PASSWORD_FIRMA_MECANICA,ID_MAS_GRUPO_TRABAJO_SECRETARIA_COMUN) values (11,'ForsecurityDiscOnce','ForsecurityDiscOnce@perbogota.gov.co',null,null,null,null,null,null,'Juan','DiscOnce',413,'1','1',0,0,null,null,null);
Insert into USERS (ID,NAME,EMAIL,EMAIL_VERIFIED_AT,PASSWORD,REMEMBER_TOKEN,CREATED_AT,UPDATED_AT,OBJECTGUID,NOMBRE,APELLIDO,ID_DEPENDENCIA,ESTADO,REPARTO_HABILITADO,NUMERO_CASOS,NIVELACION,FIRMA_MECANICA,PASSWORD_FIRMA_MECANICA,ID_MAS_GRUPO_TRABAJO_SECRETARIA_COMUN) values (12,'ForsecurityDiscDoce','ForsecurityDiscDoce@perbogota.gov.co',null,null,null,null,null,null,'Dayanni','DiscDoce',414,'1','1',0,0,null,null,null);
Insert into USERS (ID,NAME,EMAIL,EMAIL_VERIFIED_AT,PASSWORD,REMEMBER_TOKEN,CREATED_AT,UPDATED_AT,OBJECTGUID,NOMBRE,APELLIDO,ID_DEPENDENCIA,ESTADO,REPARTO_HABILITADO,NUMERO_CASOS,NIVELACION,FIRMA_MECANICA,PASSWORD_FIRMA_MECANICA,ID_MAS_GRUPO_TRABAJO_SECRETARIA_COMUN) values (13,'ForsecurityDiscTrec','ForsecurityDiscTrec@perbogota.gov.co',null,null,null,null,null,null,'Nancy','DiscTrec',414,'1','1',0,0,null,null,null);
Insert into USERS (ID,NAME,EMAIL,EMAIL_VERIFIED_AT,PASSWORD,REMEMBER_TOKEN,CREATED_AT,UPDATED_AT,OBJECTGUID,NOMBRE,APELLIDO,ID_DEPENDENCIA,ESTADO,REPARTO_HABILITADO,NUMERO_CASOS,NIVELACION,FIRMA_MECANICA,PASSWORD_FIRMA_MECANICA,ID_MAS_GRUPO_TRABAJO_SECRETARIA_COMUN) values (14,'ForsecurityDiscCato','ForsecurityDiscCato@perbogota.gov.co',null,null,null,null,null,null,'Johanna','DiscCato',414,'1','1',0,0,null,null,null);
Insert into USERS (ID,NAME,EMAIL,EMAIL_VERIFIED_AT,PASSWORD,REMEMBER_TOKEN,CREATED_AT,UPDATED_AT,OBJECTGUID,NOMBRE,APELLIDO,ID_DEPENDENCIA,ESTADO,REPARTO_HABILITADO,NUMERO_CASOS,NIVELACION,FIRMA_MECANICA,PASSWORD_FIRMA_MECANICA,ID_MAS_GRUPO_TRABAJO_SECRETARIA_COMUN) values (15,'ForsecurityDiscQuin','ForsecurityDiscQuin@perbogota.gov.co',null,null,null,null,null,null,'Diego','DiscQuin',415,'1','1',0,0,null,null,null);
Insert into USERS (ID,NAME,EMAIL,EMAIL_VERIFIED_AT,PASSWORD,REMEMBER_TOKEN,CREATED_AT,UPDATED_AT,OBJECTGUID,NOMBRE,APELLIDO,ID_DEPENDENCIA,ESTADO,REPARTO_HABILITADO,NUMERO_CASOS,NIVELACION,FIRMA_MECANICA,PASSWORD_FIRMA_MECANICA,ID_MAS_GRUPO_TRABAJO_SECRETARIA_COMUN) values (16,'ForsecurityDiscDsei','ForsecurityDiscDsei@perbogota.gov.co',null,null,null,null,null,null,'Mario','DiscDsei',415,'1','1',0,0,null,null,null);
Insert into USERS (ID,NAME,EMAIL,EMAIL_VERIFIED_AT,PASSWORD,REMEMBER_TOKEN,CREATED_AT,UPDATED_AT,OBJECTGUID,NOMBRE,APELLIDO,ID_DEPENDENCIA,ESTADO,REPARTO_HABILITADO,NUMERO_CASOS,NIVELACION,FIRMA_MECANICA,PASSWORD_FIRMA_MECANICA,ID_MAS_GRUPO_TRABAJO_SECRETARIA_COMUN) values (17,'ForsecurityDiscDsie','ForsecurityDiscDsie@perbogota.gov.co',null,null,null,null,null,null,'Juliana','DiscDsie',413,'1','1',0,0,null,null,null);
Insert into USERS (ID,NAME,EMAIL,EMAIL_VERIFIED_AT,PASSWORD,REMEMBER_TOKEN,CREATED_AT,UPDATED_AT,OBJECTGUID,NOMBRE,APELLIDO,ID_DEPENDENCIA,ESTADO,REPARTO_HABILITADO,NUMERO_CASOS,NIVELACION,FIRMA_MECANICA,PASSWORD_FIRMA_MECANICA,ID_MAS_GRUPO_TRABAJO_SECRETARIA_COMUN) values (18,'ForsecurityDiscDoch','ForsecurityDiscDoch@perbogota.gov.co',null,'$2y$10$d8UO62y8cNh6mz1bI1fCQOXKJ/0kTK0932CnZ9SuBnMFHpsnmAsxS',null,null,null,'b58e6fbe-e62d-4253-966a-9273d3693c59','Julieth','DiscDoch',416,'1','1',0,0,null,null,null);
Insert into USERS (ID,NAME,EMAIL,EMAIL_VERIFIED_AT,PASSWORD,REMEMBER_TOKEN,CREATED_AT,UPDATED_AT,OBJECTGUID,NOMBRE,APELLIDO,ID_DEPENDENCIA,ESTADO,REPARTO_HABILITADO,NUMERO_CASOS,NIVELACION,FIRMA_MECANICA,PASSWORD_FIRMA_MECANICA,ID_MAS_GRUPO_TRABAJO_SECRETARIA_COMUN) values (19,'ForsecurityDiscDnue','ForsecurityDiscDnue@perbogota.gov.co',null,'$2y$10$iYb4pE1BVgNt2GxaeXHz6uan7m1N9exDj47WjPPF9f4Igg.Su/hzG',null,null,null,'406ed265-f9fa-4787-80f6-3f5958077869','Jorge','DiscDnue',417,'1','1',0,0,null,null,null);
Insert into USERS (ID,NAME,EMAIL,EMAIL_VERIFIED_AT,PASSWORD,REMEMBER_TOKEN,CREATED_AT,UPDATED_AT,OBJECTGUID,NOMBRE,APELLIDO,ID_DEPENDENCIA,ESTADO,REPARTO_HABILITADO,NUMERO_CASOS,NIVELACION,FIRMA_MECANICA,PASSWORD_FIRMA_MECANICA,ID_MAS_GRUPO_TRABAJO_SECRETARIA_COMUN) values (20,'ForsecurityDiscVein','ForsecurityDiscVein@perbogota.gov.co',null,null,null,null,null,null,'Jairo','DiscVein',417,'1','1',0,0,null,null,null);
Insert into USERS (ID,NAME,EMAIL,EMAIL_VERIFIED_AT,PASSWORD,REMEMBER_TOKEN,CREATED_AT,UPDATED_AT,OBJECTGUID,NOMBRE,APELLIDO,ID_DEPENDENCIA,ESTADO,REPARTO_HABILITADO,NUMERO_CASOS,NIVELACION,FIRMA_MECANICA,PASSWORD_FIRMA_MECANICA,ID_MAS_GRUPO_TRABAJO_SECRETARIA_COMUN) values (1,'ForsecurityDiscUno','ForsecurityDiscUno@perbogota.gov.co',null,'$2y$10$rc7EN5j1IYKsywJGn7T2Bu57wikb05dLPwhOwulTfy8MWsii1gf2C',null,null,null,'976c19a3-f186-4b23-9ebb-88985e61c6fc','Diego','DiscUno',412,'1','1',0,0,null,null,null);
Insert into USERS (ID,NAME,EMAIL,EMAIL_VERIFIED_AT,PASSWORD,REMEMBER_TOKEN,CREATED_AT,UPDATED_AT,OBJECTGUID,NOMBRE,APELLIDO,ID_DEPENDENCIA,ESTADO,REPARTO_HABILITADO,NUMERO_CASOS,NIVELACION,FIRMA_MECANICA,PASSWORD_FIRMA_MECANICA,ID_MAS_GRUPO_TRABAJO_SECRETARIA_COMUN) values (2,'ForsecurityDiscTres','ForsecurityDiscTres@perbogota.gov.co',null,'$2y$10$1qz/Ctf.znk2.vzYvNw8IeFRHv9NPHVSYKwyDbAH8UBZFolKLrwQe',null,null,null,'006c4ed5-2077-42c0-90a8-447a5d275196','Patricia','DiscTres',413,'1','0',1,0,null,null,null);
Insert into USERS (ID,NAME,EMAIL,EMAIL_VERIFIED_AT,PASSWORD,REMEMBER_TOKEN,CREATED_AT,UPDATED_AT,OBJECTGUID,NOMBRE,APELLIDO,ID_DEPENDENCIA,ESTADO,REPARTO_HABILITADO,NUMERO_CASOS,NIVELACION,FIRMA_MECANICA,PASSWORD_FIRMA_MECANICA,ID_MAS_GRUPO_TRABAJO_SECRETARIA_COMUN) values (3,'ForsecurityDiscDos','ForsecurityDiscDos@perbogota.gov.co',null,'$2y$10$TRZkL6okWEtiY.boKakokeGpqk51F2b9h6IkIkPgF6L8In/n/I0e6',null,null,null,'0243e9c2-90e2-4818-bee3-3b1ef5a1fa3a','Gabriela','DiscDos',418,'1','1',0,0,null,null,null);

COMMIT;

Insert into USERS_ROLES (USER_ID,ROLE_ID,CREATED_USER,UPDATED_USER,DELETED_USER,CREATED_AT,UPDATED_AT) values (14,3,null,null,null,null,null);
Insert into USERS_ROLES (USER_ID,ROLE_ID,CREATED_USER,UPDATED_USER,DELETED_USER,CREATED_AT,UPDATED_AT) values (10,3,null,null,null,null,null);
Insert into USERS_ROLES (USER_ID,ROLE_ID,CREATED_USER,UPDATED_USER,DELETED_USER,CREATED_AT,UPDATED_AT) values (10,6,null,null,null,null,null);
Insert into USERS_ROLES (USER_ID,ROLE_ID,CREATED_USER,UPDATED_USER,DELETED_USER,CREATED_AT,UPDATED_AT) values (12,5,null,null,null,null,null);
Insert into USERS_ROLES (USER_ID,ROLE_ID,CREATED_USER,UPDATED_USER,DELETED_USER,CREATED_AT,UPDATED_AT) values (12,3,null,null,null,null,null);
Insert into USERS_ROLES (USER_ID,ROLE_ID,CREATED_USER,UPDATED_USER,DELETED_USER,CREATED_AT,UPDATED_AT) values (18,5,null,null,null,null,null);
Insert into USERS_ROLES (USER_ID,ROLE_ID,CREATED_USER,UPDATED_USER,DELETED_USER,CREATED_AT,UPDATED_AT) values (18,3,null,null,null,null,null);
Insert into USERS_ROLES (USER_ID,ROLE_ID,CREATED_USER,UPDATED_USER,DELETED_USER,CREATED_AT,UPDATED_AT) values (5,1,null,null,null,null,null);
Insert into USERS_ROLES (USER_ID,ROLE_ID,CREATED_USER,UPDATED_USER,DELETED_USER,CREATED_AT,UPDATED_AT) values (5,3,null,null,null,null,null);
Insert into USERS_ROLES (USER_ID,ROLE_ID,CREATED_USER,UPDATED_USER,DELETED_USER,CREATED_AT,UPDATED_AT) values (5,5,null,null,null,null,null);
Insert into USERS_ROLES (USER_ID,ROLE_ID,CREATED_USER,UPDATED_USER,DELETED_USER,CREATED_AT,UPDATED_AT) values (5,7,null,null,null,null,null);
Insert into USERS_ROLES (USER_ID,ROLE_ID,CREATED_USER,UPDATED_USER,DELETED_USER,CREATED_AT,UPDATED_AT) values (15,5,null,null,null,null,null);
Insert into USERS_ROLES (USER_ID,ROLE_ID,CREATED_USER,UPDATED_USER,DELETED_USER,CREATED_AT,UPDATED_AT) values (15,3,null,null,null,null,null);
Insert into USERS_ROLES (USER_ID,ROLE_ID,CREATED_USER,UPDATED_USER,DELETED_USER,CREATED_AT,UPDATED_AT) values (19,5,null,null,null,null,null);
Insert into USERS_ROLES (USER_ID,ROLE_ID,CREATED_USER,UPDATED_USER,DELETED_USER,CREATED_AT,UPDATED_AT) values (19,3,null,null,null,null,null);
Insert into USERS_ROLES (USER_ID,ROLE_ID,CREATED_USER,UPDATED_USER,DELETED_USER,CREATED_AT,UPDATED_AT) values (17,5,null,null,null,null,null);
Insert into USERS_ROLES (USER_ID,ROLE_ID,CREATED_USER,UPDATED_USER,DELETED_USER,CREATED_AT,UPDATED_AT) values (17,7,null,null,null,null,null);
Insert into USERS_ROLES (USER_ID,ROLE_ID,CREATED_USER,UPDATED_USER,DELETED_USER,CREATED_AT,UPDATED_AT) values (17,3,null,null,null,null,null);
Insert into USERS_ROLES (USER_ID,ROLE_ID,CREATED_USER,UPDATED_USER,DELETED_USER,CREATED_AT,UPDATED_AT) values (9,4,null,null,null,null,null);
Insert into USERS_ROLES (USER_ID,ROLE_ID,CREATED_USER,UPDATED_USER,DELETED_USER,CREATED_AT,UPDATED_AT) values (8,5,null,null,null,null,null);
Insert into USERS_ROLES (USER_ID,ROLE_ID,CREATED_USER,UPDATED_USER,DELETED_USER,CREATED_AT,UPDATED_AT) values (8,3,null,null,null,null,null);
Insert into USERS_ROLES (USER_ID,ROLE_ID,CREATED_USER,UPDATED_USER,DELETED_USER,CREATED_AT,UPDATED_AT) values (6,3,null,null,null,null,null);
Insert into USERS_ROLES (USER_ID,ROLE_ID,CREATED_USER,UPDATED_USER,DELETED_USER,CREATED_AT,UPDATED_AT) values (3,3,null,null,null,null,null);
Insert into USERS_ROLES (USER_ID,ROLE_ID,CREATED_USER,UPDATED_USER,DELETED_USER,CREATED_AT,UPDATED_AT) values (1,1,null,null,null,null,null);
Insert into USERS_ROLES (USER_ID,ROLE_ID,CREATED_USER,UPDATED_USER,DELETED_USER,CREATED_AT,UPDATED_AT) values (1,5,null,null,null,null,null);
Insert into USERS_ROLES (USER_ID,ROLE_ID,CREATED_USER,UPDATED_USER,DELETED_USER,CREATED_AT,UPDATED_AT) values (20,3,null,null,null,null,null);
Insert into USERS_ROLES (USER_ID,ROLE_ID,CREATED_USER,UPDATED_USER,DELETED_USER,CREATED_AT,UPDATED_AT) values (4,3,null,null,null,null,null);
Insert into USERS_ROLES (USER_ID,ROLE_ID,CREATED_USER,UPDATED_USER,DELETED_USER,CREATED_AT,UPDATED_AT) values (2,4,null,null,null,null,null);
Insert into USERS_ROLES (USER_ID,ROLE_ID,CREATED_USER,UPDATED_USER,DELETED_USER,CREATED_AT,UPDATED_AT) values (7,3,null,null,null,null,null);
Insert into USERS_ROLES (USER_ID,ROLE_ID,CREATED_USER,UPDATED_USER,DELETED_USER,CREATED_AT,UPDATED_AT) values (11,3,null,null,null,null,null);
Insert into USERS_ROLES (USER_ID,ROLE_ID,CREATED_USER,UPDATED_USER,DELETED_USER,CREATED_AT,UPDATED_AT) values (16,3,null,null,null,null,null);
Insert into USERS_ROLES (USER_ID,ROLE_ID,CREATED_USER,UPDATED_USER,DELETED_USER,CREATED_AT,UPDATED_AT) values (13,3,null,null,null,null,null);
Insert into USERS_ROLES (USER_ID,ROLE_ID,CREATED_USER,UPDATED_USER,DELETED_USER,CREATED_AT,UPDATED_AT) values (13,1,null,null,null,null,null);
COMMIT;


Insert into USERS_TIPO_EXPEDIENTE (USER_ID,TIPO_EXPEDIENTE_ID,SUB_TIPO_EXPEDIENTE_ID,CREATED_USER,UPDATED_USER,DELETED_USER,CREATED_AT,UPDATED_AT) values (15,3,1,null,null,null,null,null);
Insert into USERS_TIPO_EXPEDIENTE (USER_ID,TIPO_EXPEDIENTE_ID,SUB_TIPO_EXPEDIENTE_ID,CREATED_USER,UPDATED_USER,DELETED_USER,CREATED_AT,UPDATED_AT) values (3,3,2,null,null,null,null,null);
Insert into USERS_TIPO_EXPEDIENTE (USER_ID,TIPO_EXPEDIENTE_ID,SUB_TIPO_EXPEDIENTE_ID,CREATED_USER,UPDATED_USER,DELETED_USER,CREATED_AT,UPDATED_AT) values (20,3,1,null,null,null,null,null);
Insert into USERS_TIPO_EXPEDIENTE (USER_ID,TIPO_EXPEDIENTE_ID,SUB_TIPO_EXPEDIENTE_ID,CREATED_USER,UPDATED_USER,DELETED_USER,CREATED_AT,UPDATED_AT) values (14,3,1,null,null,null,null,null);
Insert into USERS_TIPO_EXPEDIENTE (USER_ID,TIPO_EXPEDIENTE_ID,SUB_TIPO_EXPEDIENTE_ID,CREATED_USER,UPDATED_USER,DELETED_USER,CREATED_AT,UPDATED_AT) values (1,3,1,null,null,null,null,null);
Insert into USERS_TIPO_EXPEDIENTE (USER_ID,TIPO_EXPEDIENTE_ID,SUB_TIPO_EXPEDIENTE_ID,CREATED_USER,UPDATED_USER,DELETED_USER,CREATED_AT,UPDATED_AT) values (5,1,1,null,null,null,null,null);
Insert into USERS_TIPO_EXPEDIENTE (USER_ID,TIPO_EXPEDIENTE_ID,SUB_TIPO_EXPEDIENTE_ID,CREATED_USER,UPDATED_USER,DELETED_USER,CREATED_AT,UPDATED_AT) values (5,2,1,null,null,null,null,null);
Insert into USERS_TIPO_EXPEDIENTE (USER_ID,TIPO_EXPEDIENTE_ID,SUB_TIPO_EXPEDIENTE_ID,CREATED_USER,UPDATED_USER,DELETED_USER,CREATED_AT,UPDATED_AT) values (5,3,2,null,null,null,null,null);
Insert into USERS_TIPO_EXPEDIENTE (USER_ID,TIPO_EXPEDIENTE_ID,SUB_TIPO_EXPEDIENTE_ID,CREATED_USER,UPDATED_USER,DELETED_USER,CREATED_AT,UPDATED_AT) values (2,1,1,null,null,null,null,null);
Insert into USERS_TIPO_EXPEDIENTE (USER_ID,TIPO_EXPEDIENTE_ID,SUB_TIPO_EXPEDIENTE_ID,CREATED_USER,UPDATED_USER,DELETED_USER,CREATED_AT,UPDATED_AT) values (2,1,2,null,null,null,null,null);
Insert into USERS_TIPO_EXPEDIENTE (USER_ID,TIPO_EXPEDIENTE_ID,SUB_TIPO_EXPEDIENTE_ID,CREATED_USER,UPDATED_USER,DELETED_USER,CREATED_AT,UPDATED_AT) values (2,1,3,null,null,null,null,null);
Insert into USERS_TIPO_EXPEDIENTE (USER_ID,TIPO_EXPEDIENTE_ID,SUB_TIPO_EXPEDIENTE_ID,CREATED_USER,UPDATED_USER,DELETED_USER,CREATED_AT,UPDATED_AT) values (2,3,1,null,null,null,null,null);
Insert into USERS_TIPO_EXPEDIENTE (USER_ID,TIPO_EXPEDIENTE_ID,SUB_TIPO_EXPEDIENTE_ID,CREATED_USER,UPDATED_USER,DELETED_USER,CREATED_AT,UPDATED_AT) values (2,4,1,null,null,null,null,null);
Insert into USERS_TIPO_EXPEDIENTE (USER_ID,TIPO_EXPEDIENTE_ID,SUB_TIPO_EXPEDIENTE_ID,CREATED_USER,UPDATED_USER,DELETED_USER,CREATED_AT,UPDATED_AT) values (2,4,2,null,null,null,null,null);
Insert into USERS_TIPO_EXPEDIENTE (USER_ID,TIPO_EXPEDIENTE_ID,SUB_TIPO_EXPEDIENTE_ID,CREATED_USER,UPDATED_USER,DELETED_USER,CREATED_AT,UPDATED_AT) values (7,3,1,null,null,null,null,null);
Insert into USERS_TIPO_EXPEDIENTE (USER_ID,TIPO_EXPEDIENTE_ID,SUB_TIPO_EXPEDIENTE_ID,CREATED_USER,UPDATED_USER,DELETED_USER,CREATED_AT,UPDATED_AT) values (7,1,1,null,null,null,null,null);
Insert into USERS_TIPO_EXPEDIENTE (USER_ID,TIPO_EXPEDIENTE_ID,SUB_TIPO_EXPEDIENTE_ID,CREATED_USER,UPDATED_USER,DELETED_USER,CREATED_AT,UPDATED_AT) values (7,1,2,null,null,null,null,null);
Insert into USERS_TIPO_EXPEDIENTE (USER_ID,TIPO_EXPEDIENTE_ID,SUB_TIPO_EXPEDIENTE_ID,CREATED_USER,UPDATED_USER,DELETED_USER,CREATED_AT,UPDATED_AT) values (7,1,3,null,null,null,null,null);
Insert into USERS_TIPO_EXPEDIENTE (USER_ID,TIPO_EXPEDIENTE_ID,SUB_TIPO_EXPEDIENTE_ID,CREATED_USER,UPDATED_USER,DELETED_USER,CREATED_AT,UPDATED_AT) values (9,1,1,null,null,null,null,null);
Insert into USERS_TIPO_EXPEDIENTE (USER_ID,TIPO_EXPEDIENTE_ID,SUB_TIPO_EXPEDIENTE_ID,CREATED_USER,UPDATED_USER,DELETED_USER,CREATED_AT,UPDATED_AT) values (9,1,2,null,null,null,null,null);
Insert into USERS_TIPO_EXPEDIENTE (USER_ID,TIPO_EXPEDIENTE_ID,SUB_TIPO_EXPEDIENTE_ID,CREATED_USER,UPDATED_USER,DELETED_USER,CREATED_AT,UPDATED_AT) values (9,1,3,null,null,null,null,null);
Insert into USERS_TIPO_EXPEDIENTE (USER_ID,TIPO_EXPEDIENTE_ID,SUB_TIPO_EXPEDIENTE_ID,CREATED_USER,UPDATED_USER,DELETED_USER,CREATED_AT,UPDATED_AT) values (9,3,1,null,null,null,null,null);
Insert into USERS_TIPO_EXPEDIENTE (USER_ID,TIPO_EXPEDIENTE_ID,SUB_TIPO_EXPEDIENTE_ID,CREATED_USER,UPDATED_USER,DELETED_USER,CREATED_AT,UPDATED_AT) values (9,4,1,null,null,null,null,null);
Insert into USERS_TIPO_EXPEDIENTE (USER_ID,TIPO_EXPEDIENTE_ID,SUB_TIPO_EXPEDIENTE_ID,CREATED_USER,UPDATED_USER,DELETED_USER,CREATED_AT,UPDATED_AT) values (9,4,2,null,null,null,null,null);
Insert into USERS_TIPO_EXPEDIENTE (USER_ID,TIPO_EXPEDIENTE_ID,SUB_TIPO_EXPEDIENTE_ID,CREATED_USER,UPDATED_USER,DELETED_USER,CREATED_AT,UPDATED_AT) values (4,1,1,null,null,null,null,null);
Insert into USERS_TIPO_EXPEDIENTE (USER_ID,TIPO_EXPEDIENTE_ID,SUB_TIPO_EXPEDIENTE_ID,CREATED_USER,UPDATED_USER,DELETED_USER,CREATED_AT,UPDATED_AT) values (4,1,2,null,null,null,null,null);
Insert into USERS_TIPO_EXPEDIENTE (USER_ID,TIPO_EXPEDIENTE_ID,SUB_TIPO_EXPEDIENTE_ID,CREATED_USER,UPDATED_USER,DELETED_USER,CREATED_AT,UPDATED_AT) values (4,1,3,null,null,null,null,null);
Insert into USERS_TIPO_EXPEDIENTE (USER_ID,TIPO_EXPEDIENTE_ID,SUB_TIPO_EXPEDIENTE_ID,CREATED_USER,UPDATED_USER,DELETED_USER,CREATED_AT,UPDATED_AT) values (10,1,1,null,null,null,null,null);
Insert into USERS_TIPO_EXPEDIENTE (USER_ID,TIPO_EXPEDIENTE_ID,SUB_TIPO_EXPEDIENTE_ID,CREATED_USER,UPDATED_USER,DELETED_USER,CREATED_AT,UPDATED_AT) values (10,3,1,null,null,null,null,null);
Insert into USERS_TIPO_EXPEDIENTE (USER_ID,TIPO_EXPEDIENTE_ID,SUB_TIPO_EXPEDIENTE_ID,CREATED_USER,UPDATED_USER,DELETED_USER,CREATED_AT,UPDATED_AT) values (10,2,1,null,null,null,null,null);
Insert into USERS_TIPO_EXPEDIENTE (USER_ID,TIPO_EXPEDIENTE_ID,SUB_TIPO_EXPEDIENTE_ID,CREATED_USER,UPDATED_USER,DELETED_USER,CREATED_AT,UPDATED_AT) values (10,4,1,null,null,null,null,null);
Insert into USERS_TIPO_EXPEDIENTE (USER_ID,TIPO_EXPEDIENTE_ID,SUB_TIPO_EXPEDIENTE_ID,CREATED_USER,UPDATED_USER,DELETED_USER,CREATED_AT,UPDATED_AT) values (19,3,1,null,null,null,null,null);
Insert into USERS_TIPO_EXPEDIENTE (USER_ID,TIPO_EXPEDIENTE_ID,SUB_TIPO_EXPEDIENTE_ID,CREATED_USER,UPDATED_USER,DELETED_USER,CREATED_AT,UPDATED_AT) values (11,3,1,null,null,null,null,null);
Insert into USERS_TIPO_EXPEDIENTE (USER_ID,TIPO_EXPEDIENTE_ID,SUB_TIPO_EXPEDIENTE_ID,CREATED_USER,UPDATED_USER,DELETED_USER,CREATED_AT,UPDATED_AT) values (11,4,1,null,null,null,null,null);
Insert into USERS_TIPO_EXPEDIENTE (USER_ID,TIPO_EXPEDIENTE_ID,SUB_TIPO_EXPEDIENTE_ID,CREATED_USER,UPDATED_USER,DELETED_USER,CREATED_AT,UPDATED_AT) values (11,4,2,null,null,null,null,null);
Insert into USERS_TIPO_EXPEDIENTE (USER_ID,TIPO_EXPEDIENTE_ID,SUB_TIPO_EXPEDIENTE_ID,CREATED_USER,UPDATED_USER,DELETED_USER,CREATED_AT,UPDATED_AT) values (17,1,1,null,null,null,null,null);
Insert into USERS_TIPO_EXPEDIENTE (USER_ID,TIPO_EXPEDIENTE_ID,SUB_TIPO_EXPEDIENTE_ID,CREATED_USER,UPDATED_USER,DELETED_USER,CREATED_AT,UPDATED_AT) values (17,1,2,null,null,null,null,null);
Insert into USERS_TIPO_EXPEDIENTE (USER_ID,TIPO_EXPEDIENTE_ID,SUB_TIPO_EXPEDIENTE_ID,CREATED_USER,UPDATED_USER,DELETED_USER,CREATED_AT,UPDATED_AT) values (17,1,3,null,null,null,null,null);
Insert into USERS_TIPO_EXPEDIENTE (USER_ID,TIPO_EXPEDIENTE_ID,SUB_TIPO_EXPEDIENTE_ID,CREATED_USER,UPDATED_USER,DELETED_USER,CREATED_AT,UPDATED_AT) values (17,3,1,null,null,null,null,null);
Insert into USERS_TIPO_EXPEDIENTE (USER_ID,TIPO_EXPEDIENTE_ID,SUB_TIPO_EXPEDIENTE_ID,CREATED_USER,UPDATED_USER,DELETED_USER,CREATED_AT,UPDATED_AT) values (17,4,1,null,null,null,null,null);
Insert into USERS_TIPO_EXPEDIENTE (USER_ID,TIPO_EXPEDIENTE_ID,SUB_TIPO_EXPEDIENTE_ID,CREATED_USER,UPDATED_USER,DELETED_USER,CREATED_AT,UPDATED_AT) values (17,4,2,null,null,null,null,null);
Insert into USERS_TIPO_EXPEDIENTE (USER_ID,TIPO_EXPEDIENTE_ID,SUB_TIPO_EXPEDIENTE_ID,CREATED_USER,UPDATED_USER,DELETED_USER,CREATED_AT,UPDATED_AT) values (18,3,1,null,null,null,null,null);
Insert into USERS_TIPO_EXPEDIENTE (USER_ID,TIPO_EXPEDIENTE_ID,SUB_TIPO_EXPEDIENTE_ID,CREATED_USER,UPDATED_USER,DELETED_USER,CREATED_AT,UPDATED_AT) values (8,3,2,null,null,null, null,null);
Insert into USERS_TIPO_EXPEDIENTE (USER_ID,TIPO_EXPEDIENTE_ID,SUB_TIPO_EXPEDIENTE_ID,CREATED_USER,UPDATED_USER,DELETED_USER,CREATED_AT,UPDATED_AT) values (16,3,1,null,null,null,null,null);
Insert into USERS_TIPO_EXPEDIENTE (USER_ID,TIPO_EXPEDIENTE_ID,SUB_TIPO_EXPEDIENTE_ID,CREATED_USER,UPDATED_USER,DELETED_USER,CREATED_AT,UPDATED_AT) values (6,3,1,null,null,null, null,null);
Insert into USERS_TIPO_EXPEDIENTE (USER_ID,TIPO_EXPEDIENTE_ID,SUB_TIPO_EXPEDIENTE_ID,CREATED_USER,UPDATED_USER,DELETED_USER,CREATED_AT,UPDATED_AT) values (6,4,1,null,null,null, null,null);
Insert into USERS_TIPO_EXPEDIENTE (USER_ID,TIPO_EXPEDIENTE_ID,SUB_TIPO_EXPEDIENTE_ID,CREATED_USER,UPDATED_USER,DELETED_USER,CREATED_AT,UPDATED_AT) values (6,4,2,null,null,null, null,null);
Insert into USERS_TIPO_EXPEDIENTE (USER_ID,TIPO_EXPEDIENTE_ID,SUB_TIPO_EXPEDIENTE_ID,CREATED_USER,UPDATED_USER,DELETED_USER,CREATED_AT,UPDATED_AT) values (13,2,1,null,null,null,null,null);
Insert into USERS_TIPO_EXPEDIENTE (USER_ID,TIPO_EXPEDIENTE_ID,SUB_TIPO_EXPEDIENTE_ID,CREATED_USER,UPDATED_USER,DELETED_USER,CREATED_AT,UPDATED_AT) values (13,2,2,null,null,null,null,null);
Insert into USERS_TIPO_EXPEDIENTE (USER_ID,TIPO_EXPEDIENTE_ID,SUB_TIPO_EXPEDIENTE_ID,CREATED_USER,UPDATED_USER,DELETED_USER,CREATED_AT,UPDATED_AT) values (12,3,1,null,null,null,null,null);
COMMIT;


Insert into FUNCIONALIDAD_ROL (FUNCIONALIDAD_ID,ROLE_ID,CREATED_USER,UPDATED_USER,DELETED_USER,CREATED_AT,UPDATED_AT) values (1,3,null,null,null,null,null);
Insert into FUNCIONALIDAD_ROL (FUNCIONALIDAD_ID,ROLE_ID,CREATED_USER,UPDATED_USER,DELETED_USER,CREATED_AT,UPDATED_AT) values (2,3,null,null,null,null,null);
Insert into FUNCIONALIDAD_ROL (FUNCIONALIDAD_ID,ROLE_ID,CREATED_USER,UPDATED_USER,DELETED_USER,CREATED_AT,UPDATED_AT) values (5,3,null,null,null,null,null);
Insert into FUNCIONALIDAD_ROL (FUNCIONALIDAD_ID,ROLE_ID,CREATED_USER,UPDATED_USER,DELETED_USER,CREATED_AT,UPDATED_AT) values (8,3,null,null,null,null,null);
Insert into FUNCIONALIDAD_ROL (FUNCIONALIDAD_ID,ROLE_ID,CREATED_USER,UPDATED_USER,DELETED_USER,CREATED_AT,UPDATED_AT) values (10,3,null,null,null,null,null);
Insert into FUNCIONALIDAD_ROL (FUNCIONALIDAD_ID,ROLE_ID,CREATED_USER,UPDATED_USER,DELETED_USER,CREATED_AT,UPDATED_AT) values (11,3,null,null,null,null,null);
Insert into FUNCIONALIDAD_ROL (FUNCIONALIDAD_ID,ROLE_ID,CREATED_USER,UPDATED_USER,DELETED_USER,CREATED_AT,UPDATED_AT) values (12,3,null,null,null,null,null);
Insert into FUNCIONALIDAD_ROL (FUNCIONALIDAD_ID,ROLE_ID,CREATED_USER,UPDATED_USER,DELETED_USER,CREATED_AT,UPDATED_AT) values (15,3,null,null,null,null,null);
Insert into FUNCIONALIDAD_ROL (FUNCIONALIDAD_ID,ROLE_ID,CREATED_USER,UPDATED_USER,DELETED_USER,CREATED_AT,UPDATED_AT) values (18,3,null,null,null,null,null);
Insert into FUNCIONALIDAD_ROL (FUNCIONALIDAD_ID,ROLE_ID,CREATED_USER,UPDATED_USER,DELETED_USER,CREATED_AT,UPDATED_AT) values (19,3,null,null,null,null,null);
Insert into FUNCIONALIDAD_ROL (FUNCIONALIDAD_ID,ROLE_ID,CREATED_USER,UPDATED_USER,DELETED_USER,CREATED_AT,UPDATED_AT) values (20,3,null,null,null,null,null);
Insert into FUNCIONALIDAD_ROL (FUNCIONALIDAD_ID,ROLE_ID,CREATED_USER,UPDATED_USER,DELETED_USER,CREATED_AT,UPDATED_AT) values (21,3,null,null,null,null,null);
Insert into FUNCIONALIDAD_ROL (FUNCIONALIDAD_ID,ROLE_ID,CREATED_USER,UPDATED_USER,DELETED_USER,CREATED_AT,UPDATED_AT) values (22,3,null,null,null,null,null);
Insert into FUNCIONALIDAD_ROL (FUNCIONALIDAD_ID,ROLE_ID,CREATED_USER,UPDATED_USER,DELETED_USER,CREATED_AT,UPDATED_AT) values (24,3,null,null,null,null,null);
Insert into FUNCIONALIDAD_ROL (FUNCIONALIDAD_ID,ROLE_ID,CREATED_USER,UPDATED_USER,DELETED_USER,CREATED_AT,UPDATED_AT) values (33,3,null,null,null,null,null);
Insert into FUNCIONALIDAD_ROL (FUNCIONALIDAD_ID,ROLE_ID,CREATED_USER,UPDATED_USER,DELETED_USER,CREATED_AT,UPDATED_AT) values (34,3,null,null,null,null,null);
Insert into FUNCIONALIDAD_ROL (FUNCIONALIDAD_ID,ROLE_ID,CREATED_USER,UPDATED_USER,DELETED_USER,CREATED_AT,UPDATED_AT) values (37,3,null,null,null,null,null);
Insert into FUNCIONALIDAD_ROL (FUNCIONALIDAD_ID,ROLE_ID,CREATED_USER,UPDATED_USER,DELETED_USER,CREATED_AT,UPDATED_AT) values (38,3,null,null,null,null,null);
Insert into FUNCIONALIDAD_ROL (FUNCIONALIDAD_ID,ROLE_ID,CREATED_USER,UPDATED_USER,DELETED_USER,CREATED_AT,UPDATED_AT) values (39,3,null,null,null,null,null);
Insert into FUNCIONALIDAD_ROL (FUNCIONALIDAD_ID,ROLE_ID,CREATED_USER,UPDATED_USER,DELETED_USER,CREATED_AT,UPDATED_AT) values (57,3,null,null,null,null,null);
Insert into FUNCIONALIDAD_ROL (FUNCIONALIDAD_ID,ROLE_ID,CREATED_USER,UPDATED_USER,DELETED_USER,CREATED_AT,UPDATED_AT) values (59,3,null,null,null,null,null);
Insert into FUNCIONALIDAD_ROL (FUNCIONALIDAD_ID,ROLE_ID,CREATED_USER,UPDATED_USER,DELETED_USER,CREATED_AT,UPDATED_AT) values (58,3,null,null,null,null,null);
Insert into FUNCIONALIDAD_ROL (FUNCIONALIDAD_ID,ROLE_ID,CREATED_USER,UPDATED_USER,DELETED_USER,CREATED_AT,UPDATED_AT) values (58,1,null,null,null,null,null);
Insert into FUNCIONALIDAD_ROL (FUNCIONALIDAD_ID,ROLE_ID,CREATED_USER,UPDATED_USER,DELETED_USER,CREATED_AT,UPDATED_AT) values (2,1,null,null,null,null,null);
Insert into FUNCIONALIDAD_ROL (FUNCIONALIDAD_ID,ROLE_ID,CREATED_USER,UPDATED_USER,DELETED_USER,CREATED_AT,UPDATED_AT) values (3,1,null,null,null,null,null);
Insert into FUNCIONALIDAD_ROL (FUNCIONALIDAD_ID,ROLE_ID,CREATED_USER,UPDATED_USER,DELETED_USER,CREATED_AT,UPDATED_AT) values (4,1,null,null,null,null,null);
Insert into FUNCIONALIDAD_ROL (FUNCIONALIDAD_ID,ROLE_ID,CREATED_USER,UPDATED_USER,DELETED_USER,CREATED_AT,UPDATED_AT) values (5,1,null,null,null,null,null);
Insert into FUNCIONALIDAD_ROL (FUNCIONALIDAD_ID,ROLE_ID,CREATED_USER,UPDATED_USER,DELETED_USER,CREATED_AT,UPDATED_AT) values (6,1,null,null,null,null,null);
Insert into FUNCIONALIDAD_ROL (FUNCIONALIDAD_ID,ROLE_ID,CREATED_USER,UPDATED_USER,DELETED_USER,CREATED_AT,UPDATED_AT) values (7,1,null,null,null,null,null);
Insert into FUNCIONALIDAD_ROL (FUNCIONALIDAD_ID,ROLE_ID,CREATED_USER,UPDATED_USER,DELETED_USER,CREATED_AT,UPDATED_AT) values (8,1,null,null,null,null,null);
Insert into FUNCIONALIDAD_ROL (FUNCIONALIDAD_ID,ROLE_ID,CREATED_USER,UPDATED_USER,DELETED_USER,CREATED_AT,UPDATED_AT) values (9,1,null,null,null,null,null);
Insert into FUNCIONALIDAD_ROL (FUNCIONALIDAD_ID,ROLE_ID,CREATED_USER,UPDATED_USER,DELETED_USER,CREATED_AT,UPDATED_AT) values (12,1,null,null,null,null,null);
Insert into FUNCIONALIDAD_ROL (FUNCIONALIDAD_ID,ROLE_ID,CREATED_USER,UPDATED_USER,DELETED_USER,CREATED_AT,UPDATED_AT) values (13,1,null,null,null,null,null);
Insert into FUNCIONALIDAD_ROL (FUNCIONALIDAD_ID,ROLE_ID,CREATED_USER,UPDATED_USER,DELETED_USER,CREATED_AT,UPDATED_AT) values (14,1,null,null,null,null,null);
Insert into FUNCIONALIDAD_ROL (FUNCIONALIDAD_ID,ROLE_ID,CREATED_USER,UPDATED_USER,DELETED_USER,CREATED_AT,UPDATED_AT) values (15,1,null,null,null,null,null);
Insert into FUNCIONALIDAD_ROL (FUNCIONALIDAD_ID,ROLE_ID,CREATED_USER,UPDATED_USER,DELETED_USER,CREATED_AT,UPDATED_AT) values (16,1,null,null,null,null,null);
Insert into FUNCIONALIDAD_ROL (FUNCIONALIDAD_ID,ROLE_ID,CREATED_USER,UPDATED_USER,DELETED_USER,CREATED_AT,UPDATED_AT) values (17,1,null,null,null,null,null);
Insert into FUNCIONALIDAD_ROL (FUNCIONALIDAD_ID,ROLE_ID,CREATED_USER,UPDATED_USER,DELETED_USER,CREATED_AT,UPDATED_AT) values (18,1,null,null,null,null,null);
Insert into FUNCIONALIDAD_ROL (FUNCIONALIDAD_ID,ROLE_ID,CREATED_USER,UPDATED_USER,DELETED_USER,CREATED_AT,UPDATED_AT) values (19,1,null,null,null,null,null);
Insert into FUNCIONALIDAD_ROL (FUNCIONALIDAD_ID,ROLE_ID,CREATED_USER,UPDATED_USER,DELETED_USER,CREATED_AT,UPDATED_AT) values (24,1,null,null,null,null,null);
Insert into FUNCIONALIDAD_ROL (FUNCIONALIDAD_ID,ROLE_ID,CREATED_USER,UPDATED_USER,DELETED_USER,CREATED_AT,UPDATED_AT) values (25,1,null,null,null,null,null);
Insert into FUNCIONALIDAD_ROL (FUNCIONALIDAD_ID,ROLE_ID,CREATED_USER,UPDATED_USER,DELETED_USER,CREATED_AT,UPDATED_AT) values (10,1,null,null,null,null,null);
Insert into FUNCIONALIDAD_ROL (FUNCIONALIDAD_ID,ROLE_ID,CREATED_USER,UPDATED_USER,DELETED_USER,CREATED_AT,UPDATED_AT) values (11,1,null,null,null,null,null);
Insert into FUNCIONALIDAD_ROL (FUNCIONALIDAD_ID,ROLE_ID,CREATED_USER,UPDATED_USER,DELETED_USER,CREATED_AT,UPDATED_AT) values (26,1,null,null,null,null,null);
Insert into FUNCIONALIDAD_ROL (FUNCIONALIDAD_ID,ROLE_ID,CREATED_USER,UPDATED_USER,DELETED_USER,CREATED_AT,UPDATED_AT) values (27,1,null,null,null,null,null);
Insert into FUNCIONALIDAD_ROL (FUNCIONALIDAD_ID,ROLE_ID,CREATED_USER,UPDATED_USER,DELETED_USER,CREATED_AT,UPDATED_AT) values (28,1,null,null,null,null,null);
Insert into FUNCIONALIDAD_ROL (FUNCIONALIDAD_ID,ROLE_ID,CREATED_USER,UPDATED_USER,DELETED_USER,CREATED_AT,UPDATED_AT) values (29,1,null,null,null,null,null);
Insert into FUNCIONALIDAD_ROL (FUNCIONALIDAD_ID,ROLE_ID,CREATED_USER,UPDATED_USER,DELETED_USER,CREATED_AT,UPDATED_AT) values (33,1,null,null,null,null,null);
Insert into FUNCIONALIDAD_ROL (FUNCIONALIDAD_ID,ROLE_ID,CREATED_USER,UPDATED_USER,DELETED_USER,CREATED_AT,UPDATED_AT) values (34,1,null,null,null,null,null);
Insert into FUNCIONALIDAD_ROL (FUNCIONALIDAD_ID,ROLE_ID,CREATED_USER,UPDATED_USER,DELETED_USER,CREATED_AT,UPDATED_AT) values (35,1,null,null,null,null,null);
Insert into FUNCIONALIDAD_ROL (FUNCIONALIDAD_ID,ROLE_ID,CREATED_USER,UPDATED_USER,DELETED_USER,CREATED_AT,UPDATED_AT) values (36,1,null,null,null,null,null);
Insert into FUNCIONALIDAD_ROL (FUNCIONALIDAD_ID,ROLE_ID,CREATED_USER,UPDATED_USER,DELETED_USER,CREATED_AT,UPDATED_AT) values (37,1,null,null,null,null,null);
Insert into FUNCIONALIDAD_ROL (FUNCIONALIDAD_ID,ROLE_ID,CREATED_USER,UPDATED_USER,DELETED_USER,CREATED_AT,UPDATED_AT) values (38,1,null,null,null,null,null);
Insert into FUNCIONALIDAD_ROL (FUNCIONALIDAD_ID,ROLE_ID,CREATED_USER,UPDATED_USER,DELETED_USER,CREATED_AT,UPDATED_AT) values (39,1,null,null,null,null,null);
Insert into FUNCIONALIDAD_ROL (FUNCIONALIDAD_ID,ROLE_ID,CREATED_USER,UPDATED_USER,DELETED_USER,CREATED_AT,UPDATED_AT) values (40,1,null,null,null,null,null);
Insert into FUNCIONALIDAD_ROL (FUNCIONALIDAD_ID,ROLE_ID,CREATED_USER,UPDATED_USER,DELETED_USER,CREATED_AT,UPDATED_AT) values (41,1,null,null,null,null,null);
Insert into FUNCIONALIDAD_ROL (FUNCIONALIDAD_ID,ROLE_ID,CREATED_USER,UPDATED_USER,DELETED_USER,CREATED_AT,UPDATED_AT) values (42,1,null,null,null,null,null);
Insert into FUNCIONALIDAD_ROL (FUNCIONALIDAD_ID,ROLE_ID,CREATED_USER,UPDATED_USER,DELETED_USER,CREATED_AT,UPDATED_AT) values (43,1,null,null,null,null,null);
Insert into FUNCIONALIDAD_ROL (FUNCIONALIDAD_ID,ROLE_ID,CREATED_USER,UPDATED_USER,DELETED_USER,CREATED_AT,UPDATED_AT) values (44,1,null,null,null,null,null);
Insert into FUNCIONALIDAD_ROL (FUNCIONALIDAD_ID,ROLE_ID,CREATED_USER,UPDATED_USER,DELETED_USER,CREATED_AT,UPDATED_AT) values (45,1,null,null,null,null,null);
Insert into FUNCIONALIDAD_ROL (FUNCIONALIDAD_ID,ROLE_ID,CREATED_USER,UPDATED_USER,DELETED_USER,CREATED_AT,UPDATED_AT) values (46,1,null,null,null,null,null);
Insert into FUNCIONALIDAD_ROL (FUNCIONALIDAD_ID,ROLE_ID,CREATED_USER,UPDATED_USER,DELETED_USER,CREATED_AT,UPDATED_AT) values (47,1,null,null,null,null,null);
Insert into FUNCIONALIDAD_ROL (FUNCIONALIDAD_ID,ROLE_ID,CREATED_USER,UPDATED_USER,DELETED_USER,CREATED_AT,UPDATED_AT) values (48,1,null,null,null,null,null);
Insert into FUNCIONALIDAD_ROL (FUNCIONALIDAD_ID,ROLE_ID,CREATED_USER,UPDATED_USER,DELETED_USER,CREATED_AT,UPDATED_AT) values (49,1,null,null,null,null,null);
Insert into FUNCIONALIDAD_ROL (FUNCIONALIDAD_ID,ROLE_ID,CREATED_USER,UPDATED_USER,DELETED_USER,CREATED_AT,UPDATED_AT) values (50,1,null,null,null,null,null);
Insert into FUNCIONALIDAD_ROL (FUNCIONALIDAD_ID,ROLE_ID,CREATED_USER,UPDATED_USER,DELETED_USER,CREATED_AT,UPDATED_AT) values (51,1,null,null,null,null,null);
Insert into FUNCIONALIDAD_ROL (FUNCIONALIDAD_ID,ROLE_ID,CREATED_USER,UPDATED_USER,DELETED_USER,CREATED_AT,UPDATED_AT) values (52,1,null,null,null,null,null);
Insert into FUNCIONALIDAD_ROL (FUNCIONALIDAD_ID,ROLE_ID,CREATED_USER,UPDATED_USER,DELETED_USER,CREATED_AT,UPDATED_AT) values (53,1,null,null,null,null,null);
Insert into FUNCIONALIDAD_ROL (FUNCIONALIDAD_ID,ROLE_ID,CREATED_USER,UPDATED_USER,DELETED_USER,CREATED_AT,UPDATED_AT) values (54,1,null,null,null,null,null);
Insert into FUNCIONALIDAD_ROL (FUNCIONALIDAD_ID,ROLE_ID,CREATED_USER,UPDATED_USER,DELETED_USER,CREATED_AT,UPDATED_AT) values (55,1,null,null,null,null,null);
Insert into FUNCIONALIDAD_ROL (FUNCIONALIDAD_ID,ROLE_ID,CREATED_USER,UPDATED_USER,DELETED_USER,CREATED_AT,UPDATED_AT) values (56,1,null,null,null,null,null);
Insert into FUNCIONALIDAD_ROL (FUNCIONALIDAD_ID,ROLE_ID,CREATED_USER,UPDATED_USER,DELETED_USER,CREATED_AT,UPDATED_AT) values (57,1,null,null,null,null,null);
Insert into FUNCIONALIDAD_ROL (FUNCIONALIDAD_ID,ROLE_ID,CREATED_USER,UPDATED_USER,DELETED_USER,CREATED_AT,UPDATED_AT) values (61,1,null,null,null,null,null);
Insert into FUNCIONALIDAD_ROL (FUNCIONALIDAD_ID,ROLE_ID,CREATED_USER,UPDATED_USER,DELETED_USER,CREATED_AT,UPDATED_AT) values (62,1,null,null,null,null,null);
Insert into FUNCIONALIDAD_ROL (FUNCIONALIDAD_ID,ROLE_ID,CREATED_USER,UPDATED_USER,DELETED_USER,CREATED_AT,UPDATED_AT) values (63,1,null,null,null,null,null);
Insert into FUNCIONALIDAD_ROL (FUNCIONALIDAD_ID,ROLE_ID,CREATED_USER,UPDATED_USER,DELETED_USER,CREATED_AT,UPDATED_AT) values (70,1,null,null,null,null,null);
Insert into FUNCIONALIDAD_ROL (FUNCIONALIDAD_ID,ROLE_ID,CREATED_USER,UPDATED_USER,DELETED_USER,CREATED_AT,UPDATED_AT) values (71,1,null,null,null,null,null);
Insert into FUNCIONALIDAD_ROL (FUNCIONALIDAD_ID,ROLE_ID,CREATED_USER,UPDATED_USER,DELETED_USER,CREATED_AT,UPDATED_AT) values (59,1,null,null,null,null,null);
Insert into FUNCIONALIDAD_ROL (FUNCIONALIDAD_ID,ROLE_ID,CREATED_USER,UPDATED_USER,DELETED_USER,CREATED_AT,UPDATED_AT) values (60,1,null,null,null,null,null);
Insert into FUNCIONALIDAD_ROL (FUNCIONALIDAD_ID,ROLE_ID,CREATED_USER,UPDATED_USER,DELETED_USER,CREATED_AT,UPDATED_AT) values (20,6,null,null,null,null,null);
Insert into FUNCIONALIDAD_ROL (FUNCIONALIDAD_ID,ROLE_ID,CREATED_USER,UPDATED_USER,DELETED_USER,CREATED_AT,UPDATED_AT) values (21,6,null,null,null,null,null);
Insert into FUNCIONALIDAD_ROL (FUNCIONALIDAD_ID,ROLE_ID,CREATED_USER,UPDATED_USER,DELETED_USER,CREATED_AT,UPDATED_AT) values (27,6,null,null,null,null,null);
Insert into FUNCIONALIDAD_ROL (FUNCIONALIDAD_ID,ROLE_ID,CREATED_USER,UPDATED_USER,DELETED_USER,CREATED_AT,UPDATED_AT) values (20,9,null,null,null,null,null);
Insert into FUNCIONALIDAD_ROL (FUNCIONALIDAD_ID,ROLE_ID,CREATED_USER,UPDATED_USER,DELETED_USER,CREATED_AT,UPDATED_AT) values (21,9,null,null,null,null,null);
Insert into FUNCIONALIDAD_ROL (FUNCIONALIDAD_ID,ROLE_ID,CREATED_USER,UPDATED_USER,DELETED_USER,CREATED_AT,UPDATED_AT) values (20,2,null,null,null,null,null);
Insert into FUNCIONALIDAD_ROL (FUNCIONALIDAD_ID,ROLE_ID,CREATED_USER,UPDATED_USER,DELETED_USER,CREATED_AT,UPDATED_AT) values (21,2,null,null,null,null,null);
Insert into FUNCIONALIDAD_ROL (FUNCIONALIDAD_ID,ROLE_ID,CREATED_USER,UPDATED_USER,DELETED_USER,CREATED_AT,UPDATED_AT) values (20,7,null,null,null,null,null);
Insert into FUNCIONALIDAD_ROL (FUNCIONALIDAD_ID,ROLE_ID,CREATED_USER,UPDATED_USER,DELETED_USER,CREATED_AT,UPDATED_AT) values (21,7,null,null,null,null,null);
Insert into FUNCIONALIDAD_ROL (FUNCIONALIDAD_ID,ROLE_ID,CREATED_USER,UPDATED_USER,DELETED_USER,CREATED_AT,UPDATED_AT) values (1,7,null,null,null,null,null);
Insert into FUNCIONALIDAD_ROL (FUNCIONALIDAD_ID,ROLE_ID,CREATED_USER,UPDATED_USER,DELETED_USER,CREATED_AT,UPDATED_AT) values (33,7,null,null,null,null,null);
Insert into FUNCIONALIDAD_ROL (FUNCIONALIDAD_ID,ROLE_ID,CREATED_USER,UPDATED_USER,DELETED_USER,CREATED_AT,UPDATED_AT) values (34,7,null,null,null,null,null);
Insert into FUNCIONALIDAD_ROL (FUNCIONALIDAD_ID,ROLE_ID,CREATED_USER,UPDATED_USER,DELETED_USER,CREATED_AT,UPDATED_AT) values (58,7,null,null,null,null,null);
Insert into FUNCIONALIDAD_ROL (FUNCIONALIDAD_ID,ROLE_ID,CREATED_USER,UPDATED_USER,DELETED_USER,CREATED_AT,UPDATED_AT) values (1,5,null,null,null,null,null);
Insert into FUNCIONALIDAD_ROL (FUNCIONALIDAD_ID,ROLE_ID,CREATED_USER,UPDATED_USER,DELETED_USER,CREATED_AT,UPDATED_AT) values (2,5,null,null,null,null,null);
Insert into FUNCIONALIDAD_ROL (FUNCIONALIDAD_ID,ROLE_ID,CREATED_USER,UPDATED_USER,DELETED_USER,CREATED_AT,UPDATED_AT) values (5,5,null,null,null,null,null);
Insert into FUNCIONALIDAD_ROL (FUNCIONALIDAD_ID,ROLE_ID,CREATED_USER,UPDATED_USER,DELETED_USER,CREATED_AT,UPDATED_AT) values (8,5,null,null,null,null,null);
Insert into FUNCIONALIDAD_ROL (FUNCIONALIDAD_ID,ROLE_ID,CREATED_USER,UPDATED_USER,DELETED_USER,CREATED_AT,UPDATED_AT) values (12,5,null,null,null,null,null);
Insert into FUNCIONALIDAD_ROL (FUNCIONALIDAD_ID,ROLE_ID,CREATED_USER,UPDATED_USER,DELETED_USER,CREATED_AT,UPDATED_AT) values (15,5,null,null,null,null,null);
Insert into FUNCIONALIDAD_ROL (FUNCIONALIDAD_ID,ROLE_ID,CREATED_USER,UPDATED_USER,DELETED_USER,CREATED_AT,UPDATED_AT) values (19,5,null,null,null,null,null);
Insert into FUNCIONALIDAD_ROL (FUNCIONALIDAD_ID,ROLE_ID,CREATED_USER,UPDATED_USER,DELETED_USER,CREATED_AT,UPDATED_AT) values (24,5,null,null,null,null,null);
Insert into FUNCIONALIDAD_ROL (FUNCIONALIDAD_ID,ROLE_ID,CREATED_USER,UPDATED_USER,DELETED_USER,CREATED_AT,UPDATED_AT) values (57,5,null,null,null,null,null);
Insert into FUNCIONALIDAD_ROL (FUNCIONALIDAD_ID,ROLE_ID,CREATED_USER,UPDATED_USER,DELETED_USER,CREATED_AT,UPDATED_AT) values (64,5,null,null,null,null,null);
Insert into FUNCIONALIDAD_ROL (FUNCIONALIDAD_ID,ROLE_ID,CREATED_USER,UPDATED_USER,DELETED_USER,CREATED_AT,UPDATED_AT) values (70,5,null,null,null,null,null);
Insert into FUNCIONALIDAD_ROL (FUNCIONALIDAD_ID,ROLE_ID,CREATED_USER,UPDATED_USER,DELETED_USER,CREATED_AT,UPDATED_AT) values (74,5,null,null,null,null,null);
Insert into FUNCIONALIDAD_ROL (FUNCIONALIDAD_ID,ROLE_ID,CREATED_USER,UPDATED_USER,DELETED_USER,CREATED_AT,UPDATED_AT) values (75,5,null,null,null,null,null);
Insert into FUNCIONALIDAD_ROL (FUNCIONALIDAD_ID,ROLE_ID,CREATED_USER,UPDATED_USER,DELETED_USER,CREATED_AT,UPDATED_AT) values (20,5,null,null,null,null,null);
Insert into FUNCIONALIDAD_ROL (FUNCIONALIDAD_ID,ROLE_ID,CREATED_USER,UPDATED_USER,DELETED_USER,CREATED_AT,UPDATED_AT) values (21,5,null,null,null,null,null);
Insert into FUNCIONALIDAD_ROL (FUNCIONALIDAD_ID,ROLE_ID,CREATED_USER,UPDATED_USER,DELETED_USER,CREATED_AT,UPDATED_AT) values (2,4,null,null,null,null,null);
Insert into FUNCIONALIDAD_ROL (FUNCIONALIDAD_ID,ROLE_ID,CREATED_USER,UPDATED_USER,DELETED_USER,CREATED_AT,UPDATED_AT) values (3,4,null,null,null,null,null);
Insert into FUNCIONALIDAD_ROL (FUNCIONALIDAD_ID,ROLE_ID,CREATED_USER,UPDATED_USER,DELETED_USER,CREATED_AT,UPDATED_AT) values (4,4,null,null,null,null,null);
Insert into FUNCIONALIDAD_ROL (FUNCIONALIDAD_ID,ROLE_ID,CREATED_USER,UPDATED_USER,DELETED_USER,CREATED_AT,UPDATED_AT) values (5,4,null,null,null,null,null);
Insert into FUNCIONALIDAD_ROL (FUNCIONALIDAD_ID,ROLE_ID,CREATED_USER,UPDATED_USER,DELETED_USER,CREATED_AT,UPDATED_AT) values (6,4,null,null,null,null,null);
Insert into FUNCIONALIDAD_ROL (FUNCIONALIDAD_ID,ROLE_ID,CREATED_USER,UPDATED_USER,DELETED_USER,CREATED_AT,UPDATED_AT) values (7,4,null,null,null,null,null);
Insert into FUNCIONALIDAD_ROL (FUNCIONALIDAD_ID,ROLE_ID,CREATED_USER,UPDATED_USER,DELETED_USER,CREATED_AT,UPDATED_AT) values (8,4,null,null,null,null,null);
Insert into FUNCIONALIDAD_ROL (FUNCIONALIDAD_ID,ROLE_ID,CREATED_USER,UPDATED_USER,DELETED_USER,CREATED_AT,UPDATED_AT) values (9,4,null,null,null,null,null);
Insert into FUNCIONALIDAD_ROL (FUNCIONALIDAD_ID,ROLE_ID,CREATED_USER,UPDATED_USER,DELETED_USER,CREATED_AT,UPDATED_AT) values (12,4,null,null,null,null,null);
Insert into FUNCIONALIDAD_ROL (FUNCIONALIDAD_ID,ROLE_ID,CREATED_USER,UPDATED_USER,DELETED_USER,CREATED_AT,UPDATED_AT) values (13,4,null,null,null,null,null);
Insert into FUNCIONALIDAD_ROL (FUNCIONALIDAD_ID,ROLE_ID,CREATED_USER,UPDATED_USER,DELETED_USER,CREATED_AT,UPDATED_AT) values (14,4,null,null,null,null,null);
Insert into FUNCIONALIDAD_ROL (FUNCIONALIDAD_ID,ROLE_ID,CREATED_USER,UPDATED_USER,DELETED_USER,CREATED_AT,UPDATED_AT) values (15,4,null,null,null,null,null);
Insert into FUNCIONALIDAD_ROL (FUNCIONALIDAD_ID,ROLE_ID,CREATED_USER,UPDATED_USER,DELETED_USER,CREATED_AT,UPDATED_AT) values (16,4,null,null,null,null,null);
Insert into FUNCIONALIDAD_ROL (FUNCIONALIDAD_ID,ROLE_ID,CREATED_USER,UPDATED_USER,DELETED_USER,CREATED_AT,UPDATED_AT) values (17,4,null,null,null,null,null);
Insert into FUNCIONALIDAD_ROL (FUNCIONALIDAD_ID,ROLE_ID,CREATED_USER,UPDATED_USER,DELETED_USER,CREATED_AT,UPDATED_AT) values (18,4,null,null,null,null,null);
Insert into FUNCIONALIDAD_ROL (FUNCIONALIDAD_ID,ROLE_ID,CREATED_USER,UPDATED_USER,DELETED_USER,CREATED_AT,UPDATED_AT) values (33,4,null,null,null,null,null);
Insert into FUNCIONALIDAD_ROL (FUNCIONALIDAD_ID,ROLE_ID,CREATED_USER,UPDATED_USER,DELETED_USER,CREATED_AT,UPDATED_AT) values (34,4,null,null,null,null,null);
Insert into FUNCIONALIDAD_ROL (FUNCIONALIDAD_ID,ROLE_ID,CREATED_USER,UPDATED_USER,DELETED_USER,CREATED_AT,UPDATED_AT) values (35,4,null,null,null,null,null);
Insert into FUNCIONALIDAD_ROL (FUNCIONALIDAD_ID,ROLE_ID,CREATED_USER,UPDATED_USER,DELETED_USER,CREATED_AT,UPDATED_AT) values (37,4,null,null,null,null,null);
Insert into FUNCIONALIDAD_ROL (FUNCIONALIDAD_ID,ROLE_ID,CREATED_USER,UPDATED_USER,DELETED_USER,CREATED_AT,UPDATED_AT) values (38,4,null,null,null,null,null);
Insert into FUNCIONALIDAD_ROL (FUNCIONALIDAD_ID,ROLE_ID,CREATED_USER,UPDATED_USER,DELETED_USER,CREATED_AT,UPDATED_AT) values (39,4,null,null,null,null,null);
Insert into FUNCIONALIDAD_ROL (FUNCIONALIDAD_ID,ROLE_ID,CREATED_USER,UPDATED_USER,DELETED_USER,CREATED_AT,UPDATED_AT) values (57,4,null,null,null,null,null);
Insert into FUNCIONALIDAD_ROL (FUNCIONALIDAD_ID,ROLE_ID,CREATED_USER,UPDATED_USER,DELETED_USER,CREATED_AT,UPDATED_AT) values (58,4,null,null,null,null,null);
COMMIT;

Insert into MAS_ORDEN_FUNCIONARIO (ID,ID_FUNCIONARIO,ORDEN,GRUPO,ESTADO,CREATED_USER,UPDATED_USER,DELETED_USER,CREATED_AT,UPDATED_AT,DELETED_AT,ID_EVALUACION,FUNCIONARIO_SIGUIENTE,ID_EXPEDIENTE,ID_SUB_EXPEDIENTE,ID_TERCER_EXPEDIENTE,UNICO_ROL) values (20,2,1,20,'1','ForsecurityDiscDnue','ForsecurityDiscDnue',null,null,null,null,2,21,3,1,null,'0');
Insert into MAS_ORDEN_FUNCIONARIO (ID,ID_FUNCIONARIO,ORDEN,GRUPO,ESTADO,CREATED_USER,UPDATED_USER,DELETED_USER,CREATED_AT,UPDATED_AT,DELETED_AT,ID_EVALUACION,FUNCIONARIO_SIGUIENTE,ID_EXPEDIENTE,ID_SUB_EXPEDIENTE,ID_TERCER_EXPEDIENTE,UNICO_ROL) values (21,5,2,20,'1','ForsecurityDiscDnue','ForsecurityDiscDnue',null,null,null,null,2,22,3,1,null,'0');
Insert into MAS_ORDEN_FUNCIONARIO (ID,ID_FUNCIONARIO,ORDEN,GRUPO,ESTADO,CREATED_USER,UPDATED_USER,DELETED_USER,CREATED_AT,UPDATED_AT,DELETED_AT,ID_EVALUACION,FUNCIONARIO_SIGUIENTE,ID_EXPEDIENTE,ID_SUB_EXPEDIENTE,ID_TERCER_EXPEDIENTE,UNICO_ROL) values (22,6,3,20,'1','ForsecurityDiscDnue','ForsecurityDiscDnue',null,null,null,null,2,0,3,1,null,'0');
Insert into MAS_ORDEN_FUNCIONARIO (ID,ID_FUNCIONARIO,ORDEN,GRUPO,ESTADO,CREATED_USER,UPDATED_USER,DELETED_USER,CREATED_AT,UPDATED_AT,DELETED_AT,ID_EVALUACION,FUNCIONARIO_SIGUIENTE,ID_EXPEDIENTE,ID_SUB_EXPEDIENTE,ID_TERCER_EXPEDIENTE,UNICO_ROL) values (23,2,1,23,'1','ForsecurityDiscDnue','ForsecurityDiscDnue',null,null,null,null,3,24,3,1,null,'0');
Insert into MAS_ORDEN_FUNCIONARIO (ID,ID_FUNCIONARIO,ORDEN,GRUPO,ESTADO,CREATED_USER,UPDATED_USER,DELETED_USER,CREATED_AT,UPDATED_AT,DELETED_AT,ID_EVALUACION,FUNCIONARIO_SIGUIENTE,ID_EXPEDIENTE,ID_SUB_EXPEDIENTE,ID_TERCER_EXPEDIENTE,UNICO_ROL) values (24,5,2,23,'1','ForsecurityDiscDnue','ForsecurityDiscDnue',null,null,null,null,3,25,3,1,null,'0');
Insert into MAS_ORDEN_FUNCIONARIO (ID,ID_FUNCIONARIO,ORDEN,GRUPO,ESTADO,CREATED_USER,UPDATED_USER,DELETED_USER,CREATED_AT,UPDATED_AT,DELETED_AT,ID_EVALUACION,FUNCIONARIO_SIGUIENTE,ID_EXPEDIENTE,ID_SUB_EXPEDIENTE,ID_TERCER_EXPEDIENTE,UNICO_ROL) values (25,6,3,23,'1','ForsecurityDiscDnue','ForsecurityDiscDnue',null,null,null,null,3,0,3,1,null,'0');
Insert into MAS_ORDEN_FUNCIONARIO (ID,ID_FUNCIONARIO,ORDEN,GRUPO,ESTADO,CREATED_USER,UPDATED_USER,DELETED_USER,CREATED_AT,UPDATED_AT,DELETED_AT,ID_EVALUACION,FUNCIONARIO_SIGUIENTE,ID_EXPEDIENTE,ID_SUB_EXPEDIENTE,ID_TERCER_EXPEDIENTE,UNICO_ROL) values (26,2,1,26,'1','ForsecurityDiscDnue','ForsecurityDiscDnue',null,null,null,null,4,27,3,1,null,'0');
Insert into MAS_ORDEN_FUNCIONARIO (ID,ID_FUNCIONARIO,ORDEN,GRUPO,ESTADO,CREATED_USER,UPDATED_USER,DELETED_USER,CREATED_AT,UPDATED_AT,DELETED_AT,ID_EVALUACION,FUNCIONARIO_SIGUIENTE,ID_EXPEDIENTE,ID_SUB_EXPEDIENTE,ID_TERCER_EXPEDIENTE,UNICO_ROL) values (27,5,2,26,'1','ForsecurityDiscDnue','ForsecurityDiscDnue',null,null,null,null,4,28,3,1,null,'0');
Insert into MAS_ORDEN_FUNCIONARIO (ID,ID_FUNCIONARIO,ORDEN,GRUPO,ESTADO,CREATED_USER,UPDATED_USER,DELETED_USER,CREATED_AT,UPDATED_AT,DELETED_AT,ID_EVALUACION,FUNCIONARIO_SIGUIENTE,ID_EXPEDIENTE,ID_SUB_EXPEDIENTE,ID_TERCER_EXPEDIENTE,UNICO_ROL) values (28,6,3,26,'1','ForsecurityDiscDnue','ForsecurityDiscDnue',null,null,null,null,4,0,3,1,null,'0');
Insert into MAS_ORDEN_FUNCIONARIO (ID,ID_FUNCIONARIO,ORDEN,GRUPO,ESTADO,CREATED_USER,UPDATED_USER,DELETED_USER,CREATED_AT,UPDATED_AT,DELETED_AT,ID_EVALUACION,FUNCIONARIO_SIGUIENTE,ID_EXPEDIENTE,ID_SUB_EXPEDIENTE,ID_TERCER_EXPEDIENTE,UNICO_ROL) values (29,2,1,29,'1','ForsecurityDiscDnue','ForsecurityDiscDnue',null,null,null,null,5,30,3,1,null,'0');
Insert into MAS_ORDEN_FUNCIONARIO (ID,ID_FUNCIONARIO,ORDEN,GRUPO,ESTADO,CREATED_USER,UPDATED_USER,DELETED_USER,CREATED_AT,UPDATED_AT,DELETED_AT,ID_EVALUACION,FUNCIONARIO_SIGUIENTE,ID_EXPEDIENTE,ID_SUB_EXPEDIENTE,ID_TERCER_EXPEDIENTE,UNICO_ROL) values (30,5,2,29,'1','ForsecurityDiscDnue','ForsecurityDiscDnue',null,null,null,null,5,31,3,1,null,'0');
Insert into MAS_ORDEN_FUNCIONARIO (ID,ID_FUNCIONARIO,ORDEN,GRUPO,ESTADO,CREATED_USER,UPDATED_USER,DELETED_USER,CREATED_AT,UPDATED_AT,DELETED_AT,ID_EVALUACION,FUNCIONARIO_SIGUIENTE,ID_EXPEDIENTE,ID_SUB_EXPEDIENTE,ID_TERCER_EXPEDIENTE,UNICO_ROL) values (31,6,3,29,'1','ForsecurityDiscDnue','ForsecurityDiscDnue',null,null,null,null,5,0,3,1,null,'0');
Insert into MAS_ORDEN_FUNCIONARIO (ID,ID_FUNCIONARIO,ORDEN,GRUPO,ESTADO,CREATED_USER,UPDATED_USER,DELETED_USER,CREATED_AT,UPDATED_AT,DELETED_AT,ID_EVALUACION,FUNCIONARIO_SIGUIENTE,ID_EXPEDIENTE,ID_SUB_EXPEDIENTE,ID_TERCER_EXPEDIENTE,UNICO_ROL) values (32,2,1,32,'1','ForsecurityDiscDnue','ForsecurityDiscDnue',null,null,null,null,6,33,2,null,null,'0');
Insert into MAS_ORDEN_FUNCIONARIO (ID,ID_FUNCIONARIO,ORDEN,GRUPO,ESTADO,CREATED_USER,UPDATED_USER,DELETED_USER,CREATED_AT,UPDATED_AT,DELETED_AT,ID_EVALUACION,FUNCIONARIO_SIGUIENTE,ID_EXPEDIENTE,ID_SUB_EXPEDIENTE,ID_TERCER_EXPEDIENTE,UNICO_ROL) values (33,5,2,32,'1','ForsecurityDiscDnue','ForsecurityDiscDnue',null,null,null,null,6,0,2,null,null,'0');
Insert into MAS_ORDEN_FUNCIONARIO (ID,ID_FUNCIONARIO,ORDEN,GRUPO,ESTADO,CREATED_USER,UPDATED_USER,DELETED_USER,CREATED_AT,UPDATED_AT,DELETED_AT,ID_EVALUACION,FUNCIONARIO_SIGUIENTE,ID_EXPEDIENTE,ID_SUB_EXPEDIENTE,ID_TERCER_EXPEDIENTE,UNICO_ROL) values (34,2,1,34,'1','ForsecurityDiscDnue','ForsecurityDiscDnue',null,null,null,null,6,35,2,null,null,'0');
Insert into MAS_ORDEN_FUNCIONARIO (ID,ID_FUNCIONARIO,ORDEN,GRUPO,ESTADO,CREATED_USER,UPDATED_USER,DELETED_USER,CREATED_AT,UPDATED_AT,DELETED_AT,ID_EVALUACION,FUNCIONARIO_SIGUIENTE,ID_EXPEDIENTE,ID_SUB_EXPEDIENTE,ID_TERCER_EXPEDIENTE,UNICO_ROL) values (35,5,2,34,'1','ForsecurityDiscDnue','ForsecurityDiscDnue',null,null,null,null,6,36,2,null,null,'0');
Insert into MAS_ORDEN_FUNCIONARIO (ID,ID_FUNCIONARIO,ORDEN,GRUPO,ESTADO,CREATED_USER,UPDATED_USER,DELETED_USER,CREATED_AT,UPDATED_AT,DELETED_AT,ID_EVALUACION,FUNCIONARIO_SIGUIENTE,ID_EXPEDIENTE,ID_SUB_EXPEDIENTE,ID_TERCER_EXPEDIENTE,UNICO_ROL) values (36,9,3,34,'1','ForsecurityDiscDnue','ForsecurityDiscDnue',null,null,null,null,6,0,2,null,null,'0');
Insert into MAS_ORDEN_FUNCIONARIO (ID,ID_FUNCIONARIO,ORDEN,GRUPO,ESTADO,CREATED_USER,UPDATED_USER,DELETED_USER,CREATED_AT,UPDATED_AT,DELETED_AT,ID_EVALUACION,FUNCIONARIO_SIGUIENTE,ID_EXPEDIENTE,ID_SUB_EXPEDIENTE,ID_TERCER_EXPEDIENTE,UNICO_ROL) values (1,2,1,1,'1','ForsecurityDiscDnue','ForsecurityDiscDnue',null,null,null,null,6,2,1,1,null,'0');
Insert into MAS_ORDEN_FUNCIONARIO (ID,ID_FUNCIONARIO,ORDEN,GRUPO,ESTADO,CREATED_USER,UPDATED_USER,DELETED_USER,CREATED_AT,UPDATED_AT,DELETED_AT,ID_EVALUACION,FUNCIONARIO_SIGUIENTE,ID_EXPEDIENTE,ID_SUB_EXPEDIENTE,ID_TERCER_EXPEDIENTE,UNICO_ROL) values (2,5,2,1,'1','ForsecurityDiscDnue','ForsecurityDiscDnue',null,null,null,null,6,3,1,1,null,'0');
Insert into MAS_ORDEN_FUNCIONARIO (ID,ID_FUNCIONARIO,ORDEN,GRUPO,ESTADO,CREATED_USER,UPDATED_USER,DELETED_USER,CREATED_AT,UPDATED_AT,DELETED_AT,ID_EVALUACION,FUNCIONARIO_SIGUIENTE,ID_EXPEDIENTE,ID_SUB_EXPEDIENTE,ID_TERCER_EXPEDIENTE,UNICO_ROL) values (3,6,3,1,'1','ForsecurityDiscDnue','ForsecurityDiscDnue',null,null,null,null,6,0,1,1,null,'0');
Insert into MAS_ORDEN_FUNCIONARIO (ID,ID_FUNCIONARIO,ORDEN,GRUPO,ESTADO,CREATED_USER,UPDATED_USER,DELETED_USER,CREATED_AT,UPDATED_AT,DELETED_AT,ID_EVALUACION,FUNCIONARIO_SIGUIENTE,ID_EXPEDIENTE,ID_SUB_EXPEDIENTE,ID_TERCER_EXPEDIENTE,UNICO_ROL) values (4,2,1,4,'1','ForsecurityDiscDnue','ForsecurityDiscDnue',null,null,null,null,6,5,1,2,null,'0');
Insert into MAS_ORDEN_FUNCIONARIO (ID,ID_FUNCIONARIO,ORDEN,GRUPO,ESTADO,CREATED_USER,UPDATED_USER,DELETED_USER,CREATED_AT,UPDATED_AT,DELETED_AT,ID_EVALUACION,FUNCIONARIO_SIGUIENTE,ID_EXPEDIENTE,ID_SUB_EXPEDIENTE,ID_TERCER_EXPEDIENTE,UNICO_ROL) values (5,5,2,4,'1','ForsecurityDiscDnue','ForsecurityDiscDnue',null,null,null,null,6,6,1,2,null,'0');
Insert into MAS_ORDEN_FUNCIONARIO (ID,ID_FUNCIONARIO,ORDEN,GRUPO,ESTADO,CREATED_USER,UPDATED_USER,DELETED_USER,CREATED_AT,UPDATED_AT,DELETED_AT,ID_EVALUACION,FUNCIONARIO_SIGUIENTE,ID_EXPEDIENTE,ID_SUB_EXPEDIENTE,ID_TERCER_EXPEDIENTE,UNICO_ROL) values (6,6,3,4,'1','ForsecurityDiscDnue','ForsecurityDiscDnue',null,null,null,null,6,0,1,2,null,'0');
Insert into MAS_ORDEN_FUNCIONARIO (ID,ID_FUNCIONARIO,ORDEN,GRUPO,ESTADO,CREATED_USER,UPDATED_USER,DELETED_USER,CREATED_AT,UPDATED_AT,DELETED_AT,ID_EVALUACION,FUNCIONARIO_SIGUIENTE,ID_EXPEDIENTE,ID_SUB_EXPEDIENTE,ID_TERCER_EXPEDIENTE,UNICO_ROL) values (7,2,1,7,'1','ForsecurityDiscDnue','ForsecurityDiscDnue',null,null,null,null,6,8,1,3,1,'0');
Insert into MAS_ORDEN_FUNCIONARIO (ID,ID_FUNCIONARIO,ORDEN,GRUPO,ESTADO,CREATED_USER,UPDATED_USER,DELETED_USER,CREATED_AT,UPDATED_AT,DELETED_AT,ID_EVALUACION,FUNCIONARIO_SIGUIENTE,ID_EXPEDIENTE,ID_SUB_EXPEDIENTE,ID_TERCER_EXPEDIENTE,UNICO_ROL) values (8,5,2,7,'1','ForsecurityDiscDnue','ForsecurityDiscDnue',null,null,null,null,6,9,1,3,1,'0');
Insert into MAS_ORDEN_FUNCIONARIO (ID,ID_FUNCIONARIO,ORDEN,GRUPO,ESTADO,CREATED_USER,UPDATED_USER,DELETED_USER,CREATED_AT,UPDATED_AT,DELETED_AT,ID_EVALUACION,FUNCIONARIO_SIGUIENTE,ID_EXPEDIENTE,ID_SUB_EXPEDIENTE,ID_TERCER_EXPEDIENTE,UNICO_ROL) values (9,7,3,7,'1','ForsecurityDiscDnue','ForsecurityDiscDnue',null,null,null,null,6,10,1,3,1,'0');
Insert into MAS_ORDEN_FUNCIONARIO (ID,ID_FUNCIONARIO,ORDEN,GRUPO,ESTADO,CREATED_USER,UPDATED_USER,DELETED_USER,CREATED_AT,UPDATED_AT,DELETED_AT,ID_EVALUACION,FUNCIONARIO_SIGUIENTE,ID_EXPEDIENTE,ID_SUB_EXPEDIENTE,ID_TERCER_EXPEDIENTE,UNICO_ROL) values (10,6,4,7,'1','ForsecurityDiscDnue','ForsecurityDiscDnue',null,null,null,null,6,0,1,3,1,'0');
Insert into MAS_ORDEN_FUNCIONARIO (ID,ID_FUNCIONARIO,ORDEN,GRUPO,ESTADO,CREATED_USER,UPDATED_USER,DELETED_USER,CREATED_AT,UPDATED_AT,DELETED_AT,ID_EVALUACION,FUNCIONARIO_SIGUIENTE,ID_EXPEDIENTE,ID_SUB_EXPEDIENTE,ID_TERCER_EXPEDIENTE,UNICO_ROL) values (11,2,1,11,'1','ForsecurityDiscDnue','ForsecurityDiscDnue',null,null,null,null,6,12,1,3,0,'0');
Insert into MAS_ORDEN_FUNCIONARIO (ID,ID_FUNCIONARIO,ORDEN,GRUPO,ESTADO,CREATED_USER,UPDATED_USER,DELETED_USER,CREATED_AT,UPDATED_AT,DELETED_AT,ID_EVALUACION,FUNCIONARIO_SIGUIENTE,ID_EXPEDIENTE,ID_SUB_EXPEDIENTE,ID_TERCER_EXPEDIENTE,UNICO_ROL) values (12,5,2,11,'1','ForsecurityDiscDnue','ForsecurityDiscDnue',null,null,null,null,6,13,1,3,0,'0');
Insert into MAS_ORDEN_FUNCIONARIO (ID,ID_FUNCIONARIO,ORDEN,GRUPO,ESTADO,CREATED_USER,UPDATED_USER,DELETED_USER,CREATED_AT,UPDATED_AT,DELETED_AT,ID_EVALUACION,FUNCIONARIO_SIGUIENTE,ID_EXPEDIENTE,ID_SUB_EXPEDIENTE,ID_TERCER_EXPEDIENTE,UNICO_ROL) values (13,6,3,11,'1','ForsecurityDiscDnue','ForsecurityDiscDnue',null,null,null,null,6,0,1,3,0,'0');
Insert into MAS_ORDEN_FUNCIONARIO (ID,ID_FUNCIONARIO,ORDEN,GRUPO,ESTADO,CREATED_USER,UPDATED_USER,DELETED_USER,CREATED_AT,UPDATED_AT,DELETED_AT,ID_EVALUACION,FUNCIONARIO_SIGUIENTE,ID_EXPEDIENTE,ID_SUB_EXPEDIENTE,ID_TERCER_EXPEDIENTE,UNICO_ROL) values (14,5,1,14,'1','ForsecurityDiscDnue','ForsecurityDiscDnue',null,null,null,null,6,15,4,null,null,'0');
Insert into MAS_ORDEN_FUNCIONARIO (ID,ID_FUNCIONARIO,ORDEN,GRUPO,ESTADO,CREATED_USER,UPDATED_USER,DELETED_USER,CREATED_AT,UPDATED_AT,DELETED_AT,ID_EVALUACION,FUNCIONARIO_SIGUIENTE,ID_EXPEDIENTE,ID_SUB_EXPEDIENTE,ID_TERCER_EXPEDIENTE,UNICO_ROL) values (15,7,2,14,'1','ForsecurityDiscDnue','ForsecurityDiscDnue',null,null,null,null,6,16,4,null,null,'0');
Insert into MAS_ORDEN_FUNCIONARIO (ID,ID_FUNCIONARIO,ORDEN,GRUPO,ESTADO,CREATED_USER,UPDATED_USER,DELETED_USER,CREATED_AT,UPDATED_AT,DELETED_AT,ID_EVALUACION,FUNCIONARIO_SIGUIENTE,ID_EXPEDIENTE,ID_SUB_EXPEDIENTE,ID_TERCER_EXPEDIENTE,UNICO_ROL) values (16,6,3,14,'1','ForsecurityDiscDnue','ForsecurityDiscDnue',null,null,null,null,6,0,4,null,null,'0');
Insert into MAS_ORDEN_FUNCIONARIO (ID,ID_FUNCIONARIO,ORDEN,GRUPO,ESTADO,CREATED_USER,UPDATED_USER,DELETED_USER,CREATED_AT,UPDATED_AT,DELETED_AT,ID_EVALUACION,FUNCIONARIO_SIGUIENTE,ID_EXPEDIENTE,ID_SUB_EXPEDIENTE,ID_TERCER_EXPEDIENTE,UNICO_ROL) values (17,2,1,17,'1','ForsecurityDiscDnue','ForsecurityDiscDnue',null,null,null,null,1,18,3,1,null,'0');
Insert into MAS_ORDEN_FUNCIONARIO (ID,ID_FUNCIONARIO,ORDEN,GRUPO,ESTADO,CREATED_USER,UPDATED_USER,DELETED_USER,CREATED_AT,UPDATED_AT,DELETED_AT,ID_EVALUACION,FUNCIONARIO_SIGUIENTE,ID_EXPEDIENTE,ID_SUB_EXPEDIENTE,ID_TERCER_EXPEDIENTE,UNICO_ROL) values (18,5,2,17,'1','ForsecurityDiscDnue','ForsecurityDiscDnue',null,null,null,null,1,19,3,1,null,'0');
Insert into MAS_ORDEN_FUNCIONARIO (ID,ID_FUNCIONARIO,ORDEN,GRUPO,ESTADO,CREATED_USER,UPDATED_USER,DELETED_USER,CREATED_AT,UPDATED_AT,DELETED_AT,ID_EVALUACION,FUNCIONARIO_SIGUIENTE,ID_EXPEDIENTE,ID_SUB_EXPEDIENTE,ID_TERCER_EXPEDIENTE,UNICO_ROL) values (19,6,3,17,'1','ForsecurityDiscDnue','ForsecurityDiscDnue',null,null,null,null,1,0,3,1,null,'0');
COMMIT;

INSERT INTO MAS_ESTADO_ACTUACIONES (NOMBRE, CODIGO, DESCRIPCION) values ('Actuación inactivada', 'ACTINACT', 'Actuación en estado inactiva');
COMMIT;


INSERT INTO MAS_PARAMETRO_CAMPOS (ID, NOMBRE_CAMPO, CREATED_USER, UPDATED_USER, CREATED_AT, UPDATED_AT, TYPE, VALUE, ESTADO, REFERENCIA_TABLA, REFERENCIA_COLUMNA, REFERENCIA_ULTIMO_DATO, PRINCIPAL, MOSTRAR_EN_TABLA, ORDEN, GRUPO_GENERAL) VALUES (1,'Radicado','ForsecurityDiscUno','ForsecurityDiscUno','29-MAY-23 09.27.04.000000000','08-AUG-23 11.14.23.000000000','radicado','',1,'proceso_disciplinario','radicado',0,0,0,1,'proceso_disciplinario');
INSERT INTO MAS_PARAMETRO_CAMPOS (ID, NOMBRE_CAMPO, CREATED_USER, UPDATED_USER, CREATED_AT, UPDATED_AT, TYPE, VALUE, ESTADO, REFERENCIA_TABLA, REFERENCIA_COLUMNA, REFERENCIA_ULTIMO_DATO, PRINCIPAL, MOSTRAR_EN_TABLA, ORDEN) VALUES (2,'Número de auto (generado despues de aprobación)','ForsecurityDiscUno','ForsecurityDiscUno','29-MAY-23 09.27.04.000000000','29-MAY-23 09.27.04.000000000','Número de auto (generado despues de aprobación)','${numero_de_auto}',1,'','',0,0,0,17);
INSERT INTO MAS_PARAMETRO_CAMPOS (ID, NOMBRE_CAMPO, CREATED_USER, UPDATED_USER, CREATED_AT, UPDATED_AT, TYPE, VALUE, ESTADO, REFERENCIA_TABLA, REFERENCIA_COLUMNA, REFERENCIA_ULTIMO_DATO, PRINCIPAL, MOSTRAR_EN_TABLA, ORDEN, GRUPO_GENERAL) VALUES (3,'Vigencia','ForsecurityDiscUno','ForsecurityDiscUno','29-MAY-23 09.27.04.000000000','08-AUG-23 11.14.23.000000000','vigencia','',1,'proceso_disciplinario','vigencia',0,0,0,2,'proceso_disciplinario');
INSERT INTO MAS_PARAMETRO_CAMPOS (ID, NOMBRE_CAMPO, CREATED_USER, UPDATED_USER, CREATED_AT, UPDATED_AT, TYPE, VALUE, ESTADO, REFERENCIA_TABLA, REFERENCIA_COLUMNA, REFERENCIA_ULTIMO_DATO, PRINCIPAL, MOSTRAR_EN_TABLA, ORDEN, GRUPO_GENERAL) VALUES (4,'Antecedentes','ForsecurityDiscUno','ForsecurityDiscUno','29-MAY-23 09.27.04.000000000','29-MAY-23 09.27.04.000000000','hechos','',1,'antecedente','descripcion',0,0,0,3,'antecedente');
INSERT INTO MAS_PARAMETRO_CAMPOS (ID, NOMBRE_CAMPO, CREATED_USER, UPDATED_USER, CREATED_AT, UPDATED_AT, TYPE, VALUE, ESTADO, REFERENCIA_TABLA, REFERENCIA_COLUMNA, REFERENCIA_ULTIMO_DATO, PRINCIPAL, MOSTRAR_EN_TABLA, ORDEN) VALUES (5,'Auto','ForsecurityDiscUno','ForsecurityDiscUno','29-MAY-23 09.27.04.000000000','29-MAY-23 09.27.04.000000000','Número de auto (generado despues de aprobación)','',1,'','',0,0,0,18);
INSERT INTO MAS_PARAMETRO_CAMPOS (ID, NOMBRE_CAMPO, CREATED_USER, UPDATED_USER, CREATED_AT, UPDATED_AT, TYPE, VALUE, ESTADO, REFERENCIA_TABLA, REFERENCIA_COLUMNA, REFERENCIA_ULTIMO_DATO, PRINCIPAL, REFERENCIA_TABLA_MAESTRA, REFERENCIA_COLUMNA_MAESTRA, REFERENCIA_COLUMNA_MAESTRA_CONSULTA, MOSTRAR_EN_TABLA, ORDEN, GRUPO_GENERAL) VALUES (6,'Delegada','ForsecurityDiscUno','ForsecurityDiscUno','29-MAY-23 09.27.04.000000000','29-MAY-23 09.27.04.000000000','delegada','',1,'proceso_disciplinario','id_dependencia_duena',0,0,'mas_dependencia_origen','id','nombre',0,4,'proceso_disciplinario');
INSERT INTO MAS_PARAMETRO_CAMPOS (ID, NOMBRE_CAMPO, CREATED_USER, UPDATED_USER, CREATED_AT, UPDATED_AT, TYPE, VALUE, ESTADO, REFERENCIA_TABLA, REFERENCIA_COLUMNA, REFERENCIA_ULTIMO_DATO, PRINCIPAL, MOSTRAR_EN_TABLA, ORDEN, GRUPO_GENERAL) VALUES (7,'Investigado  Nombre','ForsecurityDiscUno','ForsecurityDiscUno','29-MAY-23 09.27.04.000000000','29-MAY-23 09.27.04.000000000','investigado_nombre','',1,'entidad_investigado','nombre_investigado',0,1,1,5,'entidad_investigado');
INSERT INTO MAS_PARAMETRO_CAMPOS (ID, NOMBRE_CAMPO, CREATED_USER, UPDATED_USER, CREATED_AT, UPDATED_AT, TYPE, VALUE, ESTADO, REFERENCIA_TABLA, REFERENCIA_COLUMNA, REFERENCIA_ULTIMO_DATO, PRINCIPAL, REFERENCIA_TABLA_MAESTRA, REFERENCIA_COLUMNA_MAESTRA, REFERENCIA_COLUMNA_MAESTRA_CONSULTA, MOSTRAR_EN_TABLA, ORDEN, GRUPO_GENERAL) VALUES (8,'Investigado Entidad','ForsecurityDiscUno','ForsecurityDiscUno','29-MAY-23 09.27.04.000000000','29-MAY-23 09.27.04.000000000','investigado_entidad','',1,'entidad_investigado','id_entidad',0,0,'entidad','identidad','nombre',0,6,'entidad_investigado');
INSERT INTO MAS_PARAMETRO_CAMPOS (ID, NOMBRE_CAMPO, CREATED_USER, UPDATED_USER, CREATED_AT, UPDATED_AT, TYPE, VALUE, ESTADO, REFERENCIA_TABLA, REFERENCIA_COLUMNA, REFERENCIA_ULTIMO_DATO, PRINCIPAL, MOSTRAR_EN_TABLA, ORDEN, GRUPO_GENERAL) VALUES (9,'Investigado Cargo','ForsecurityDiscUno','ForsecurityDiscUno','29-MAY-23 09.27.04.000000000','29-MAY-23 09.27.04.000000000','investigado_cargo','',1,'entidad_investigado','cargo',0,0,0,7,'entidad_investigado');
INSERT INTO MAS_PARAMETRO_CAMPOS (ID, NOMBRE_CAMPO, CREATED_USER, UPDATED_USER, CREATED_AT, UPDATED_AT, TYPE, VALUE, ESTADO, REFERENCIA_TABLA, REFERENCIA_COLUMNA, REFERENCIA_ULTIMO_DATO, PRINCIPAL, MOSTRAR_EN_TABLA, ORDEN, GRUPO_GENERAL) VALUES (10,'Investigado Observaciones','ForsecurityDiscUno','ForsecurityDiscUno','29-MAY-23 09.27.04.000000000','29-MAY-23 09.27.04.000000000','investigado_observaciones','',1,'entidad_investigado','observaciones',0,0,0,8,'entidad_investigado');
INSERT INTO MAS_PARAMETRO_CAMPOS (ID, NOMBRE_CAMPO, CREATED_USER, UPDATED_USER, CREATED_AT, UPDATED_AT, TYPE, VALUE, ESTADO, REFERENCIA_TABLA, REFERENCIA_COLUMNA, REFERENCIA_ULTIMO_DATO, PRINCIPAL, MOSTRAR_EN_TABLA, ORDEN, GRUPO_GENERAL) VALUES (11,'Quejoso','ForsecurityDiscUno','ForsecurityDiscUno','29-MAY-23 09.27.04.000000000','29-MAY-23 09.27.04.000000000','interesado','',1,'interesado','primer_nombre,segundo_nombre,primer_apellido,segundo_apellido',0,1,1,9,'interesado');
INSERT INTO MAS_PARAMETRO_CAMPOS (ID, NOMBRE_CAMPO, CREATED_USER, UPDATED_USER, CREATED_AT, UPDATED_AT, TYPE, VALUE, ESTADO, REFERENCIA_TABLA, REFERENCIA_COLUMNA, REFERENCIA_ULTIMO_DATO, PRINCIPAL, REFERENCIA_TABLA_MAESTRA, REFERENCIA_COLUMNA_MAESTRA, REFERENCIA_COLUMNA_MAESTRA_CONSULTA, MOSTRAR_EN_TABLA, ORDEN, GRUPO_GENERAL) VALUES (12,'Tipo Sujeto Procesal','ForsecurityDiscUno','ForsecurityDiscUno','29-MAY-23 09.27.04.000000000','29-MAY-23 09.27.04.000000000','interesado_sujeto_procesal','',1,'interesado','id_tipo_sujeto_procesal',0,0,'mas_tipo_sujeto_procesal','id','nombre',0,10,'interesado');
INSERT INTO MAS_PARAMETRO_CAMPOS (ID, NOMBRE_CAMPO, CREATED_USER, UPDATED_USER, CREATED_AT, UPDATED_AT, TYPE, VALUE, ESTADO, REFERENCIA_TABLA, REFERENCIA_COLUMNA, REFERENCIA_ULTIMO_DATO, PRINCIPAL, MOSTRAR_EN_TABLA, ORDEN, GRUPO_GENERAL) VALUES (13,'Numero Documento','ForsecurityDiscUno','ForsecurityDiscUno','29-MAY-23 09.27.04.000000000','29-MAY-23 09.27.04.000000000','interesado_documento','',1,'interesado','numero_documento',0,0,0,11,'interesado');
INSERT INTO MAS_PARAMETRO_CAMPOS (ID, NOMBRE_CAMPO, CREATED_USER, UPDATED_USER, CREATED_AT, UPDATED_AT, TYPE, VALUE, ESTADO, REFERENCIA_TABLA, REFERENCIA_COLUMNA, REFERENCIA_ULTIMO_DATO, PRINCIPAL, MOSTRAR_EN_TABLA, ORDEN, GRUPO_GENERAL) VALUES (19,'Entidad','ForsecurityDiscUno','ForsecurityDiscUno','29-MAY-23 09.27.04.000000000','29-MAY-23 09.27.04.000000000','interesado_entidad','',1,'interesado','entidad',0,0,0,12,'interesado');
INSERT INTO MAS_PARAMETRO_CAMPOS (ID, NOMBRE_CAMPO, CREATED_USER, UPDATED_USER, CREATED_AT, UPDATED_AT, TYPE, VALUE, ESTADO, REFERENCIA_TABLA, REFERENCIA_COLUMNA, REFERENCIA_ULTIMO_DATO, PRINCIPAL, MOSTRAR_EN_TABLA, ORDEN, GRUPO_GENERAL) VALUES (20,'Cargo','ForsecurityDiscUno','ForsecurityDiscUno','29-MAY-23 09.27.04.000000000','29-MAY-23 09.27.04.000000000','interesado_cargo','',1,'interesado','cargo',0,0,0,13,'interesado');
INSERT INTO MAS_PARAMETRO_CAMPOS (ID, NOMBRE_CAMPO, CREATED_USER, UPDATED_USER, CREATED_AT, UPDATED_AT, TYPE, VALUE, ESTADO, REFERENCIA_TABLA, REFERENCIA_COLUMNA, REFERENCIA_ULTIMO_DATO, PRINCIPAL, REFERENCIA_TABLA_MAESTRA, REFERENCIA_COLUMNA_MAESTRA, REFERENCIA_COLUMNA_MAESTRA_CONSULTA, MOSTRAR_EN_TABLA, ORDEN, GRUPO_GENERAL) VALUES (14,'Departamento','ForsecurityDiscUno','ForsecurityDiscUno','29-MAY-23 09.27.04.000000000','29-MAY-23 09.27.04.000000000','interesado_departamento','',1,'interesado','id_ciudad',0,0,'mas_ciudad','id','nombre',0,14,'interesado');
INSERT INTO MAS_PARAMETRO_CAMPOS (ID, NOMBRE_CAMPO, CREATED_USER, UPDATED_USER, CREATED_AT, UPDATED_AT, TYPE, VALUE, ESTADO, REFERENCIA_TABLA, REFERENCIA_COLUMNA, REFERENCIA_ULTIMO_DATO, PRINCIPAL, REFERENCIA_TABLA_MAESTRA, REFERENCIA_COLUMNA_MAESTRA, REFERENCIA_COLUMNA_MAESTRA_CONSULTA, MOSTRAR_EN_TABLA, ORDEN, GRUPO_GENERAL) VALUES (15,'Ciudad','ForsecurityDiscUno','ForsecurityDiscUno','29-MAY-23 09.27.04.000000000','29-MAY-23 09.27.04.000000000','interesado_ciudad','',1,'interesado','id_departamento',0,0,'mas_departamento','id','nombre',0,15,'interesado');
INSERT INTO MAS_PARAMETRO_CAMPOS (ID, NOMBRE_CAMPO, CREATED_USER, UPDATED_USER, CREATED_AT, UPDATED_AT, TYPE, VALUE, ESTADO, REFERENCIA_TABLA, REFERENCIA_COLUMNA, REFERENCIA_ULTIMO_DATO, PRINCIPAL, MOSTRAR_EN_TABLA, ORDEN, GRUPO_GENERAL) VALUES (16,'Direccion','ForsecurityDiscUno','ForsecurityDiscUno','29-MAY-23 09.27.04.000000000','29-MAY-23 09.27.04.000000000','interesado_direccion','',1,'interesado','direccion',0,0,0,16,'interesado');
INSERT INTO MAS_PARAMETRO_CAMPOS (ID, NOMBRE_CAMPO, CREATED_USER, UPDATED_USER, CREATED_AT, UPDATED_AT, TYPE, VALUE, ESTADO, REFERENCIA_TABLA, REFERENCIA_COLUMNA, REFERENCIA_ULTIMO_DATO, PRINCIPAL, REFERENCIA_TABLA_MAESTRA, REFERENCIA_COLUMNA_MAESTRA, REFERENCIA_COLUMNA_MAESTRA_CONSULTA, MOSTRAR_EN_TABLA, ORDEN, GRUPO_GENERAL) VALUES (17,'Genero','ForsecurityDiscUno','ForsecurityDiscUno','29-MAY-23 09.27.04.000000000','29-MAY-23 09.27.04.000000000','interesado_genero','',1,'interesado','id_genero',0,0,'mas_genero','id','nombre',0,17,'interesado');
INSERT INTO MAS_PARAMETRO_CAMPOS (ID, NOMBRE_CAMPO, CREATED_USER, UPDATED_USER, CREATED_AT, UPDATED_AT, TYPE, VALUE, ESTADO, REFERENCIA_TABLA, REFERENCIA_COLUMNA, REFERENCIA_ULTIMO_DATO, PRINCIPAL, REFERENCIA_TABLA_MAESTRA, REFERENCIA_COLUMNA_MAESTRA, REFERENCIA_COLUMNA_MAESTRA_CONSULTA, MOSTRAR_EN_TABLA, ORDEN, GRUPO_GENERAL) VALUES (18,'Sexo','ForsecurityDiscUno','ForsecurityDiscUno','29-MAY-23 09.27.04.000000000','29-MAY-23 09.27.04.000000000','interesado_sexo','',1,'interesado','id_sexo',0,0,'mas_sexo','id','nombre',0,18,'interesado');
INSERT INTO MAS_PARAMETRO_CAMPOS (ID, NOMBRE_CAMPO, CREATED_USER, UPDATED_USER, CREATED_AT, UPDATED_AT, TYPE, VALUE, ESTADO, REFERENCIA_TABLA, REFERENCIA_COLUMNA, REFERENCIA_ULTIMO_DATO, PRINCIPAL, MOSTRAR_EN_TABLA, ORDEN, GRUPO_GENERAL) VALUES (21,'Quejoso Investigado','ForsecurityDiscUno','ForsecurityDiscUno','29-MAY-23 09.27.04.000000000','29-MAY-23 09.27.04.000000000','interesado2','',1,'interesado','primer_nombre,segundo_nombre,primer_apellido,segundo_apellido',0,1,1,19,'interesado2');
INSERT INTO MAS_PARAMETRO_CAMPOS (ID, NOMBRE_CAMPO, CREATED_USER, UPDATED_USER, CREATED_AT, UPDATED_AT, TYPE, VALUE, ESTADO, REFERENCIA_TABLA, REFERENCIA_COLUMNA, REFERENCIA_ULTIMO_DATO, PRINCIPAL, REFERENCIA_TABLA_MAESTRA, REFERENCIA_COLUMNA_MAESTRA, REFERENCIA_COLUMNA_MAESTRA_CONSULTA, MOSTRAR_EN_TABLA, ORDEN, GRUPO_GENERAL) VALUES (22,'Tipo Sujeto Procesal Investigado','ForsecurityDiscUno','ForsecurityDiscUno','29-MAY-23 09.27.04.000000000','29-MAY-23 09.27.04.000000000','interesado_sujeto_procesal2','',1,'interesado','id_tipo_sujeto_procesal',0,0,'mas_tipo_sujeto_procesal','id','nombre',0,20,'interesado2');
INSERT INTO MAS_PARAMETRO_CAMPOS (ID, NOMBRE_CAMPO, CREATED_USER, UPDATED_USER, CREATED_AT, UPDATED_AT, TYPE, VALUE, ESTADO, REFERENCIA_TABLA, REFERENCIA_COLUMNA, REFERENCIA_ULTIMO_DATO, PRINCIPAL, MOSTRAR_EN_TABLA, ORDEN, GRUPO_GENERAL) VALUES (23,'Numero Documento Investigado','ForsecurityDiscUno','ForsecurityDiscUno','29-MAY-23 09.27.04.000000000','29-MAY-23 09.27.04.000000000','interesado_documento2','',1,'interesado','numero_documento',0,0,0,21,'interesado2');
INSERT INTO MAS_PARAMETRO_CAMPOS (ID, NOMBRE_CAMPO, CREATED_USER, UPDATED_USER, CREATED_AT, UPDATED_AT, TYPE, VALUE, ESTADO, REFERENCIA_TABLA, REFERENCIA_COLUMNA, REFERENCIA_ULTIMO_DATO, PRINCIPAL, MOSTRAR_EN_TABLA, ORDEN, GRUPO_GENERAL) VALUES (24,'Entidad Investigado','ForsecurityDiscUno','ForsecurityDiscUno','29-MAY-23 09.27.04.000000000','29-MAY-23 09.27.04.000000000','interesado_entidad2','',1,'interesado','entidad',0,0,0,22,'interesado2');
INSERT INTO MAS_PARAMETRO_CAMPOS (ID, NOMBRE_CAMPO, CREATED_USER, UPDATED_USER, CREATED_AT, UPDATED_AT, TYPE, VALUE, ESTADO, REFERENCIA_TABLA, REFERENCIA_COLUMNA, REFERENCIA_ULTIMO_DATO, PRINCIPAL, MOSTRAR_EN_TABLA, ORDEN, GRUPO_GENERAL) VALUES (25,'Cargo Investigado','ForsecurityDiscUno','ForsecurityDiscUno','29-MAY-23 09.27.04.000000000','29-MAY-23 09.27.04.000000000','interesado_cargo2','',1,'interesado','cargo',0,0,0,23,'interesado2');
INSERT INTO MAS_PARAMETRO_CAMPOS (ID, NOMBRE_CAMPO, CREATED_USER, UPDATED_USER, CREATED_AT, UPDATED_AT, TYPE, VALUE, ESTADO, REFERENCIA_TABLA, REFERENCIA_COLUMNA, REFERENCIA_ULTIMO_DATO, PRINCIPAL, REFERENCIA_TABLA_MAESTRA, REFERENCIA_COLUMNA_MAESTRA, REFERENCIA_COLUMNA_MAESTRA_CONSULTA, MOSTRAR_EN_TABLA, ORDEN, GRUPO_GENERAL) VALUES (26,'Departamento Investigado','ForsecurityDiscUno','ForsecurityDiscUno','29-MAY-23 09.27.04.000000000','29-MAY-23 09.27.04.000000000','interesado_departamento2','',1,'interesado','id_ciudad',0,0,'mas_ciudad','id','nombre',0,24,'interesado2');
INSERT INTO MAS_PARAMETRO_CAMPOS (ID, NOMBRE_CAMPO, CREATED_USER, UPDATED_USER, CREATED_AT, UPDATED_AT, TYPE, VALUE, ESTADO, REFERENCIA_TABLA, REFERENCIA_COLUMNA, REFERENCIA_ULTIMO_DATO, PRINCIPAL, REFERENCIA_TABLA_MAESTRA, REFERENCIA_COLUMNA_MAESTRA, REFERENCIA_COLUMNA_MAESTRA_CONSULTA, MOSTRAR_EN_TABLA, ORDEN, GRUPO_GENERAL) VALUES (27,'Ciudad Investigado','ForsecurityDiscUno','ForsecurityDiscUno','29-MAY-23 09.27.04.000000000','29-MAY-23 09.27.04.000000000','interesado_ciudad2','',1,'interesado','id_departamento',0,0,'mas_departamento','id','nombre',0,25,'interesado2');
INSERT INTO MAS_PARAMETRO_CAMPOS (ID, NOMBRE_CAMPO, CREATED_USER, UPDATED_USER, CREATED_AT, UPDATED_AT, TYPE, VALUE, ESTADO, REFERENCIA_TABLA, REFERENCIA_COLUMNA, REFERENCIA_ULTIMO_DATO, PRINCIPAL, MOSTRAR_EN_TABLA, ORDEN, GRUPO_GENERAL) VALUES (28,'Direccion Investigado','ForsecurityDiscUno','ForsecurityDiscUno','29-MAY-23 09.27.04.000000000','29-MAY-23 09.27.04.000000000','interesado_direccion2','',1,'interesado','direccion',0,0,0,26,'interesado2');
COMMIT;
