--NUEVO USUARIO
INSERT INTO "USERS" (ID, NAME, EMAIL, NOMBRE, APELLIDO, PASSWORD) VALUES (2, 'ForsecurityDiscDos', 'ForsecurityDiscDos@perbogota.gov.co', 'Diego','Saavedra','$2y$10$lSX3bi92SUnN7dUeAN9.jefkmbRe0fzmBtscia0QoG34VVosQxn9C');
INSERT INTO USERS (ID, NAME, EMAIL, NOMBRE, APELLIDO, ID_DEPENDENCIA, ESTADO, REPARTO_HABILITADO) values (3,'ForsecurityDiscTre','ForsecurityDiscTre@personeriabogota.gov.co','Patricia','Correa', 310, '1','1');
INSERT INTO USERS (ID, NAME, EMAIL, NOMBRE, APELLIDO, ID_DEPENDENCIA, ESTADO, REPARTO_HABILITADO) values (4,'ForsecurityDiscCuat','ForsecurityDiscCuat@personeriabogota.gov.co','Sindy','Saavedra', 310, '1','1');
INSERT INTO USERS (ID, NAME, EMAIL, NOMBRE, APELLIDO, ID_DEPENDENCIA, ESTADO, REPARTO_HABILITADO) values (5,'ForsecurityDiscCinc','ForsecurityDiscCinc@personeriabogota.gov.co','Andrés','Otalora', 310, '1','1');
INSERT INTO USERS (ID, NAME, EMAIL, NOMBRE, APELLIDO, ID_DEPENDENCIA, ESTADO, REPARTO_HABILITADO) values (6,'ForsecurityDiscSeis','ForsecurityDiscSeis@personeriabogota.gov.co','Milena','Mateus', 310, '1','1');
INSERT INTO USERS (ID, NAME, EMAIL, NOMBRE, APELLIDO, ID_DEPENDENCIA, ESTADO, REPARTO_HABILITADO) values (7,'ForsecurityDiscSiet','ForsecurityDiscSiet@personeriabogota.gov.co','Sandra','Saavedra', 310, '1','1');
INSERT INTO USERS (ID, NAME, EMAIL, NOMBRE, APELLIDO, ID_DEPENDENCIA, ESTADO, REPARTO_HABILITADO) values (8,'ForsecurityDiscOch','ForsecurityDiscOch@personeriabogota.gov.co','Luz','Martin', 310, '1','1');
INSERT INTO USERS (ID, NAME, EMAIL, NOMBRE, APELLIDO, ID_DEPENDENCIA, ESTADO, REPARTO_HABILITADO) values (9,'ForsecurityDiscNue','ForsecurityDiscNue@personeriabogota.gov.co','Sebastian','Perez', 310, '1','1');
INSERT INTO USERS (ID, NAME, EMAIL, NOMBRE, APELLIDO, ID_DEPENDENCIA, ESTADO, REPARTO_HABILITADO) values (10,'ForsecurityDiscDiez','ForsecurityDiscDiez@personeriabogota.gov.co','Alejandro','Cortés', 310, '1','1');
INSERT INTO USERS (ID, NAME, EMAIL, NOMBRE, APELLIDO, ID_DEPENDENCIA, ESTADO, REPARTO_HABILITADO) values (11,'ForsecurityDiscOnce','ForsecurityDiscOnce@personeriabogota.gov.co','Juan','Castillo', 310, '1','1');
INSERT INTO USERS (ID, NAME, EMAIL, NOMBRE, APELLIDO, ID_DEPENDENCIA, ESTADO, REPARTO_HABILITADO) values (12,'ForsecurityDiscDoce','ForsecurityDiscDoce@personeriabogota.gov.co','Dayanni','Garzón', 310, '1','1');
INSERT INTO USERS (ID, NAME, EMAIL, NOMBRE, APELLIDO, ID_DEPENDENCIA, ESTADO, REPARTO_HABILITADO) values (13,'ForsecurityDiscTrec','ForsecurityDiscTrec@personeriabogota.gov.co','Nancy','Garcia', 310, '1','1');
INSERT INTO USERS (ID, NAME, EMAIL, NOMBRE, APELLIDO, ID_DEPENDENCIA, ESTADO, REPARTO_HABILITADO) values (14,'ForsecurityDiscCato','ForsecurityDiscCato@personeriabogota.gov.co','Johanna','Pachón', 310, '1','1');
INSERT INTO USERS (ID, NAME, EMAIL, NOMBRE, APELLIDO, ID_DEPENDENCIA, ESTADO, REPARTO_HABILITADO) values (15,'ForsecurityDiscQuin','ForsecurityDiscQuin@personeriabogota.gov.co','Diego','Lopez', 310, '1','1');
INSERT INTO USERS (ID, NAME, EMAIL, NOMBRE, APELLIDO, ID_DEPENDENCIA, ESTADO, REPARTO_HABILITADO) values (16,'ForsecurityDiscDsei','ForsecurityDiscDsei@personeriabogota.gov.co','Mario','Vargas', 310, '1','1');
INSERT INTO USERS (ID, NAME, EMAIL, NOMBRE, APELLIDO, ID_DEPENDENCIA, ESTADO, REPARTO_HABILITADO) values (17,'ForsecurityDiscDsie','ForsecurityDiscDsie@personeriabogota.gov.co','Juliana','Mejia', 310, '1','1');
INSERT INTO USERS (ID, NAME, EMAIL, NOMBRE, APELLIDO, ID_DEPENDENCIA, ESTADO, REPARTO_HABILITADO) values (18,'ForsecurityDiscDoch','ForsecurityDiscDoch@personeriabogota.gov.co','Julieth','Reginfo', 310, '1','1');
INSERT INTO USERS (ID, NAME, EMAIL, NOMBRE, APELLIDO, ID_DEPENDENCIA, ESTADO, REPARTO_HABILITADO) values (19,'ForsecurityDiscDnue','ForsecurityDiscDnue@personeriabogota.gov.co','Jorge','Mateus', 310, '1','1');
INSERT INTO USERS (ID, NAME, EMAIL, NOMBRE, APELLIDO, ID_DEPENDENCIA, ESTADO, REPARTO_HABILITADO) values (20,'ForsecurityDiscVein','ForsecurityDiscVein@personeriabogota.gov.co','Jairo','Pineda', 310, '1','1');


--ASIGNAMOS ROL AL NUEVO USUARIO
insert into users_roles (USER_ID,ROLE_ID) values(1,2);
insert into users_roles (USER_ID,ROLE_ID) values(2,2);
insert into users_roles (USER_ID,ROLE_ID) values(3,2);
insert into users_roles (USER_ID,ROLE_ID) values(4,2);
insert into users_roles (USER_ID,ROLE_ID) values(5,2);
insert into users_roles (USER_ID,ROLE_ID) values(6,2);
insert into users_roles (USER_ID,ROLE_ID) values(7,2);
insert into users_roles (USER_ID,ROLE_ID) values(8,2);
insert into users_roles (USER_ID,ROLE_ID) values(9,2);
insert into users_roles (USER_ID,ROLE_ID) values(10,2);
insert into users_roles (USER_ID,ROLE_ID) values(11,2);
insert into users_roles (USER_ID,ROLE_ID) values(12,2);
insert into users_roles (USER_ID,ROLE_ID) values(13,2);
insert into users_roles (USER_ID,ROLE_ID) values(14,2);
insert into users_roles (USER_ID,ROLE_ID) values(15,2);
insert into users_roles (USER_ID,ROLE_ID) values(16,2);
insert into users_roles (USER_ID,ROLE_ID) values(17,2);
insert into users_roles (USER_ID,ROLE_ID) values(18,2);
insert into users_roles (USER_ID,ROLE_ID) values(19,2);
insert into users_roles (USER_ID,ROLE_ID) values(20,2);


INSERT INTO "FUNCIONALIDAD_ROL" (FUNCIONALIDAD_ID, ROLE_ID) VALUES ('1', '2');
INSERT INTO "FUNCIONALIDAD_ROL" (FUNCIONALIDAD_ID, ROLE_ID) VALUES ('2', '2');
INSERT INTO "FUNCIONALIDAD_ROL" (FUNCIONALIDAD_ID, ROLE_ID) VALUES ('3', '2');
INSERT INTO "FUNCIONALIDAD_ROL" (FUNCIONALIDAD_ID, ROLE_ID) VALUES ('4', '2');
INSERT INTO "FUNCIONALIDAD_ROL" (FUNCIONALIDAD_ID, ROLE_ID) VALUES ('5', '2');
INSERT INTO "FUNCIONALIDAD_ROL" (FUNCIONALIDAD_ID, ROLE_ID) VALUES ('6', '2');
INSERT INTO "FUNCIONALIDAD_ROL" (FUNCIONALIDAD_ID, ROLE_ID) VALUES ('7', '2');
INSERT INTO "FUNCIONALIDAD_ROL" (FUNCIONALIDAD_ID, ROLE_ID) VALUES ('8', '2');
INSERT INTO "FUNCIONALIDAD_ROL" (FUNCIONALIDAD_ID, ROLE_ID) VALUES ('9', '2');
INSERT INTO "FUNCIONALIDAD_ROL" (FUNCIONALIDAD_ID, ROLE_ID) VALUES ('10', '2');
INSERT INTO "FUNCIONALIDAD_ROL" (FUNCIONALIDAD_ID, ROLE_ID) VALUES ('11', '2');
INSERT INTO "FUNCIONALIDAD_ROL" (FUNCIONALIDAD_ID, ROLE_ID) VALUES ('12', '2');
INSERT INTO "FUNCIONALIDAD_ROL" (FUNCIONALIDAD_ID, ROLE_ID) VALUES ('13', '2');
INSERT INTO "FUNCIONALIDAD_ROL" (FUNCIONALIDAD_ID, ROLE_ID) VALUES ('14', '2');
INSERT INTO "FUNCIONALIDAD_ROL" (FUNCIONALIDAD_ID, ROLE_ID) VALUES ('15', '2');
INSERT INTO "FUNCIONALIDAD_ROL" (FUNCIONALIDAD_ID, ROLE_ID) VALUES ('16', '2');
INSERT INTO "FUNCIONALIDAD_ROL" (FUNCIONALIDAD_ID, ROLE_ID) VALUES ('17', '2');
INSERT INTO "FUNCIONALIDAD_ROL" (FUNCIONALIDAD_ID, ROLE_ID) VALUES ('18', '2');
INSERT INTO "FUNCIONALIDAD_ROL" (FUNCIONALIDAD_ID, ROLE_ID) VALUES ('19', '2');
INSERT INTO "FUNCIONALIDAD_ROL" (FUNCIONALIDAD_ID, ROLE_ID) VALUES ('20', '2');
INSERT INTO "FUNCIONALIDAD_ROL" (FUNCIONALIDAD_ID, ROLE_ID) VALUES ('21', '2');
INSERT INTO "FUNCIONALIDAD_ROL" (FUNCIONALIDAD_ID, ROLE_ID) VALUES ('22', '2');
INSERT INTO "FUNCIONALIDAD_ROL" (FUNCIONALIDAD_ID, ROLE_ID) VALUES ('23', '2');
INSERT INTO "FUNCIONALIDAD_ROL" (FUNCIONALIDAD_ID, ROLE_ID) VALUES ('24', '2');
INSERT INTO "FUNCIONALIDAD_ROL" (FUNCIONALIDAD_ID, ROLE_ID) VALUES ('25', '2');
INSERT INTO "FUNCIONALIDAD_ROL" (FUNCIONALIDAD_ID, ROLE_ID) VALUES ('26', '2');
INSERT INTO "FUNCIONALIDAD_ROL" (FUNCIONALIDAD_ID, ROLE_ID) VALUES ('27', '2');
INSERT INTO "FUNCIONALIDAD_ROL" (FUNCIONALIDAD_ID, ROLE_ID) VALUES ('28', '2');
INSERT INTO "FUNCIONALIDAD_ROL" (FUNCIONALIDAD_ID, ROLE_ID) VALUES ('29', '2');
INSERT INTO "FUNCIONALIDAD_ROL" (FUNCIONALIDAD_ID, ROLE_ID) VALUES ('30', '2');
INSERT INTO "FUNCIONALIDAD_ROL" (FUNCIONALIDAD_ID, ROLE_ID) VALUES ('31', '2');
INSERT INTO "FUNCIONALIDAD_ROL" (FUNCIONALIDAD_ID, ROLE_ID) VALUES ('32', '2');
INSERT INTO "FUNCIONALIDAD_ROL" (FUNCIONALIDAD_ID, ROLE_ID) VALUES ('33', '2');
INSERT INTO "FUNCIONALIDAD_ROL" (FUNCIONALIDAD_ID, ROLE_ID) VALUES ('34', '2');
INSERT INTO "FUNCIONALIDAD_ROL" (FUNCIONALIDAD_ID, ROLE_ID) VALUES ('35', '2');
INSERT INTO "FUNCIONALIDAD_ROL" (FUNCIONALIDAD_ID, ROLE_ID) VALUES ('36', '2');
INSERT INTO "FUNCIONALIDAD_ROL" (FUNCIONALIDAD_ID, ROLE_ID) VALUES ('37', '2');
INSERT INTO "FUNCIONALIDAD_ROL" (FUNCIONALIDAD_ID, ROLE_ID) VALUES ('38', '2');
INSERT INTO "FUNCIONALIDAD_ROL" (FUNCIONALIDAD_ID, ROLE_ID) VALUES ('39', '2');
INSERT INTO "FUNCIONALIDAD_ROL" (FUNCIONALIDAD_ID, ROLE_ID) VALUES ('40', '2');
INSERT INTO "FUNCIONALIDAD_ROL" (FUNCIONALIDAD_ID, ROLE_ID) VALUES ('41', '2');
INSERT INTO "FUNCIONALIDAD_ROL" (FUNCIONALIDAD_ID, ROLE_ID) VALUES ('42', '2');
INSERT INTO "FUNCIONALIDAD_ROL" (FUNCIONALIDAD_ID, ROLE_ID) VALUES ('43', '2');
INSERT INTO "FUNCIONALIDAD_ROL" (FUNCIONALIDAD_ID, ROLE_ID) VALUES ('44', '2');
INSERT INTO "FUNCIONALIDAD_ROL" (FUNCIONALIDAD_ID, ROLE_ID) VALUES ('45', '2');
INSERT INTO "FUNCIONALIDAD_ROL" (FUNCIONALIDAD_ID, ROLE_ID) VALUES ('46', '2');
INSERT INTO "FUNCIONALIDAD_ROL" (FUNCIONALIDAD_ID, ROLE_ID) VALUES ('47', '2');
INSERT INTO "FUNCIONALIDAD_ROL" (FUNCIONALIDAD_ID, ROLE_ID) VALUES ('48', '2');
INSERT INTO "FUNCIONALIDAD_ROL" (FUNCIONALIDAD_ID, ROLE_ID) VALUES ('49', '2');
INSERT INTO "FUNCIONALIDAD_ROL" (FUNCIONALIDAD_ID, ROLE_ID) VALUES ('50', '2');
INSERT INTO "FUNCIONALIDAD_ROL" (FUNCIONALIDAD_ID, ROLE_ID) VALUES ('51', '2');
INSERT INTO "FUNCIONALIDAD_ROL" (FUNCIONALIDAD_ID, ROLE_ID) VALUES ('52', '2');
INSERT INTO "FUNCIONALIDAD_ROL" (FUNCIONALIDAD_ID, ROLE_ID) VALUES ('53', '2');
INSERT INTO "FUNCIONALIDAD_ROL" (FUNCIONALIDAD_ID, ROLE_ID) VALUES ('54', '2');
INSERT INTO "FUNCIONALIDAD_ROL" (FUNCIONALIDAD_ID, ROLE_ID) VALUES ('55', '2');
INSERT INTO "FUNCIONALIDAD_ROL" (FUNCIONALIDAD_ID, ROLE_ID) VALUES ('56', '2');
INSERT INTO "FUNCIONALIDAD_ROL" (FUNCIONALIDAD_ID, ROLE_ID) VALUES ('57', '2');
INSERT INTO "FUNCIONALIDAD_ROL" (FUNCIONALIDAD_ID, ROLE_ID) VALUES ('57', '2');
INSERT INTO "FUNCIONALIDAD_ROL" (FUNCIONALIDAD_ID, ROLE_ID) VALUES ('57', '2');
INSERT INTO "FUNCIONALIDAD_ROL" (FUNCIONALIDAD_ID, ROLE_ID) VALUES ('58', '2');
INSERT INTO "FUNCIONALIDAD_ROL" (FUNCIONALIDAD_ID, ROLE_ID) VALUES ('59', '2');
INSERT INTO "FUNCIONALIDAD_ROL" (FUNCIONALIDAD_ID, ROLE_ID) VALUES ('60', '2');

--DEPARTAMENTOS
UPDATE MAS_DEPARTAMENTO SET ESTADO = 1;
UPDATE MAS_CIUDAD SET ESTADO = 1;

--DEPENDENCIAS
--UPDATE MAS_DEPENDENCIA_ORIGEN SET ESTADO = 1;

alter sequence MAS_DEPENDENCIA_ORIGEN_ID_SEQ restart start with 411;

alter sequence MAS_TIPO_EXPEDIENTE_ID_SEQ restart start with 4;

alter sequence MAS_DIAS_NO_LABORALES_ID_SEQ restart start with 106;

alter sequence USERS_ID_SEQ restart start with 3;
